[1 - Suricata-Main] 2025-05-18 17:16:46 Notice: suricata: This is Suricata version 7.0.10 RELEASE running in SYSTEM mode
[1 - Suricata-Main] 2025-05-18 17:16:46 Info: cpu: CPUs/cores online: 5
[1 - Suricata-Main] 2025-05-18 17:16:46 Info: suricata: Setting engine mode to IDS mode by default
[1 - Suricata-Main] 2025-05-18 17:16:46 Info: exception-policy: master exception-policy set to: auto
[1 - Suricata-Main] 2025-05-18 17:16:46 Config: exception-policy: app-layer.error-policy: ignore (defined via 'exception-policy' master switch)
[1 - Suricata-Main] 2025-05-18 17:16:46 Config: app-layer-htp: 'default' server has 'request-body-minimal-inspect-size' set to 32716 and 'request-body-inspect-window' set to 4226 after randomization.
[1 - Suricata-Main] 2025-05-18 17:16:46 Config: app-layer-htp: 'default' server has 'response-body-minimal-inspect-size' set to 39812 and 'response-body-inspect-window' set to 16807 after randomization.
[1 - Suricata-Main] 2025-05-18 17:16:46 Config: smb: read: max record size: 16777216, max queued chunks 64, max queued size 67108864
[1 - Suricata-Main] 2025-05-18 17:16:46 Config: smb: write: max record size: 16777216, max queued chunks 64, max queued size 67108864
[1 - Suricata-Main] 2025-05-18 17:16:46 Config: app-layer-enip: Protocol detection and parser disabled for enip protocol.
[1 - Suricata-Main] 2025-05-18 17:16:46 Config: app-layer-dnp3: Protocol detection and parser disabled for DNP3.
[1 - Suricata-Main] 2025-05-18 17:16:46 Config: host: allocated 262144 bytes of memory for the host hash... 4096 buckets of size 64
[1 - Suricata-Main] 2025-05-18 17:16:46 Config: host: preallocated 1000 hosts of size 136
[1 - Suricata-Main] 2025-05-18 17:16:46 Config: host: host memory usage: 398144 bytes, maximum: 33554432
[1 - Suricata-Main] 2025-05-18 17:16:46 Config: coredump-config: Core dump size is unlimited.
[1 - Suricata-Main] 2025-05-18 17:16:46 Config: exception-policy: defrag.memcap-policy: ignore (defined via 'exception-policy' master switch)
[1 - Suricata-Main] 2025-05-18 17:16:46 Config: defrag-hash: allocated 3670016 bytes of memory for the defrag hash... 65536 buckets of size 56
[1 - Suricata-Main] 2025-05-18 17:16:46 Config: defrag-hash: preallocated 65535 defrag trackers of size 160
[1 - Suricata-Main] 2025-05-18 17:16:46 Config: defrag-hash: defrag memory usage: 14155616 bytes, maximum: 33554432
[1 - Suricata-Main] 2025-05-18 17:16:46 Config: exception-policy: flow.memcap-policy: ignore (defined via 'exception-policy' master switch)
[1 - Suricata-Main] 2025-05-18 17:16:46 Config: flow: flow size 304, memcap allows for 441505 flows. Per hash row in perfect conditions 6
[1 - Suricata-Main] 2025-05-18 17:16:46 Config: stream-tcp: stream "prealloc-sessions": 2048 (per thread)
[1 - Suricata-Main] 2025-05-18 17:16:46 Config: stream-tcp: stream "memcap": 67108864
[1 - Suricata-Main] 2025-05-18 17:16:46 Config: stream-tcp: stream "midstream" session pickups: disabled
[1 - Suricata-Main] 2025-05-18 17:16:46 Config: stream-tcp: stream "async-oneside": disabled
[1 - Suricata-Main] 2025-05-18 17:16:46 Config: stream-tcp: stream "checksum-validation": enabled
[1 - Suricata-Main] 2025-05-18 17:16:46 Config: exception-policy: stream.memcap-policy: ignore (defined via 'exception-policy' master switch)
[1 - Suricata-Main] 2025-05-18 17:16:46 Config: exception-policy: stream.reassembly.memcap-policy: ignore (defined via 'exception-policy' master switch)
[1 - Suricata-Main] 2025-05-18 17:16:46 Config: exception-policy: stream.midstream-policy: ignore (defined via 'exception-policy' master switch)
[1 - Suricata-Main] 2025-05-18 17:16:46 Config: stream-tcp: stream."inline": disabled
[1 - Suricata-Main] 2025-05-18 17:16:46 Config: stream-tcp: stream "bypass": disabled
[1 - Suricata-Main] 2025-05-18 17:16:46 Config: stream-tcp: stream.reassembly.urgent.policy": inline
[1 - Suricata-Main] 2025-05-18 17:16:46 Config: stream-tcp: stream "max-syn-queued": 10
[1 - Suricata-Main] 2025-05-18 17:16:46 Config: stream-tcp: stream "max-synack-queued": 5
[1 - Suricata-Main] 2025-05-18 17:16:46 Config: stream-tcp: stream.reassembly "memcap": 268435456
[1 - Suricata-Main] 2025-05-18 17:16:46 Config: stream-tcp: stream.reassembly "depth": 1048576
[1 - Suricata-Main] 2025-05-18 17:16:46 Config: stream-tcp: stream.reassembly "toserver-chunk-size": 2610
[1 - Suricata-Main] 2025-05-18 17:16:46 Config: stream-tcp: stream.reassembly "toclient-chunk-size": 2666
[1 - Suricata-Main] 2025-05-18 17:16:46 Config: stream-tcp: stream.reassembly.raw: enabled
[1 - Suricata-Main] 2025-05-18 17:16:46 Config: stream-tcp: stream.liberal-timestamps: disabled
[1 - Suricata-Main] 2025-05-18 17:16:46 Config: stream-tcp-reassemble: stream.reassembly "segment-prealloc": 2048
[1 - Suricata-Main] 2025-05-18 17:16:46 Config: stream-tcp-reassemble: stream.reassembly "max-regions": 8
[1 - Suricata-Main] 2025-05-18 17:16:46 Info: conf: Running in live mode, activating unix socket
[1 - Suricata-Main] 2025-05-18 17:16:46 Info: logopenfile: fast output device (regular) initialized: fast.log
[1 - Suricata-Main] 2025-05-18 17:16:46 Info: logopenfile: eve-log output device (regular) initialized: eve.json
[1 - Suricata-Main] 2025-05-18 17:16:46 Config: runmodes: enabling 'eve-log' module 'alert'
[1 - Suricata-Main] 2025-05-18 17:16:46 Config: runmodes: enabling 'eve-log' module 'frame'
[1 - Suricata-Main] 2025-05-18 17:16:46 Config: runmodes: enabling 'eve-log' module 'anomaly'
[1 - Suricata-Main] 2025-05-18 17:16:46 Config: runmodes: enabling 'eve-log' module 'http'
[1 - Suricata-Main] 2025-05-18 17:16:46 Config: runmodes: enabling 'eve-log' module 'dns'
[1 - Suricata-Main] 2025-05-18 17:16:46 Config: runmodes: enabling 'eve-log' module 'tls'
[1 - Suricata-Main] 2025-05-18 17:16:46 Config: runmodes: enabling 'eve-log' module 'files'
[1 - Suricata-Main] 2025-05-18 17:16:46 Config: runmodes: enabling 'eve-log' module 'smtp'
[1 - Suricata-Main] 2025-05-18 17:16:46 Config: runmodes: enabling 'eve-log' module 'ftp'
[1 - Suricata-Main] 2025-05-18 17:16:46 Config: runmodes: enabling 'eve-log' module 'rdp'
[1 - Suricata-Main] 2025-05-18 17:16:46 Config: runmodes: enabling 'eve-log' module 'nfs'
[1 - Suricata-Main] 2025-05-18 17:16:46 Config: runmodes: enabling 'eve-log' module 'smb'
[1 - Suricata-Main] 2025-05-18 17:16:46 Config: runmodes: enabling 'eve-log' module 'tftp'
[1 - Suricata-Main] 2025-05-18 17:16:46 Config: runmodes: enabling 'eve-log' module 'ike'
[1 - Suricata-Main] 2025-05-18 17:16:46 Config: runmodes: enabling 'eve-log' module 'dcerpc'
[1 - Suricata-Main] 2025-05-18 17:16:46 Config: runmodes: enabling 'eve-log' module 'krb5'
[1 - Suricata-Main] 2025-05-18 17:16:46 Config: runmodes: enabling 'eve-log' module 'bittorrent-dht'
[1 - Suricata-Main] 2025-05-18 17:16:46 Config: runmodes: enabling 'eve-log' module 'snmp'
[1 - Suricata-Main] 2025-05-18 17:16:46 Config: runmodes: enabling 'eve-log' module 'rfb'
[1 - Suricata-Main] 2025-05-18 17:16:46 Config: runmodes: enabling 'eve-log' module 'sip'
[1 - Suricata-Main] 2025-05-18 17:16:46 Config: runmodes: enabling 'eve-log' module 'quic'
[1 - Suricata-Main] 2025-05-18 17:16:46 Config: runmodes: enabling 'eve-log' module 'dhcp'
[1 - Suricata-Main] 2025-05-18 17:16:46 Config: runmodes: enabling 'eve-log' module 'ssh'
[1 - Suricata-Main] 2025-05-18 17:16:46 Config: runmodes: enabling 'eve-log' module 'mqtt'
[1 - Suricata-Main] 2025-05-18 17:16:46 Config: runmodes: enabling 'eve-log' module 'http2'
[1 - Suricata-Main] 2025-05-18 17:16:46 Config: runmodes: enabling 'eve-log' module 'pgsql'
[1 - Suricata-Main] 2025-05-18 17:16:46 Config: runmodes: enabling 'eve-log' module 'stats'
[1 - Suricata-Main] 2025-05-18 17:16:46 Config: runmodes: enabling 'eve-log' module 'flow'
[1 - Suricata-Main] 2025-05-18 17:16:46 Info: logopenfile: stats output device (regular) initialized: stats.log
[1 - Suricata-Main] 2025-05-18 17:16:46 Config: landlock: Landlock is not enabled in configuration
[1 - Suricata-Main] 2025-05-18 17:16:46 Config: suricata: Delayed detect disabled
[1 - Suricata-Main] 2025-05-18 17:16:46 Config: detect: pattern matchers: MPM: ac, SPM: bm
[1 - Suricata-Main] 2025-05-18 17:16:46 Config: detect: grouping: tcp-whitelist (default) 53, 80, 139, 443, 445, 1433, 3306, 3389, 6666, 6667, 8080
[1 - Suricata-Main] 2025-05-18 17:16:46 Config: detect: grouping: udp-whitelist (default) 53, 135, 5060
[1 - Suricata-Main] 2025-05-18 17:16:46 Config: detect: prefilter engines: MPM
[1 - Suricata-Main] 2025-05-18 17:16:46 Config: reputation: IP reputation disabled
[1 - Suricata-Main] 2025-05-18 17:16:46 Config: detect: Loading rule file: /var/lib/suricata/rules/suricata.rules
[1 - Suricata-Main] 2025-05-18 17:16:48 Info: detect-fast-pattern: fast_pattern is ineffective with base64_data
[1 - Suricata-Main] 2025-05-18 17:16:48 Info: detect-fast-pattern: fast_pattern is ineffective with base64_data
[1 - Suricata-Main] 2025-05-18 17:16:48 Info: detect: 1 rule files processed. 42614 rules successfully loaded, 0 rules failed, 0
[1 - Suricata-Main] 2025-05-18 17:16:48 Info: threshold-config: Threshold config parsed: 0 rule(s) found
[1 - Suricata-Main] 2025-05-18 17:16:48 Info: detect: 42617 signatures processed. 1270 are IP-only rules, 4333 are inspecting packet payload, 36797 inspect application layer, 109 are decoder event only
[1 - Suricata-Main] 2025-05-18 17:16:48 Config: detect: building signature grouping structure, stage 1: preprocessing rules... complete
[1 - Suricata-Main] 2025-05-18 17:16:48 Perf: detect: TCP toserver: 41 port groups, 40 unique SGH's, 1 copies
[1 - Suricata-Main] 2025-05-18 17:16:48 Perf: detect: TCP toclient: 21 port groups, 21 unique SGH's, 0 copies
[1 - Suricata-Main] 2025-05-18 17:16:48 Perf: detect: UDP toserver: 41 port groups, 40 unique SGH's, 1 copies
[1 - Suricata-Main] 2025-05-18 17:16:48 Perf: detect: UDP toclient: 21 port groups, 17 unique SGH's, 4 copies
[1 - Suricata-Main] 2025-05-18 17:16:48 Perf: detect: OTHER toserver: 254 proto groups, 4 unique SGH's, 250 copies
[1 - Suricata-Main] 2025-05-18 17:16:48 Perf: detect: OTHER toclient: 254 proto groups, 0 unique SGH's, 254 copies
[1 - Suricata-Main] 2025-05-18 17:16:48 Perf: detect: Unique rule groups: 122
[1 - Suricata-Main] 2025-05-18 17:16:48 Perf: detect: Builtin MPM "toserver TCP packet": 31
[1 - Suricata-Main] 2025-05-18 17:16:48 Perf: detect: Builtin MPM "toclient TCP packet": 20
[1 - Suricata-Main] 2025-05-18 17:16:48 Perf: detect: Builtin MPM "toserver TCP stream": 34
[1 - Suricata-Main] 2025-05-18 17:16:48 Perf: detect: Builtin MPM "toclient TCP stream": 19
[1 - Suricata-Main] 2025-05-18 17:16:48 Perf: detect: Builtin MPM "toserver UDP packet": 40
[1 - Suricata-Main] 2025-05-18 17:16:48 Perf: detect: Builtin MPM "toclient UDP packet": 17
[1 - Suricata-Main] 2025-05-18 17:16:48 Perf: detect: Builtin MPM "other IP packet": 3
[1 - Suricata-Main] 2025-05-18 17:16:48 Perf: detect: AppLayer MPM "toserver http_uri (http)": 16
[1 - Suricata-Main] 2025-05-18 17:16:48 Perf: detect: AppLayer MPM "toserver http_uri (http2)": 16
[1 - Suricata-Main] 2025-05-18 17:16:48 Perf: detect: AppLayer MPM "toserver http_raw_uri (http)": 2
[1 - Suricata-Main] 2025-05-18 17:16:48 Perf: detect: AppLayer MPM "toserver http_raw_uri (http)": 2
[1 - Suricata-Main] 2025-05-18 17:16:48 Perf: detect: AppLayer MPM "toserver http_raw_uri (http2)": 2
[1 - Suricata-Main] 2025-05-18 17:16:48 Perf: detect: AppLayer MPM "toserver http_raw_uri (http2)": 2
[1 - Suricata-Main] 2025-05-18 17:16:48 Perf: detect: AppLayer MPM "toserver http_request_line (http)": 8
[1 - Suricata-Main] 2025-05-18 17:16:48 Perf: detect: AppLayer MPM "toserver http_request_line (http2)": 8
[1 - Suricata-Main] 2025-05-18 17:16:48 Perf: detect: AppLayer MPM "toserver http_client_body (http)": 14
[1 - Suricata-Main] 2025-05-18 17:16:48 Perf: detect: AppLayer MPM "toserver http_client_body (http)": 2
[1 - Suricata-Main] 2025-05-18 17:16:48 Perf: detect: AppLayer MPM "toserver http_client_body (http2)": 14
[1 - Suricata-Main] 2025-05-18 17:16:48 Perf: detect: AppLayer MPM "toserver http_client_body (http2)": 2
[1 - Suricata-Main] 2025-05-18 17:16:48 Perf: detect: AppLayer MPM "toclient http_response_line (http)": 2
[1 - Suricata-Main] 2025-05-18 17:16:48 Perf: detect: AppLayer MPM "toclient http_response_line (http2)": 2
[1 - Suricata-Main] 2025-05-18 17:16:48 Perf: detect: AppLayer MPM "toserver http_header (http)": 10
[1 - Suricata-Main] 2025-05-18 17:16:48 Perf: detect: AppLayer MPM "toserver http_header (http)": 1
[1 - Suricata-Main] 2025-05-18 17:16:48 Perf: detect: AppLayer MPM "toserver http_header (http)": 4
[1 - Suricata-Main] 2025-05-18 17:16:48 Perf: detect: AppLayer MPM "toserver http_header (http)": 4
[1 - Suricata-Main] 2025-05-18 17:16:48 Perf: detect: AppLayer MPM "toserver http_header (http)": 10
[1 - Suricata-Main] 2025-05-18 17:16:48 Perf: detect: AppLayer MPM "toclient http_header (http)": 10
[1 - Suricata-Main] 2025-05-18 17:16:48 Perf: detect: AppLayer MPM "toclient http_header (http)": 1
[1 - Suricata-Main] 2025-05-18 17:16:48 Perf: detect: AppLayer MPM "toclient http_header (http)": 4
[1 - Suricata-Main] 2025-05-18 17:16:48 Perf: detect: AppLayer MPM "toclient http_header (http)": 4
[1 - Suricata-Main] 2025-05-18 17:16:48 Perf: detect: AppLayer MPM "toclient http_header (http)": 10
[1 - Suricata-Main] 2025-05-18 17:16:48 Perf: detect: AppLayer MPM "toserver http_header (http2)": 10
[1 - Suricata-Main] 2025-05-18 17:16:48 Perf: detect: AppLayer MPM "toserver http_header (http2)": 1
[1 - Suricata-Main] 2025-05-18 17:16:48 Perf: detect: AppLayer MPM "toserver http_header (http2)": 4
[1 - Suricata-Main] 2025-05-18 17:16:48 Perf: detect: AppLayer MPM "toserver http_header (http2)": 4
[1 - Suricata-Main] 2025-05-18 17:16:48 Perf: detect: AppLayer MPM "toserver http_header (http2)": 10
[1 - Suricata-Main] 2025-05-18 17:16:48 Perf: detect: AppLayer MPM "toclient http_header (http2)": 10
[1 - Suricata-Main] 2025-05-18 17:16:48 Perf: detect: AppLayer MPM "toclient http_header (http2)": 1
[1 - Suricata-Main] 2025-05-18 17:16:48 Perf: detect: AppLayer MPM "toclient http_header (http2)": 4
[1 - Suricata-Main] 2025-05-18 17:16:48 Perf: detect: AppLayer MPM "toclient http_header (http2)": 4
[1 - Suricata-Main] 2025-05-18 17:16:48 Perf: detect: AppLayer MPM "toclient http_header (http2)": 10
[1 - Suricata-Main] 2025-05-18 17:16:48 Perf: detect: AppLayer MPM "toserver http_request_header (http2)": 2
[1 - Suricata-Main] 2025-05-18 17:16:48 Perf: detect: AppLayer MPM "toserver http_request_header (http2)": 4
[1 - Suricata-Main] 2025-05-18 17:16:48 Perf: detect: AppLayer MPM "toserver http_request_header (http)": 2
[1 - Suricata-Main] 2025-05-18 17:16:48 Perf: detect: AppLayer MPM "toserver http_request_header (http)": 4
[1 - Suricata-Main] 2025-05-18 17:16:48 Perf: detect: AppLayer MPM "toclient http_response_header (http2)": 2
[1 - Suricata-Main] 2025-05-18 17:16:48 Perf: detect: AppLayer MPM "toclient http_response_header (http2)": 2
[1 - Suricata-Main] 2025-05-18 17:16:48 Perf: detect: AppLayer MPM "toclient http_response_header (http2)": 2
[1 - Suricata-Main] 2025-05-18 17:16:48 Perf: detect: AppLayer MPM "toclient http_response_header (http2)": 2
[1 - Suricata-Main] 2025-05-18 17:16:48 Perf: detect: AppLayer MPM "toclient http_response_header (http)": 2
[1 - Suricata-Main] 2025-05-18 17:16:48 Perf: detect: AppLayer MPM "toclient http_response_header (http)": 2
[1 - Suricata-Main] 2025-05-18 17:16:48 Perf: detect: AppLayer MPM "toclient http_response_header (http)": 2
[1 - Suricata-Main] 2025-05-18 17:16:48 Perf: detect: AppLayer MPM "toclient http_response_header (http)": 2
[1 - Suricata-Main] 2025-05-18 17:16:48 Perf: detect: AppLayer MPM "toserver http_header_names (http)": 11
[1 - Suricata-Main] 2025-05-18 17:16:48 Perf: detect: AppLayer MPM "toserver http_header_names (http)": 1
[1 - Suricata-Main] 2025-05-18 17:16:48 Perf: detect: AppLayer MPM "toserver http_header_names (http)": 2
[1 - Suricata-Main] 2025-05-18 17:16:48 Perf: detect: AppLayer MPM "toserver http_header_names (http)": 4
[1 - Suricata-Main] 2025-05-18 17:16:48 Perf: detect: AppLayer MPM "toserver http_header_names (http)": 8
[1 - Suricata-Main] 2025-05-18 17:16:48 Perf: detect: AppLayer MPM "toclient http_header_names (http)": 11
[1 - Suricata-Main] 2025-05-18 17:16:48 Perf: detect: AppLayer MPM "toclient http_header_names (http)": 1
[1 - Suricata-Main] 2025-05-18 17:16:48 Perf: detect: AppLayer MPM "toclient http_header_names (http)": 2
[1 - Suricata-Main] 2025-05-18 17:16:48 Perf: detect: AppLayer MPM "toclient http_header_names (http)": 4
[1 - Suricata-Main] 2025-05-18 17:16:48 Perf: detect: AppLayer MPM "toclient http_header_names (http)": 8
[1 - Suricata-Main] 2025-05-18 17:16:48 Perf: detect: AppLayer MPM "toserver http_header_names (http2)": 11
[1 - Suricata-Main] 2025-05-18 17:16:48 Perf: detect: AppLayer MPM "toserver http_header_names (http2)": 1
[1 - Suricata-Main] 2025-05-18 17:16:48 Perf: detect: AppLayer MPM "toserver http_header_names (http2)": 2
[1 - Suricata-Main] 2025-05-18 17:16:48 Perf: detect: AppLayer MPM "toserver http_header_names (http2)": 4
[1 - Suricata-Main] 2025-05-18 17:16:48 Perf: detect: AppLayer MPM "toserver http_header_names (http2)": 8
[1 - Suricata-Main] 2025-05-18 17:16:48 Perf: detect: AppLayer MPM "toclient http_header_names (http2)": 11
[1 - Suricata-Main] 2025-05-18 17:16:48 Perf: detect: AppLayer MPM "toclient http_header_names (http2)": 1
[1 - Suricata-Main] 2025-05-18 17:16:48 Perf: detect: AppLayer MPM "toclient http_header_names (http2)": 2
[1 - Suricata-Main] 2025-05-18 17:16:48 Perf: detect: AppLayer MPM "toclient http_header_names (http2)": 4
[1 - Suricata-Main] 2025-05-18 17:16:48 Perf: detect: AppLayer MPM "toclient http_header_names (http2)": 8
[1 - Suricata-Main] 2025-05-18 17:16:48 Perf: detect: AppLayer MPM "toserver http_accept (http)": 8
[1 - Suricata-Main] 2025-05-18 17:16:48 Perf: detect: AppLayer MPM "toserver http_accept (http2)": 8
[1 - Suricata-Main] 2025-05-18 17:16:48 Perf: detect: AppLayer MPM "toserver http_accept_enc (http)": 2
[1 - Suricata-Main] 2025-05-18 17:16:48 Perf: detect: AppLayer MPM "toserver http_accept_enc (http2)": 2
[1 - Suricata-Main] 2025-05-18 17:16:48 Perf: detect: AppLayer MPM "toserver http_accept_lang (http)": 2
[1 - Suricata-Main] 2025-05-18 17:16:48 Perf: detect: AppLayer MPM "toserver http_accept_lang (http2)": 2
[1 - Suricata-Main] 2025-05-18 17:16:48 Perf: detect: AppLayer MPM "toserver http_referer (http)": 2
[1 - Suricata-Main] 2025-05-18 17:16:48 Perf: detect: AppLayer MPM "toserver http_referer (http2)": 2
[1 - Suricata-Main] 2025-05-18 17:16:48 Perf: detect: AppLayer MPM "toserver http_connection (http)": 2
[1 - Suricata-Main] 2025-05-18 17:16:48 Perf: detect: AppLayer MPM "toserver http_connection (http2)": 2
[1 - Suricata-Main] 2025-05-18 17:16:48 Perf: detect: AppLayer MPM "toclient http_connection (http)": 2
[1 - Suricata-Main] 2025-05-18 17:16:48 Perf: detect: AppLayer MPM "toclient http_connection (http2)": 2
[1 - Suricata-Main] 2025-05-18 17:16:48 Perf: detect: AppLayer MPM "toserver http_content_len (http)": 4
[1 - Suricata-Main] 2025-05-18 17:16:48 Perf: detect: AppLayer MPM "toserver http_content_len (http2)": 4
[1 - Suricata-Main] 2025-05-18 17:16:48 Perf: detect: AppLayer MPM "toclient http_content_len (http)": 4
[1 - Suricata-Main] 2025-05-18 17:16:48 Perf: detect: AppLayer MPM "toclient http_content_len (http2)": 4
[1 - Suricata-Main] 2025-05-18 17:16:48 Perf: detect: AppLayer MPM "toserver http_content_type (http)": 4
[1 - Suricata-Main] 2025-05-18 17:16:48 Perf: detect: AppLayer MPM "toserver http_content_type (http2)": 4
[1 - Suricata-Main] 2025-05-18 17:16:48 Perf: detect: AppLayer MPM "toclient http_content_type (http)": 4
[1 - Suricata-Main] 2025-05-18 17:16:48 Perf: detect: AppLayer MPM "toclient http_content_type (http2)": 4
[1 - Suricata-Main] 2025-05-18 17:16:48 Perf: detect: AppLayer MPM "toclient http.server (http)": 4
[1 - Suricata-Main] 2025-05-18 17:16:48 Perf: detect: AppLayer MPM "toclient http.server (http2)": 4
[1 - Suricata-Main] 2025-05-18 17:16:48 Perf: detect: AppLayer MPM "toclient http.location (http)": 2
[1 - Suricata-Main] 2025-05-18 17:16:48 Perf: detect: AppLayer MPM "toclient http.location (http2)": 2
[1 - Suricata-Main] 2025-05-18 17:16:48 Perf: detect: AppLayer MPM "toserver http_start (http)": 6
[1 - Suricata-Main] 2025-05-18 17:16:48 Perf: detect: AppLayer MPM "toclient http_start (http)": 6
[1 - Suricata-Main] 2025-05-18 17:16:48 Perf: detect: AppLayer MPM "toserver http_raw_header (http)": 4
[1 - Suricata-Main] 2025-05-18 17:16:48 Perf: detect: AppLayer MPM "toserver http_raw_header (http)": 2
[1 - Suricata-Main] 2025-05-18 17:16:48 Perf: detect: AppLayer MPM "toserver http_raw_header (http)": 4
[1 - Suricata-Main] 2025-05-18 17:16:48 Perf: detect: AppLayer MPM "toclient http_raw_header (http)": 4
[1 - Suricata-Main] 2025-05-18 17:16:48 Perf: detect: AppLayer MPM "toclient http_raw_header (http)": 2
[1 - Suricata-Main] 2025-05-18 17:16:48 Perf: detect: AppLayer MPM "toclient http_raw_header (http)": 4
[1 - Suricata-Main] 2025-05-18 17:16:48 Perf: detect: AppLayer MPM "toserver http_raw_header (http2)": 4
[1 - Suricata-Main] 2025-05-18 17:16:48 Perf: detect: AppLayer MPM "toserver http_raw_header (http2)": 2
[1 - Suricata-Main] 2025-05-18 17:16:48 Perf: detect: AppLayer MPM "toserver http_raw_header (http2)": 4
[1 - Suricata-Main] 2025-05-18 17:16:48 Perf: detect: AppLayer MPM "toclient http_raw_header (http2)": 4
[1 - Suricata-Main] 2025-05-18 17:16:48 Perf: detect: AppLayer MPM "toclient http_raw_header (http2)": 2
[1 - Suricata-Main] 2025-05-18 17:16:48 Perf: detect: AppLayer MPM "toclient http_raw_header (http2)": 4
[1 - Suricata-Main] 2025-05-18 17:16:48 Perf: detect: AppLayer MPM "toserver http_method (http)": 4
[1 - Suricata-Main] 2025-05-18 17:16:48 Perf: detect: AppLayer MPM "toserver http_method (http2)": 4
[1 - Suricata-Main] 2025-05-18 17:16:48 Perf: detect: AppLayer MPM "toserver http_cookie (http)": 8
[1 - Suricata-Main] 2025-05-18 17:16:48 Perf: detect: AppLayer MPM "toclient http_cookie (http)": 8
[1 - Suricata-Main] 2025-05-18 17:16:48 Perf: detect: AppLayer MPM "toserver http_cookie (http2)": 8
[1 - Suricata-Main] 2025-05-18 17:16:48 Perf: detect: AppLayer MPM "toclient http_cookie (http2)": 8
[1 - Suricata-Main] 2025-05-18 17:16:48 Perf: detect: AppLayer MPM "toserver http_user_agent (http)": 15
[1 - Suricata-Main] 2025-05-18 17:16:48 Perf: detect: AppLayer MPM "toserver http_user_agent (http2)": 15
[1 - Suricata-Main] 2025-05-18 17:16:48 Perf: detect: AppLayer MPM "toserver http_host (http)": 2
[1 - Suricata-Main] 2025-05-18 17:16:48 Perf: detect: AppLayer MPM "toserver http_host (http)": 4
[1 - Suricata-Main] 2025-05-18 17:16:48 Perf: detect: AppLayer MPM "toserver http_host (http2)": 2
[1 - Suricata-Main] 2025-05-18 17:16:48 Perf: detect: AppLayer MPM "toserver http_host (http2)": 4
[1 - Suricata-Main] 2025-05-18 17:16:48 Perf: detect: AppLayer MPM "toserver http_raw_host (http)": 2
[1 - Suricata-Main] 2025-05-18 17:16:48 Perf: detect: AppLayer MPM "toserver http_raw_host (http2)": 2
[1 - Suricata-Main] 2025-05-18 17:16:48 Perf: detect: AppLayer MPM "toclient http_stat_code (http)": 4
[1 - Suricata-Main] 2025-05-18 17:16:48 Perf: detect: AppLayer MPM "toclient http_stat_code (http2)": 4
[1 - Suricata-Main] 2025-05-18 17:16:48 Perf: detect: AppLayer MPM "toserver dns_query (dns)": 2
[1 - Suricata-Main] 2025-05-18 17:16:48 Perf: detect: AppLayer MPM "toserver dns_query (dns)": 1
[1 - Suricata-Main] 2025-05-18 17:16:48 Perf: detect: AppLayer MPM "toserver tls.sni (tls)": 3
[1 - Suricata-Main] 2025-05-18 17:16:48 Perf: detect: AppLayer MPM "toserver tls.sni (tls)": 1
[1 - Suricata-Main] 2025-05-18 17:16:48 Perf: detect: AppLayer MPM "toserver tls.cert_issuer (tls)": 6
[1 - Suricata-Main] 2025-05-18 17:16:48 Perf: detect: AppLayer MPM "toclient tls.cert_issuer (tls)": 6
[1 - Suricata-Main] 2025-05-18 17:16:48 Perf: detect: AppLayer MPM "toserver tls.cert_subject (tls)": 4
[1 - Suricata-Main] 2025-05-18 17:16:48 Perf: detect: AppLayer MPM "toclient tls.cert_subject (tls)": 4
[1 - Suricata-Main] 2025-05-18 17:16:48 Perf: detect: AppLayer MPM "toclient tls.cert_serial (tls)": 2
[1 - Suricata-Main] 2025-05-18 17:16:48 Perf: detect: AppLayer MPM "toserver tls.cert_serial (tls)": 2
[1 - Suricata-Main] 2025-05-18 17:16:48 Perf: detect: AppLayer MPM "toclient tls.cert_fingerprint (tls)": 1
[1 - Suricata-Main] 2025-05-18 17:16:48 Perf: detect: AppLayer MPM "toserver tls.cert_fingerprint (tls)": 1
[1 - Suricata-Main] 2025-05-18 17:16:48 Perf: detect: AppLayer MPM "toclient tls.certs (tls)": 2
[1 - Suricata-Main] 2025-05-18 17:16:48 Perf: detect: AppLayer MPM "toserver tls.certs (tls)": 2
[1 - Suricata-Main] 2025-05-18 17:16:48 Perf: detect: AppLayer MPM "toserver ja3.hash (tls)": 2
[1 - Suricata-Main] 2025-05-18 17:16:48 Perf: detect: AppLayer MPM "toserver ja3.hash (quic)": 2
[1 - Suricata-Main] 2025-05-18 17:16:48 Perf: detect: AppLayer MPM "toclient ja3s.hash (tls)": 1
[1 - Suricata-Main] 2025-05-18 17:16:48 Perf: detect: AppLayer MPM "toclient ja3s.hash (quic)": 1
[1 - Suricata-Main] 2025-05-18 17:16:48 Perf: detect: AppLayer MPM "toserver ssh.proto (ssh)": 1
[1 - Suricata-Main] 2025-05-18 17:16:48 Perf: detect: AppLayer MPM "toclient ssh.proto (ssh)": 1
[1 - Suricata-Main] 2025-05-18 17:16:48 Perf: detect: AppLayer MPM "toclient file_data (nfs)": 17
[1 - Suricata-Main] 2025-05-18 17:16:48 Perf: detect: AppLayer MPM "toclient file_data (nfs)": 2
[1 - Suricata-Main] 2025-05-18 17:16:48 Perf: detect: AppLayer MPM "toserver file_data (nfs)": 17
[1 - Suricata-Main] 2025-05-18 17:16:48 Perf: detect: AppLayer MPM "toserver file_data (nfs)": 2
[1 - Suricata-Main] 2025-05-18 17:16:48 Perf: detect: AppLayer MPM "toclient file_data (smb)": 17
[1 - Suricata-Main] 2025-05-18 17:16:48 Perf: detect: AppLayer MPM "toclient file_data (smb)": 2
[1 - Suricata-Main] 2025-05-18 17:16:48 Perf: detect: AppLayer MPM "toserver file_data (smb)": 17
[1 - Suricata-Main] 2025-05-18 17:16:48 Perf: detect: AppLayer MPM "toserver file_data (smb)": 2
[1 - Suricata-Main] 2025-05-18 17:16:48 Perf: detect: AppLayer MPM "toclient file_data (ftp)": 17
[1 - Suricata-Main] 2025-05-18 17:16:48 Perf: detect: AppLayer MPM "toclient file_data (ftp)": 2
[1 - Suricata-Main] 2025-05-18 17:16:48 Perf: detect: AppLayer MPM "toserver file_data (ftp)": 17
[1 - Suricata-Main] 2025-05-18 17:16:48 Perf: detect: AppLayer MPM "toserver file_data (ftp)": 2
[1 - Suricata-Main] 2025-05-18 17:16:48 Perf: detect: AppLayer MPM "toclient file_data (ftp-data)": 17
[1 - Suricata-Main] 2025-05-18 17:16:48 Perf: detect: AppLayer MPM "toclient file_data (ftp-data)": 2
[1 - Suricata-Main] 2025-05-18 17:16:48 Perf: detect: AppLayer MPM "toserver file_data (ftp-data)": 17
[1 - Suricata-Main] 2025-05-18 17:16:48 Perf: detect: AppLayer MPM "toserver file_data (ftp-data)": 2
[1 - Suricata-Main] 2025-05-18 17:16:48 Perf: detect: AppLayer MPM "toclient file_data (http)": 17
[1 - Suricata-Main] 2025-05-18 17:16:48 Perf: detect: AppLayer MPM "toclient file_data (http)": 2
[1 - Suricata-Main] 2025-05-18 17:16:48 Perf: detect: AppLayer MPM "toserver file_data (http)": 17
[1 - Suricata-Main] 2025-05-18 17:16:48 Perf: detect: AppLayer MPM "toserver file_data (http)": 2
[1 - Suricata-Main] 2025-05-18 17:16:48 Perf: detect: AppLayer MPM "toclient file_data (http2)": 17
[1 - Suricata-Main] 2025-05-18 17:16:48 Perf: detect: AppLayer MPM "toclient file_data (http2)": 2
[1 - Suricata-Main] 2025-05-18 17:16:48 Perf: detect: AppLayer MPM "toserver file_data (http2)": 17
[1 - Suricata-Main] 2025-05-18 17:16:48 Perf: detect: AppLayer MPM "toserver file_data (http2)": 2
[1 - Suricata-Main] 2025-05-18 17:16:48 Perf: detect: AppLayer MPM "toserver file_data (smtp)": 17
[1 - Suricata-Main] 2025-05-18 17:16:48 Perf: detect: AppLayer MPM "toserver file_data (smtp)": 2
[1 - Suricata-Main] 2025-05-18 17:16:48 Perf: detect: Pkt MPM "icmpv6.hdr": 1
[1 - Suricata-Main] 2025-05-18 17:16:48 Perf: detect: Pkt MPM "ipv6.hdr": 1
[1 - Suricata-Main] 2025-05-18 17:16:51 Config: af-packet: enp0s3: using flow cluster mode for AF_PACKET
[1 - Suricata-Main] 2025-05-18 17:16:51 Perf: af-packet: enp0s3: cluster_flow: 5 cores, using 5 threads
[1 - Suricata-Main] 2025-05-18 17:16:51 Perf: ioctl: enp0s3: disabling gro offloading
[1 - Suricata-Main] 2025-05-18 17:16:51 Perf: ioctl: enp0s3: disabling tso offloading
[1 - Suricata-Main] 2025-05-18 17:16:51 Perf: ioctl: enp0s3: disabling gso offloading
[1 - Suricata-Main] 2025-05-18 17:16:51 Perf: ioctl: enp0s3: disabling sg offloading
[1 - Suricata-Main] 2025-05-18 17:16:51 Warning: af-packet: enp0s3: AF_PACKET tpacket-v3 is recommended for non-inline operation
[1 - Suricata-Main] 2025-05-18 17:16:51 Info: runmodes: enp0s3: creating 5 threads
[1 - Suricata-Main] 2025-05-18 17:16:51 Config: flow-manager: using 1 flow manager threads
[1 - Suricata-Main] 2025-05-18 17:16:51 Config: flow-manager: using 1 flow recycler threads
[1 - Suricata-Main] 2025-05-18 17:16:51 Info: unix-manager: unix socket '/var/run/suricata/suricata-command.socket'
[12 - W#01-enp0s3] 2025-05-18 17:16:51 Config: af-packet: enp0s3: defrag enabled, setting snaplen to 9216
[12 - W#01-enp0s3] 2025-05-18 17:16:51 Perf: af-packet: enp0s3: rx ring: block_size=131072 block_nr=30 frame_size=9296 frame_nr=420
[13 - W#02-enp0s3] 2025-05-18 17:16:51 Config: af-packet: enp0s3: defrag enabled, setting snaplen to 9216
[13 - W#02-enp0s3] 2025-05-18 17:16:51 Perf: af-packet: enp0s3: rx ring: block_size=131072 block_nr=30 frame_size=9296 frame_nr=420
[14 - W#03-enp0s3] 2025-05-18 17:16:51 Config: af-packet: enp0s3: defrag enabled, setting snaplen to 9216
[14 - W#03-enp0s3] 2025-05-18 17:16:51 Perf: af-packet: enp0s3: rx ring: block_size=131072 block_nr=30 frame_size=9296 frame_nr=420
[15 - W#04-enp0s3] 2025-05-18 17:16:51 Config: af-packet: enp0s3: defrag enabled, setting snaplen to 9216
[15 - W#04-enp0s3] 2025-05-18 17:16:51 Perf: af-packet: enp0s3: rx ring: block_size=131072 block_nr=30 frame_size=9296 frame_nr=420
[16 - W#05-enp0s3] 2025-05-18 17:16:51 Config: af-packet: enp0s3: defrag enabled, setting snaplen to 9216
[16 - W#05-enp0s3] 2025-05-18 17:16:51 Perf: af-packet: enp0s3: rx ring: block_size=131072 block_nr=30 frame_size=9296 frame_nr=420
[1 - Suricata-Main] 2025-05-18 17:16:52 Notice: threads: Threads created -> W: 5 FM: 1 FR: 1   Engine started.
[1 - Suricata-Main] 2025-05-18 17:25:05 Notice: suricata: Signal Received.  Stopping engine.
[1 - Suricata-Main] 2025-05-18 17:25:06 Info: suricata: time elapsed 494.359s
[18 - FR#01] 2025-05-18 17:25:07 Perf: flow-manager: 960 flows processed
[12 - W#01-enp0s3] 2025-05-18 17:25:07 Perf: af-packet: enp0s3: (W#01-enp0s3) kernel: Packets 3081, dropped 0
[13 - W#02-enp0s3] 2025-05-18 17:25:07 Perf: af-packet: enp0s3: (W#02-enp0s3) kernel: Packets 4204, dropped 0
[14 - W#03-enp0s3] 2025-05-18 17:25:07 Perf: af-packet: enp0s3: (W#03-enp0s3) kernel: Packets 5198, dropped 0
[15 - W#04-enp0s3] 2025-05-18 17:25:07 Perf: af-packet: enp0s3: (W#04-enp0s3) kernel: Packets 2798, dropped 0
[16 - W#05-enp0s3] 2025-05-18 17:25:07 Perf: af-packet: enp0s3: (W#05-enp0s3) kernel: Packets 3087, dropped 0
[1 - Suricata-Main] 2025-05-18 17:25:07 Info: counters: Alerts: 1
[1 - Suricata-Main] 2025-05-18 17:25:07 Perf: ippair: ippair memory usage: 414144 bytes, maximum: 16777216
[1 - Suricata-Main] 2025-05-18 17:25:07 Perf: host: host memory usage: 398144 bytes, maximum: 33554432
[1 - Suricata-Main] 2025-05-18 17:25:07 Notice: device: enp0s3: packets: 18368, drops: 0 (0.00%), invalid chksum: 0
[1 - Suricata-Main] 2025-05-18 17:25:07 Perf: ioctl: enp0s3: restoring gro offloading
[1 - Suricata-Main] 2025-05-18 17:25:07 Perf: ioctl: enp0s3: restoring tso offloading
[1 - Suricata-Main] 2025-05-18 17:25:07 Perf: ioctl: enp0s3: restoring gso offloading
[1 - Suricata-Main] 2025-05-18 17:25:07 Perf: ioctl: enp0s3: restoring sg offloading
[1 - Suricata-Main] 2025-05-18 17:38:07 Notice: suricata: This is Suricata version 7.0.10 RELEASE running in SYSTEM mode
[1 - Suricata-Main] 2025-05-18 17:38:07 Info: cpu: CPUs/cores online: 5
[1 - Suricata-Main] 2025-05-18 17:38:07 Info: suricata: Setting engine mode to IDS mode by default
[1 - Suricata-Main] 2025-05-18 17:38:07 Info: exception-policy: master exception-policy set to: auto
[1 - Suricata-Main] 2025-05-18 17:38:07 Config: exception-policy: app-layer.error-policy: ignore (defined via 'exception-policy' master switch)
[1 - Suricata-Main] 2025-05-18 17:38:07 Config: app-layer-htp: 'default' server has 'request-body-minimal-inspect-size' set to 31404 and 'request-body-inspect-window' set to 4056 after randomization.
[1 - Suricata-Main] 2025-05-18 17:38:07 Config: app-layer-htp: 'default' server has 'response-body-minimal-inspect-size' set to 40025 and 'response-body-inspect-window' set to 16053 after randomization.
[1 - Suricata-Main] 2025-05-18 17:38:07 Config: smb: read: max record size: 16777216, max queued chunks 64, max queued size 67108864
[1 - Suricata-Main] 2025-05-18 17:38:07 Config: smb: write: max record size: 16777216, max queued chunks 64, max queued size 67108864
[1 - Suricata-Main] 2025-05-18 17:38:07 Config: app-layer-enip: Protocol detection and parser disabled for enip protocol.
[1 - Suricata-Main] 2025-05-18 17:38:07 Config: app-layer-dnp3: Protocol detection and parser disabled for DNP3.
[1 - Suricata-Main] 2025-05-18 17:38:07 Config: host: allocated 262144 bytes of memory for the host hash... 4096 buckets of size 64
[1 - Suricata-Main] 2025-05-18 17:38:07 Config: host: preallocated 1000 hosts of size 136
[1 - Suricata-Main] 2025-05-18 17:38:07 Config: host: host memory usage: 398144 bytes, maximum: 33554432
[1 - Suricata-Main] 2025-05-18 17:38:07 Config: coredump-config: Core dump size is unlimited.
[1 - Suricata-Main] 2025-05-18 17:38:07 Config: exception-policy: defrag.memcap-policy: ignore (defined via 'exception-policy' master switch)
[1 - Suricata-Main] 2025-05-18 17:38:07 Config: defrag-hash: allocated 3670016 bytes of memory for the defrag hash... 65536 buckets of size 56
[1 - Suricata-Main] 2025-05-18 17:38:07 Config: defrag-hash: preallocated 65535 defrag trackers of size 160
[1 - Suricata-Main] 2025-05-18 17:38:07 Config: defrag-hash: defrag memory usage: 14155616 bytes, maximum: 33554432
[1 - Suricata-Main] 2025-05-18 17:38:07 Config: exception-policy: flow.memcap-policy: ignore (defined via 'exception-policy' master switch)
[1 - Suricata-Main] 2025-05-18 17:38:07 Config: flow: flow size 304, memcap allows for 441505 flows. Per hash row in perfect conditions 6
[1 - Suricata-Main] 2025-05-18 17:38:07 Config: stream-tcp: stream "prealloc-sessions": 2048 (per thread)
[1 - Suricata-Main] 2025-05-18 17:38:07 Config: stream-tcp: stream "memcap": 67108864
[1 - Suricata-Main] 2025-05-18 17:38:07 Config: stream-tcp: stream "midstream" session pickups: disabled
[1 - Suricata-Main] 2025-05-18 17:38:07 Config: stream-tcp: stream "async-oneside": disabled
[1 - Suricata-Main] 2025-05-18 17:38:07 Config: stream-tcp: stream "checksum-validation": enabled
[1 - Suricata-Main] 2025-05-18 17:38:07 Config: exception-policy: stream.memcap-policy: ignore (defined via 'exception-policy' master switch)
[1 - Suricata-Main] 2025-05-18 17:38:07 Config: exception-policy: stream.reassembly.memcap-policy: ignore (defined via 'exception-policy' master switch)
[1 - Suricata-Main] 2025-05-18 17:38:07 Config: exception-policy: stream.midstream-policy: ignore (defined via 'exception-policy' master switch)
[1 - Suricata-Main] 2025-05-18 17:38:07 Config: stream-tcp: stream."inline": disabled
[1 - Suricata-Main] 2025-05-18 17:38:07 Config: stream-tcp: stream "bypass": disabled
[1 - Suricata-Main] 2025-05-18 17:38:07 Config: stream-tcp: stream.reassembly.urgent.policy": inline
[1 - Suricata-Main] 2025-05-18 17:38:07 Config: stream-tcp: stream "max-syn-queued": 10
[1 - Suricata-Main] 2025-05-18 17:38:07 Config: stream-tcp: stream "max-synack-queued": 5
[1 - Suricata-Main] 2025-05-18 17:38:07 Config: stream-tcp: stream.reassembly "memcap": 268435456
[1 - Suricata-Main] 2025-05-18 17:38:07 Config: stream-tcp: stream.reassembly "depth": 1048576
[1 - Suricata-Main] 2025-05-18 17:38:07 Config: stream-tcp: stream.reassembly "toserver-chunk-size": 2457
[1 - Suricata-Main] 2025-05-18 17:38:07 Config: stream-tcp: stream.reassembly "toclient-chunk-size": 2496
[1 - Suricata-Main] 2025-05-18 17:38:07 Config: stream-tcp: stream.reassembly.raw: enabled
[1 - Suricata-Main] 2025-05-18 17:38:07 Config: stream-tcp: stream.liberal-timestamps: disabled
[1 - Suricata-Main] 2025-05-18 17:38:07 Config: stream-tcp-reassemble: stream.reassembly "segment-prealloc": 2048
[1 - Suricata-Main] 2025-05-18 17:38:07 Config: stream-tcp-reassemble: stream.reassembly "max-regions": 8
[1 - Suricata-Main] 2025-05-18 17:38:07 Info: conf: Running in live mode, activating unix socket
[1 - Suricata-Main] 2025-05-18 17:38:07 Info: logopenfile: fast output device (regular) initialized: fast.log
[1 - Suricata-Main] 2025-05-18 17:38:07 Info: logopenfile: eve-log output device (regular) initialized: eve.json
[1 - Suricata-Main] 2025-05-18 17:38:07 Config: runmodes: enabling 'eve-log' module 'alert'
[1 - Suricata-Main] 2025-05-18 17:38:07 Config: runmodes: enabling 'eve-log' module 'frame'
[1 - Suricata-Main] 2025-05-18 17:38:07 Config: runmodes: enabling 'eve-log' module 'anomaly'
[1 - Suricata-Main] 2025-05-18 17:38:07 Config: runmodes: enabling 'eve-log' module 'http'
[1 - Suricata-Main] 2025-05-18 17:38:07 Config: runmodes: enabling 'eve-log' module 'dns'
[1 - Suricata-Main] 2025-05-18 17:38:07 Config: runmodes: enabling 'eve-log' module 'tls'
[1 - Suricata-Main] 2025-05-18 17:38:07 Config: runmodes: enabling 'eve-log' module 'files'
[1 - Suricata-Main] 2025-05-18 17:38:07 Config: runmodes: enabling 'eve-log' module 'smtp'
[1 - Suricata-Main] 2025-05-18 17:38:07 Config: runmodes: enabling 'eve-log' module 'ftp'
[1 - Suricata-Main] 2025-05-18 17:38:07 Config: runmodes: enabling 'eve-log' module 'rdp'
[1 - Suricata-Main] 2025-05-18 17:38:07 Config: runmodes: enabling 'eve-log' module 'nfs'
[1 - Suricata-Main] 2025-05-18 17:38:07 Config: runmodes: enabling 'eve-log' module 'smb'
[1 - Suricata-Main] 2025-05-18 17:38:07 Config: runmodes: enabling 'eve-log' module 'tftp'
[1 - Suricata-Main] 2025-05-18 17:38:07 Config: runmodes: enabling 'eve-log' module 'ike'
[1 - Suricata-Main] 2025-05-18 17:38:07 Config: runmodes: enabling 'eve-log' module 'dcerpc'
[1 - Suricata-Main] 2025-05-18 17:38:07 Config: runmodes: enabling 'eve-log' module 'krb5'
[1 - Suricata-Main] 2025-05-18 17:38:07 Config: runmodes: enabling 'eve-log' module 'bittorrent-dht'
[1 - Suricata-Main] 2025-05-18 17:38:07 Config: runmodes: enabling 'eve-log' module 'snmp'
[1 - Suricata-Main] 2025-05-18 17:38:07 Config: runmodes: enabling 'eve-log' module 'rfb'
[1 - Suricata-Main] 2025-05-18 17:38:07 Config: runmodes: enabling 'eve-log' module 'sip'
[1 - Suricata-Main] 2025-05-18 17:38:07 Config: runmodes: enabling 'eve-log' module 'quic'
[1 - Suricata-Main] 2025-05-18 17:38:07 Config: runmodes: enabling 'eve-log' module 'dhcp'
[1 - Suricata-Main] 2025-05-18 17:38:07 Config: runmodes: enabling 'eve-log' module 'ssh'
[1 - Suricata-Main] 2025-05-18 17:38:07 Config: runmodes: enabling 'eve-log' module 'mqtt'
[1 - Suricata-Main] 2025-05-18 17:38:07 Config: runmodes: enabling 'eve-log' module 'http2'
[1 - Suricata-Main] 2025-05-18 17:38:07 Config: runmodes: enabling 'eve-log' module 'pgsql'
[1 - Suricata-Main] 2025-05-18 17:38:07 Config: runmodes: enabling 'eve-log' module 'stats'
[1 - Suricata-Main] 2025-05-18 17:38:07 Config: runmodes: enabling 'eve-log' module 'flow'
[1 - Suricata-Main] 2025-05-18 17:38:07 Info: logopenfile: stats output device (regular) initialized: stats.log
[1 - Suricata-Main] 2025-05-18 17:38:07 Config: landlock: Landlock is not enabled in configuration
[1 - Suricata-Main] 2025-05-18 17:38:07 Config: suricata: Delayed detect disabled
[1 - Suricata-Main] 2025-05-18 17:38:07 Config: detect: pattern matchers: MPM: ac, SPM: bm
[1 - Suricata-Main] 2025-05-18 17:38:07 Config: detect: grouping: tcp-whitelist (default) 53, 80, 139, 443, 445, 1433, 3306, 3389, 6666, 6667, 8080
[1 - Suricata-Main] 2025-05-18 17:38:07 Config: detect: grouping: udp-whitelist (default) 53, 135, 5060
[1 - Suricata-Main] 2025-05-18 17:38:07 Config: detect: prefilter engines: MPM
[1 - Suricata-Main] 2025-05-18 17:38:07 Config: reputation: IP reputation disabled
[1 - Suricata-Main] 2025-05-18 17:38:07 Config: detect: Loading rule file: /var/lib/suricata/rules/suricata.rules
[1 - Suricata-Main] 2025-05-18 17:38:08 Info: detect-fast-pattern: fast_pattern is ineffective with base64_data
[1 - Suricata-Main] 2025-05-18 17:38:08 Info: detect-fast-pattern: fast_pattern is ineffective with base64_data
[1 - Suricata-Main] 2025-05-18 17:38:08 Info: detect: 1 rule files processed. 42614 rules successfully loaded, 0 rules failed, 0
[1 - Suricata-Main] 2025-05-18 17:38:08 Info: threshold-config: Threshold config parsed: 0 rule(s) found
[1 - Suricata-Main] 2025-05-18 17:38:08 Info: detect: 42617 signatures processed. 1270 are IP-only rules, 4333 are inspecting packet payload, 36797 inspect application layer, 109 are decoder event only
[1 - Suricata-Main] 2025-05-18 17:38:08 Config: detect: building signature grouping structure, stage 1: preprocessing rules... complete
[1 - Suricata-Main] 2025-05-18 17:38:08 Perf: detect: TCP toserver: 41 port groups, 40 unique SGH's, 1 copies
[1 - Suricata-Main] 2025-05-18 17:38:08 Perf: detect: TCP toclient: 21 port groups, 21 unique SGH's, 0 copies
[1 - Suricata-Main] 2025-05-18 17:38:08 Perf: detect: UDP toserver: 41 port groups, 40 unique SGH's, 1 copies
[1 - Suricata-Main] 2025-05-18 17:38:08 Perf: detect: UDP toclient: 21 port groups, 17 unique SGH's, 4 copies
[1 - Suricata-Main] 2025-05-18 17:38:08 Perf: detect: OTHER toserver: 254 proto groups, 4 unique SGH's, 250 copies
[1 - Suricata-Main] 2025-05-18 17:38:08 Perf: detect: OTHER toclient: 254 proto groups, 0 unique SGH's, 254 copies
[1 - Suricata-Main] 2025-05-18 17:38:09 Perf: detect: Unique rule groups: 122
[1 - Suricata-Main] 2025-05-18 17:38:09 Perf: detect: Builtin MPM "toserver TCP packet": 31
[1 - Suricata-Main] 2025-05-18 17:38:09 Perf: detect: Builtin MPM "toclient TCP packet": 20
[1 - Suricata-Main] 2025-05-18 17:38:09 Perf: detect: Builtin MPM "toserver TCP stream": 34
[1 - Suricata-Main] 2025-05-18 17:38:09 Perf: detect: Builtin MPM "toclient TCP stream": 19
[1 - Suricata-Main] 2025-05-18 17:38:09 Perf: detect: Builtin MPM "toserver UDP packet": 40
[1 - Suricata-Main] 2025-05-18 17:38:09 Perf: detect: Builtin MPM "toclient UDP packet": 17
[1 - Suricata-Main] 2025-05-18 17:38:09 Perf: detect: Builtin MPM "other IP packet": 3
[1 - Suricata-Main] 2025-05-18 17:38:09 Perf: detect: AppLayer MPM "toserver http_uri (http)": 16
[1 - Suricata-Main] 2025-05-18 17:38:09 Perf: detect: AppLayer MPM "toserver http_uri (http2)": 16
[1 - Suricata-Main] 2025-05-18 17:38:09 Perf: detect: AppLayer MPM "toserver http_raw_uri (http)": 2
[1 - Suricata-Main] 2025-05-18 17:38:09 Perf: detect: AppLayer MPM "toserver http_raw_uri (http)": 2
[1 - Suricata-Main] 2025-05-18 17:38:09 Perf: detect: AppLayer MPM "toserver http_raw_uri (http2)": 2
[1 - Suricata-Main] 2025-05-18 17:38:09 Perf: detect: AppLayer MPM "toserver http_raw_uri (http2)": 2
[1 - Suricata-Main] 2025-05-18 17:38:09 Perf: detect: AppLayer MPM "toserver http_request_line (http)": 8
[1 - Suricata-Main] 2025-05-18 17:38:09 Perf: detect: AppLayer MPM "toserver http_request_line (http2)": 8
[1 - Suricata-Main] 2025-05-18 17:38:09 Perf: detect: AppLayer MPM "toserver http_client_body (http)": 14
[1 - Suricata-Main] 2025-05-18 17:38:09 Perf: detect: AppLayer MPM "toserver http_client_body (http)": 2
[1 - Suricata-Main] 2025-05-18 17:38:09 Perf: detect: AppLayer MPM "toserver http_client_body (http2)": 14
[1 - Suricata-Main] 2025-05-18 17:38:09 Perf: detect: AppLayer MPM "toserver http_client_body (http2)": 2
[1 - Suricata-Main] 2025-05-18 17:38:09 Perf: detect: AppLayer MPM "toclient http_response_line (http)": 2
[1 - Suricata-Main] 2025-05-18 17:38:09 Perf: detect: AppLayer MPM "toclient http_response_line (http2)": 2
[1 - Suricata-Main] 2025-05-18 17:38:09 Perf: detect: AppLayer MPM "toserver http_header (http)": 10
[1 - Suricata-Main] 2025-05-18 17:38:09 Perf: detect: AppLayer MPM "toserver http_header (http)": 1
[1 - Suricata-Main] 2025-05-18 17:38:09 Perf: detect: AppLayer MPM "toserver http_header (http)": 4
[1 - Suricata-Main] 2025-05-18 17:38:09 Perf: detect: AppLayer MPM "toserver http_header (http)": 4
[1 - Suricata-Main] 2025-05-18 17:38:09 Perf: detect: AppLayer MPM "toserver http_header (http)": 10
[1 - Suricata-Main] 2025-05-18 17:38:09 Perf: detect: AppLayer MPM "toclient http_header (http)": 10
[1 - Suricata-Main] 2025-05-18 17:38:09 Perf: detect: AppLayer MPM "toclient http_header (http)": 1
[1 - Suricata-Main] 2025-05-18 17:38:09 Perf: detect: AppLayer MPM "toclient http_header (http)": 4
[1 - Suricata-Main] 2025-05-18 17:38:09 Perf: detect: AppLayer MPM "toclient http_header (http)": 4
[1 - Suricata-Main] 2025-05-18 17:38:09 Perf: detect: AppLayer MPM "toclient http_header (http)": 10
[1 - Suricata-Main] 2025-05-18 17:38:09 Perf: detect: AppLayer MPM "toserver http_header (http2)": 10
[1 - Suricata-Main] 2025-05-18 17:38:09 Perf: detect: AppLayer MPM "toserver http_header (http2)": 1
[1 - Suricata-Main] 2025-05-18 17:38:09 Perf: detect: AppLayer MPM "toserver http_header (http2)": 4
[1 - Suricata-Main] 2025-05-18 17:38:09 Perf: detect: AppLayer MPM "toserver http_header (http2)": 4
[1 - Suricata-Main] 2025-05-18 17:38:09 Perf: detect: AppLayer MPM "toserver http_header (http2)": 10
[1 - Suricata-Main] 2025-05-18 17:38:09 Perf: detect: AppLayer MPM "toclient http_header (http2)": 10
[1 - Suricata-Main] 2025-05-18 17:38:09 Perf: detect: AppLayer MPM "toclient http_header (http2)": 1
[1 - Suricata-Main] 2025-05-18 17:38:09 Perf: detect: AppLayer MPM "toclient http_header (http2)": 4
[1 - Suricata-Main] 2025-05-18 17:38:09 Perf: detect: AppLayer MPM "toclient http_header (http2)": 4
[1 - Suricata-Main] 2025-05-18 17:38:09 Perf: detect: AppLayer MPM "toclient http_header (http2)": 10
[1 - Suricata-Main] 2025-05-18 17:38:09 Perf: detect: AppLayer MPM "toserver http_request_header (http2)": 2
[1 - Suricata-Main] 2025-05-18 17:38:09 Perf: detect: AppLayer MPM "toserver http_request_header (http2)": 4
[1 - Suricata-Main] 2025-05-18 17:38:09 Perf: detect: AppLayer MPM "toserver http_request_header (http)": 2
[1 - Suricata-Main] 2025-05-18 17:38:09 Perf: detect: AppLayer MPM "toserver http_request_header (http)": 4
[1 - Suricata-Main] 2025-05-18 17:38:09 Perf: detect: AppLayer MPM "toclient http_response_header (http2)": 2
[1 - Suricata-Main] 2025-05-18 17:38:09 Perf: detect: AppLayer MPM "toclient http_response_header (http2)": 2
[1 - Suricata-Main] 2025-05-18 17:38:09 Perf: detect: AppLayer MPM "toclient http_response_header (http2)": 2
[1 - Suricata-Main] 2025-05-18 17:38:09 Perf: detect: AppLayer MPM "toclient http_response_header (http2)": 2
[1 - Suricata-Main] 2025-05-18 17:38:09 Perf: detect: AppLayer MPM "toclient http_response_header (http)": 2
[1 - Suricata-Main] 2025-05-18 17:38:09 Perf: detect: AppLayer MPM "toclient http_response_header (http)": 2
[1 - Suricata-Main] 2025-05-18 17:38:09 Perf: detect: AppLayer MPM "toclient http_response_header (http)": 2
[1 - Suricata-Main] 2025-05-18 17:38:09 Perf: detect: AppLayer MPM "toclient http_response_header (http)": 2
[1 - Suricata-Main] 2025-05-18 17:38:09 Perf: detect: AppLayer MPM "toserver http_header_names (http)": 11
[1 - Suricata-Main] 2025-05-18 17:38:09 Perf: detect: AppLayer MPM "toserver http_header_names (http)": 1
[1 - Suricata-Main] 2025-05-18 17:38:09 Perf: detect: AppLayer MPM "toserver http_header_names (http)": 2
[1 - Suricata-Main] 2025-05-18 17:38:09 Perf: detect: AppLayer MPM "toserver http_header_names (http)": 4
[1 - Suricata-Main] 2025-05-18 17:38:09 Perf: detect: AppLayer MPM "toserver http_header_names (http)": 8
[1 - Suricata-Main] 2025-05-18 17:38:09 Perf: detect: AppLayer MPM "toclient http_header_names (http)": 11
[1 - Suricata-Main] 2025-05-18 17:38:09 Perf: detect: AppLayer MPM "toclient http_header_names (http)": 1
[1 - Suricata-Main] 2025-05-18 17:38:09 Perf: detect: AppLayer MPM "toclient http_header_names (http)": 2
[1 - Suricata-Main] 2025-05-18 17:38:09 Perf: detect: AppLayer MPM "toclient http_header_names (http)": 4
[1 - Suricata-Main] 2025-05-18 17:38:09 Perf: detect: AppLayer MPM "toclient http_header_names (http)": 8
[1 - Suricata-Main] 2025-05-18 17:38:09 Perf: detect: AppLayer MPM "toserver http_header_names (http2)": 11
[1 - Suricata-Main] 2025-05-18 17:38:09 Perf: detect: AppLayer MPM "toserver http_header_names (http2)": 1
[1 - Suricata-Main] 2025-05-18 17:38:09 Perf: detect: AppLayer MPM "toserver http_header_names (http2)": 2
[1 - Suricata-Main] 2025-05-18 17:38:09 Perf: detect: AppLayer MPM "toserver http_header_names (http2)": 4
[1 - Suricata-Main] 2025-05-18 17:38:09 Perf: detect: AppLayer MPM "toserver http_header_names (http2)": 8
[1 - Suricata-Main] 2025-05-18 17:38:09 Perf: detect: AppLayer MPM "toclient http_header_names (http2)": 11
[1 - Suricata-Main] 2025-05-18 17:38:09 Perf: detect: AppLayer MPM "toclient http_header_names (http2)": 1
[1 - Suricata-Main] 2025-05-18 17:38:09 Perf: detect: AppLayer MPM "toclient http_header_names (http2)": 2
[1 - Suricata-Main] 2025-05-18 17:38:09 Perf: detect: AppLayer MPM "toclient http_header_names (http2)": 4
[1 - Suricata-Main] 2025-05-18 17:38:09 Perf: detect: AppLayer MPM "toclient http_header_names (http2)": 8
[1 - Suricata-Main] 2025-05-18 17:38:09 Perf: detect: AppLayer MPM "toserver http_accept (http)": 8
[1 - Suricata-Main] 2025-05-18 17:38:09 Perf: detect: AppLayer MPM "toserver http_accept (http2)": 8
[1 - Suricata-Main] 2025-05-18 17:38:09 Perf: detect: AppLayer MPM "toserver http_accept_enc (http)": 2
[1 - Suricata-Main] 2025-05-18 17:38:09 Perf: detect: AppLayer MPM "toserver http_accept_enc (http2)": 2
[1 - Suricata-Main] 2025-05-18 17:38:09 Perf: detect: AppLayer MPM "toserver http_accept_lang (http)": 2
[1 - Suricata-Main] 2025-05-18 17:38:09 Perf: detect: AppLayer MPM "toserver http_accept_lang (http2)": 2
[1 - Suricata-Main] 2025-05-18 17:38:09 Perf: detect: AppLayer MPM "toserver http_referer (http)": 2
[1 - Suricata-Main] 2025-05-18 17:38:09 Perf: detect: AppLayer MPM "toserver http_referer (http2)": 2
[1 - Suricata-Main] 2025-05-18 17:38:09 Perf: detect: AppLayer MPM "toserver http_connection (http)": 2
[1 - Suricata-Main] 2025-05-18 17:38:09 Perf: detect: AppLayer MPM "toserver http_connection (http2)": 2
[1 - Suricata-Main] 2025-05-18 17:38:09 Perf: detect: AppLayer MPM "toclient http_connection (http)": 2
[1 - Suricata-Main] 2025-05-18 17:38:09 Perf: detect: AppLayer MPM "toclient http_connection (http2)": 2
[1 - Suricata-Main] 2025-05-18 17:38:09 Perf: detect: AppLayer MPM "toserver http_content_len (http)": 4
[1 - Suricata-Main] 2025-05-18 17:38:09 Perf: detect: AppLayer MPM "toserver http_content_len (http2)": 4
[1 - Suricata-Main] 2025-05-18 17:38:09 Perf: detect: AppLayer MPM "toclient http_content_len (http)": 4
[1 - Suricata-Main] 2025-05-18 17:38:09 Perf: detect: AppLayer MPM "toclient http_content_len (http2)": 4
[1 - Suricata-Main] 2025-05-18 17:38:09 Perf: detect: AppLayer MPM "toserver http_content_type (http)": 4
[1 - Suricata-Main] 2025-05-18 17:38:09 Perf: detect: AppLayer MPM "toserver http_content_type (http2)": 4
[1 - Suricata-Main] 2025-05-18 17:38:09 Perf: detect: AppLayer MPM "toclient http_content_type (http)": 4
[1 - Suricata-Main] 2025-05-18 17:38:09 Perf: detect: AppLayer MPM "toclient http_content_type (http2)": 4
[1 - Suricata-Main] 2025-05-18 17:38:09 Perf: detect: AppLayer MPM "toclient http.server (http)": 4
[1 - Suricata-Main] 2025-05-18 17:38:09 Perf: detect: AppLayer MPM "toclient http.server (http2)": 4
[1 - Suricata-Main] 2025-05-18 17:38:09 Perf: detect: AppLayer MPM "toclient http.location (http)": 2
[1 - Suricata-Main] 2025-05-18 17:38:09 Perf: detect: AppLayer MPM "toclient http.location (http2)": 2
[1 - Suricata-Main] 2025-05-18 17:38:09 Perf: detect: AppLayer MPM "toserver http_start (http)": 6
[1 - Suricata-Main] 2025-05-18 17:38:09 Perf: detect: AppLayer MPM "toclient http_start (http)": 6
[1 - Suricata-Main] 2025-05-18 17:38:09 Perf: detect: AppLayer MPM "toserver http_raw_header (http)": 4
[1 - Suricata-Main] 2025-05-18 17:38:09 Perf: detect: AppLayer MPM "toserver http_raw_header (http)": 2
[1 - Suricata-Main] 2025-05-18 17:38:09 Perf: detect: AppLayer MPM "toserver http_raw_header (http)": 4
[1 - Suricata-Main] 2025-05-18 17:38:09 Perf: detect: AppLayer MPM "toclient http_raw_header (http)": 4
[1 - Suricata-Main] 2025-05-18 17:38:09 Perf: detect: AppLayer MPM "toclient http_raw_header (http)": 2
[1 - Suricata-Main] 2025-05-18 17:38:09 Perf: detect: AppLayer MPM "toclient http_raw_header (http)": 4
[1 - Suricata-Main] 2025-05-18 17:38:09 Perf: detect: AppLayer MPM "toserver http_raw_header (http2)": 4
[1 - Suricata-Main] 2025-05-18 17:38:09 Perf: detect: AppLayer MPM "toserver http_raw_header (http2)": 2
[1 - Suricata-Main] 2025-05-18 17:38:09 Perf: detect: AppLayer MPM "toserver http_raw_header (http2)": 4
[1 - Suricata-Main] 2025-05-18 17:38:09 Perf: detect: AppLayer MPM "toclient http_raw_header (http2)": 4
[1 - Suricata-Main] 2025-05-18 17:38:09 Perf: detect: AppLayer MPM "toclient http_raw_header (http2)": 2
[1 - Suricata-Main] 2025-05-18 17:38:09 Perf: detect: AppLayer MPM "toclient http_raw_header (http2)": 4
[1 - Suricata-Main] 2025-05-18 17:38:09 Perf: detect: AppLayer MPM "toserver http_method (http)": 4
[1 - Suricata-Main] 2025-05-18 17:38:09 Perf: detect: AppLayer MPM "toserver http_method (http2)": 4
[1 - Suricata-Main] 2025-05-18 17:38:09 Perf: detect: AppLayer MPM "toserver http_cookie (http)": 8
[1 - Suricata-Main] 2025-05-18 17:38:09 Perf: detect: AppLayer MPM "toclient http_cookie (http)": 8
[1 - Suricata-Main] 2025-05-18 17:38:09 Perf: detect: AppLayer MPM "toserver http_cookie (http2)": 8
[1 - Suricata-Main] 2025-05-18 17:38:09 Perf: detect: AppLayer MPM "toclient http_cookie (http2)": 8
[1 - Suricata-Main] 2025-05-18 17:38:09 Perf: detect: AppLayer MPM "toserver http_user_agent (http)": 15
[1 - Suricata-Main] 2025-05-18 17:38:09 Perf: detect: AppLayer MPM "toserver http_user_agent (http2)": 15
[1 - Suricata-Main] 2025-05-18 17:38:09 Perf: detect: AppLayer MPM "toserver http_host (http)": 2
[1 - Suricata-Main] 2025-05-18 17:38:09 Perf: detect: AppLayer MPM "toserver http_host (http)": 4
[1 - Suricata-Main] 2025-05-18 17:38:09 Perf: detect: AppLayer MPM "toserver http_host (http2)": 2
[1 - Suricata-Main] 2025-05-18 17:38:09 Perf: detect: AppLayer MPM "toserver http_host (http2)": 4
[1 - Suricata-Main] 2025-05-18 17:38:09 Perf: detect: AppLayer MPM "toserver http_raw_host (http)": 2
[1 - Suricata-Main] 2025-05-18 17:38:09 Perf: detect: AppLayer MPM "toserver http_raw_host (http2)": 2
[1 - Suricata-Main] 2025-05-18 17:38:09 Perf: detect: AppLayer MPM "toclient http_stat_code (http)": 4
[1 - Suricata-Main] 2025-05-18 17:38:09 Perf: detect: AppLayer MPM "toclient http_stat_code (http2)": 4
[1 - Suricata-Main] 2025-05-18 17:38:09 Perf: detect: AppLayer MPM "toserver dns_query (dns)": 2
[1 - Suricata-Main] 2025-05-18 17:38:09 Perf: detect: AppLayer MPM "toserver dns_query (dns)": 1
[1 - Suricata-Main] 2025-05-18 17:38:09 Perf: detect: AppLayer MPM "toserver tls.sni (tls)": 3
[1 - Suricata-Main] 2025-05-18 17:38:09 Perf: detect: AppLayer MPM "toserver tls.sni (tls)": 1
[1 - Suricata-Main] 2025-05-18 17:38:09 Perf: detect: AppLayer MPM "toserver tls.cert_issuer (tls)": 6
[1 - Suricata-Main] 2025-05-18 17:38:09 Perf: detect: AppLayer MPM "toclient tls.cert_issuer (tls)": 6
[1 - Suricata-Main] 2025-05-18 17:38:09 Perf: detect: AppLayer MPM "toserver tls.cert_subject (tls)": 4
[1 - Suricata-Main] 2025-05-18 17:38:09 Perf: detect: AppLayer MPM "toclient tls.cert_subject (tls)": 4
[1 - Suricata-Main] 2025-05-18 17:38:09 Perf: detect: AppLayer MPM "toclient tls.cert_serial (tls)": 2
[1 - Suricata-Main] 2025-05-18 17:38:09 Perf: detect: AppLayer MPM "toserver tls.cert_serial (tls)": 2
[1 - Suricata-Main] 2025-05-18 17:38:09 Perf: detect: AppLayer MPM "toclient tls.cert_fingerprint (tls)": 1
[1 - Suricata-Main] 2025-05-18 17:38:09 Perf: detect: AppLayer MPM "toserver tls.cert_fingerprint (tls)": 1
[1 - Suricata-Main] 2025-05-18 17:38:09 Perf: detect: AppLayer MPM "toclient tls.certs (tls)": 2
[1 - Suricata-Main] 2025-05-18 17:38:09 Perf: detect: AppLayer MPM "toserver tls.certs (tls)": 2
[1 - Suricata-Main] 2025-05-18 17:38:09 Perf: detect: AppLayer MPM "toserver ja3.hash (tls)": 2
[1 - Suricata-Main] 2025-05-18 17:38:09 Perf: detect: AppLayer MPM "toserver ja3.hash (quic)": 2
[1 - Suricata-Main] 2025-05-18 17:38:09 Perf: detect: AppLayer MPM "toclient ja3s.hash (tls)": 1
[1 - Suricata-Main] 2025-05-18 17:38:09 Perf: detect: AppLayer MPM "toclient ja3s.hash (quic)": 1
[1 - Suricata-Main] 2025-05-18 17:38:09 Perf: detect: AppLayer MPM "toserver ssh.proto (ssh)": 1
[1 - Suricata-Main] 2025-05-18 17:38:09 Perf: detect: AppLayer MPM "toclient ssh.proto (ssh)": 1
[1 - Suricata-Main] 2025-05-18 17:38:09 Perf: detect: AppLayer MPM "toclient file_data (nfs)": 17
[1 - Suricata-Main] 2025-05-18 17:38:09 Perf: detect: AppLayer MPM "toclient file_data (nfs)": 2
[1 - Suricata-Main] 2025-05-18 17:38:09 Perf: detect: AppLayer MPM "toserver file_data (nfs)": 17
[1 - Suricata-Main] 2025-05-18 17:38:09 Perf: detect: AppLayer MPM "toserver file_data (nfs)": 2
[1 - Suricata-Main] 2025-05-18 17:38:09 Perf: detect: AppLayer MPM "toclient file_data (smb)": 17
[1 - Suricata-Main] 2025-05-18 17:38:09 Perf: detect: AppLayer MPM "toclient file_data (smb)": 2
[1 - Suricata-Main] 2025-05-18 17:38:09 Perf: detect: AppLayer MPM "toserver file_data (smb)": 17
[1 - Suricata-Main] 2025-05-18 17:38:09 Perf: detect: AppLayer MPM "toserver file_data (smb)": 2
[1 - Suricata-Main] 2025-05-18 17:38:09 Perf: detect: AppLayer MPM "toclient file_data (ftp)": 17
[1 - Suricata-Main] 2025-05-18 17:38:09 Perf: detect: AppLayer MPM "toclient file_data (ftp)": 2
[1 - Suricata-Main] 2025-05-18 17:38:09 Perf: detect: AppLayer MPM "toserver file_data (ftp)": 17
[1 - Suricata-Main] 2025-05-18 17:38:09 Perf: detect: AppLayer MPM "toserver file_data (ftp)": 2
[1 - Suricata-Main] 2025-05-18 17:38:09 Perf: detect: AppLayer MPM "toclient file_data (ftp-data)": 17
[1 - Suricata-Main] 2025-05-18 17:38:09 Perf: detect: AppLayer MPM "toclient file_data (ftp-data)": 2
[1 - Suricata-Main] 2025-05-18 17:38:09 Perf: detect: AppLayer MPM "toserver file_data (ftp-data)": 17
[1 - Suricata-Main] 2025-05-18 17:38:09 Perf: detect: AppLayer MPM "toserver file_data (ftp-data)": 2
[1 - Suricata-Main] 2025-05-18 17:38:09 Perf: detect: AppLayer MPM "toclient file_data (http)": 17
[1 - Suricata-Main] 2025-05-18 17:38:09 Perf: detect: AppLayer MPM "toclient file_data (http)": 2
[1 - Suricata-Main] 2025-05-18 17:38:09 Perf: detect: AppLayer MPM "toserver file_data (http)": 17
[1 - Suricata-Main] 2025-05-18 17:38:09 Perf: detect: AppLayer MPM "toserver file_data (http)": 2
[1 - Suricata-Main] 2025-05-18 17:38:09 Perf: detect: AppLayer MPM "toclient file_data (http2)": 17
[1 - Suricata-Main] 2025-05-18 17:38:09 Perf: detect: AppLayer MPM "toclient file_data (http2)": 2
[1 - Suricata-Main] 2025-05-18 17:38:09 Perf: detect: AppLayer MPM "toserver file_data (http2)": 17
[1 - Suricata-Main] 2025-05-18 17:38:09 Perf: detect: AppLayer MPM "toserver file_data (http2)": 2
[1 - Suricata-Main] 2025-05-18 17:38:09 Perf: detect: AppLayer MPM "toserver file_data (smtp)": 17
[1 - Suricata-Main] 2025-05-18 17:38:09 Perf: detect: AppLayer MPM "toserver file_data (smtp)": 2
[1 - Suricata-Main] 2025-05-18 17:38:09 Perf: detect: Pkt MPM "icmpv6.hdr": 1
[1 - Suricata-Main] 2025-05-18 17:38:09 Perf: detect: Pkt MPM "ipv6.hdr": 1
[1 - Suricata-Main] 2025-05-18 17:38:11 Config: af-packet: enp0s3: using flow cluster mode for AF_PACKET
[1 - Suricata-Main] 2025-05-18 17:38:11 Perf: af-packet: enp0s3: cluster_flow: 5 cores, using 5 threads
[1 - Suricata-Main] 2025-05-18 17:38:11 Perf: ioctl: enp0s3: disabling gro offloading
[1 - Suricata-Main] 2025-05-18 17:38:11 Perf: ioctl: enp0s3: disabling tso offloading
[1 - Suricata-Main] 2025-05-18 17:38:11 Perf: ioctl: enp0s3: disabling gso offloading
[1 - Suricata-Main] 2025-05-18 17:38:11 Perf: ioctl: enp0s3: disabling sg offloading
[1 - Suricata-Main] 2025-05-18 17:38:11 Warning: af-packet: enp0s3: AF_PACKET tpacket-v3 is recommended for non-inline operation
[1 - Suricata-Main] 2025-05-18 17:38:11 Info: runmodes: enp0s3: creating 5 threads
[1 - Suricata-Main] 2025-05-18 17:38:11 Config: flow-manager: using 1 flow manager threads
[1 - Suricata-Main] 2025-05-18 17:38:11 Config: flow-manager: using 1 flow recycler threads
[1 - Suricata-Main] 2025-05-18 17:38:11 Info: unix-manager: unix socket '/var/run/suricata/suricata-command.socket'
[13 - W#01-enp0s3] 2025-05-18 17:38:11 Config: af-packet: enp0s3: defrag enabled, setting snaplen to 9216
[13 - W#01-enp0s3] 2025-05-18 17:38:11 Perf: af-packet: enp0s3: rx ring: block_size=131072 block_nr=30 frame_size=9296 frame_nr=420
[14 - W#02-enp0s3] 2025-05-18 17:38:11 Config: af-packet: enp0s3: defrag enabled, setting snaplen to 9216
[14 - W#02-enp0s3] 2025-05-18 17:38:11 Perf: af-packet: enp0s3: rx ring: block_size=131072 block_nr=30 frame_size=9296 frame_nr=420
[15 - W#03-enp0s3] 2025-05-18 17:38:11 Config: af-packet: enp0s3: defrag enabled, setting snaplen to 9216
[15 - W#03-enp0s3] 2025-05-18 17:38:11 Perf: af-packet: enp0s3: rx ring: block_size=131072 block_nr=30 frame_size=9296 frame_nr=420
[16 - W#04-enp0s3] 2025-05-18 17:38:11 Config: af-packet: enp0s3: defrag enabled, setting snaplen to 9216
[16 - W#04-enp0s3] 2025-05-18 17:38:11 Perf: af-packet: enp0s3: rx ring: block_size=131072 block_nr=30 frame_size=9296 frame_nr=420
[17 - W#05-enp0s3] 2025-05-18 17:38:11 Config: af-packet: enp0s3: defrag enabled, setting snaplen to 9216
[17 - W#05-enp0s3] 2025-05-18 17:38:11 Perf: af-packet: enp0s3: rx ring: block_size=131072 block_nr=30 frame_size=9296 frame_nr=420
[1 - Suricata-Main] 2025-05-18 17:38:11 Notice: threads: Threads created -> W: 5 FM: 1 FR: 1   Engine started.
[1 - Suricata-Main] 2025-05-18 17:38:56 Notice: suricata: Signal Received.  Stopping engine.
[1 - Suricata-Main] 2025-05-18 17:38:56 Info: suricata: time elapsed 45.371s
[19 - FR#01] 2025-05-18 17:38:57 Perf: flow-manager: 112 flows processed
[13 - W#01-enp0s3] 2025-05-18 17:38:57 Perf: af-packet: enp0s3: (W#01-enp0s3) kernel: Packets 214, dropped 0
[14 - W#02-enp0s3] 2025-05-18 17:38:57 Perf: af-packet: enp0s3: (W#02-enp0s3) kernel: Packets 257, dropped 0
[15 - W#03-enp0s3] 2025-05-18 17:38:57 Perf: af-packet: enp0s3: (W#03-enp0s3) kernel: Packets 241, dropped 0
[16 - W#04-enp0s3] 2025-05-18 17:38:57 Perf: af-packet: enp0s3: (W#04-enp0s3) kernel: Packets 149, dropped 0
[17 - W#05-enp0s3] 2025-05-18 17:38:57 Perf: af-packet: enp0s3: (W#05-enp0s3) kernel: Packets 273, dropped 0
[1 - Suricata-Main] 2025-05-18 17:38:57 Info: counters: Alerts: 0
[1 - Suricata-Main] 2025-05-18 17:38:57 Perf: ippair: ippair memory usage: 414144 bytes, maximum: 16777216
[1 - Suricata-Main] 2025-05-18 17:38:57 Perf: host: host memory usage: 398144 bytes, maximum: 33554432
[1 - Suricata-Main] 2025-05-18 17:38:57 Notice: device: enp0s3: packets: 1134, drops: 0 (0.00%), invalid chksum: 0
[1 - Suricata-Main] 2025-05-18 17:38:57 Perf: ioctl: enp0s3: restoring gro offloading
[1 - Suricata-Main] 2025-05-18 17:38:57 Perf: ioctl: enp0s3: restoring tso offloading
[1 - Suricata-Main] 2025-05-18 17:38:57 Perf: ioctl: enp0s3: restoring gso offloading
[1 - Suricata-Main] 2025-05-18 17:38:57 Perf: ioctl: enp0s3: restoring sg offloading
[1 - Suricata-Main] 2025-05-18 18:09:37 Notice: suricata: This is Suricata version 7.0.10 RELEASE running in SYSTEM mode
[1 - Suricata-Main] 2025-05-18 18:09:37 Info: cpu: CPUs/cores online: 5
[1 - Suricata-Main] 2025-05-18 18:09:37 Info: suricata: Setting engine mode to IDS mode by default
[1 - Suricata-Main] 2025-05-18 18:09:37 Info: exception-policy: master exception-policy set to: auto
[1 - Suricata-Main] 2025-05-18 18:09:37 Config: exception-policy: app-layer.error-policy: ignore (defined via 'exception-policy' master switch)
[1 - Suricata-Main] 2025-05-18 18:09:37 Config: app-layer-htp: 'default' server has 'request-body-minimal-inspect-size' set to 31719 and 'request-body-inspect-window' set to 4198 after randomization.
[1 - Suricata-Main] 2025-05-18 18:09:37 Config: app-layer-htp: 'default' server has 'response-body-minimal-inspect-size' set to 39888 and 'response-body-inspect-window' set to 16647 after randomization.
[1 - Suricata-Main] 2025-05-18 18:09:37 Config: smb: read: max record size: 16777216, max queued chunks 64, max queued size 67108864
[1 - Suricata-Main] 2025-05-18 18:09:37 Config: smb: write: max record size: 16777216, max queued chunks 64, max queued size 67108864
[1 - Suricata-Main] 2025-05-18 18:09:37 Config: app-layer-enip: Protocol detection and parser disabled for enip protocol.
[1 - Suricata-Main] 2025-05-18 18:09:37 Config: app-layer-dnp3: Protocol detection and parser disabled for DNP3.
[1 - Suricata-Main] 2025-05-18 18:09:37 Config: host: allocated 262144 bytes of memory for the host hash... 4096 buckets of size 64
[1 - Suricata-Main] 2025-05-18 18:09:37 Config: host: preallocated 1000 hosts of size 136
[1 - Suricata-Main] 2025-05-18 18:09:37 Config: host: host memory usage: 398144 bytes, maximum: 33554432
[1 - Suricata-Main] 2025-05-18 18:09:37 Config: coredump-config: Core dump size is unlimited.
[1 - Suricata-Main] 2025-05-18 18:09:37 Config: exception-policy: defrag.memcap-policy: ignore (defined via 'exception-policy' master switch)
[1 - Suricata-Main] 2025-05-18 18:09:37 Config: defrag-hash: allocated 3670016 bytes of memory for the defrag hash... 65536 buckets of size 56
[1 - Suricata-Main] 2025-05-18 18:09:37 Config: defrag-hash: preallocated 65535 defrag trackers of size 160
[1 - Suricata-Main] 2025-05-18 18:09:37 Config: defrag-hash: defrag memory usage: 14155616 bytes, maximum: 33554432
[1 - Suricata-Main] 2025-05-18 18:09:37 Config: exception-policy: flow.memcap-policy: ignore (defined via 'exception-policy' master switch)
[1 - Suricata-Main] 2025-05-18 18:09:37 Config: flow: flow size 304, memcap allows for 441505 flows. Per hash row in perfect conditions 6
[1 - Suricata-Main] 2025-05-18 18:09:37 Config: stream-tcp: stream "prealloc-sessions": 2048 (per thread)
[1 - Suricata-Main] 2025-05-18 18:09:37 Config: stream-tcp: stream "memcap": 67108864
[1 - Suricata-Main] 2025-05-18 18:09:37 Config: stream-tcp: stream "midstream" session pickups: disabled
[1 - Suricata-Main] 2025-05-18 18:09:37 Config: stream-tcp: stream "async-oneside": disabled
[1 - Suricata-Main] 2025-05-18 18:09:37 Config: stream-tcp: stream "checksum-validation": enabled
[1 - Suricata-Main] 2025-05-18 18:09:37 Config: exception-policy: stream.memcap-policy: ignore (defined via 'exception-policy' master switch)
[1 - Suricata-Main] 2025-05-18 18:09:37 Config: exception-policy: stream.reassembly.memcap-policy: ignore (defined via 'exception-policy' master switch)
[1 - Suricata-Main] 2025-05-18 18:09:37 Config: exception-policy: stream.midstream-policy: ignore (defined via 'exception-policy' master switch)
[1 - Suricata-Main] 2025-05-18 18:09:37 Config: stream-tcp: stream."inline": disabled
[1 - Suricata-Main] 2025-05-18 18:09:37 Config: stream-tcp: stream "bypass": disabled
[1 - Suricata-Main] 2025-05-18 18:09:37 Config: stream-tcp: stream.reassembly.urgent.policy": inline
[1 - Suricata-Main] 2025-05-18 18:09:37 Config: stream-tcp: stream "max-syn-queued": 10
[1 - Suricata-Main] 2025-05-18 18:09:37 Config: stream-tcp: stream "max-synack-queued": 5
[1 - Suricata-Main] 2025-05-18 18:09:37 Config: stream-tcp: stream.reassembly "memcap": 268435456
[1 - Suricata-Main] 2025-05-18 18:09:37 Config: stream-tcp: stream.reassembly "depth": 1048576
[1 - Suricata-Main] 2025-05-18 18:09:37 Config: stream-tcp: stream.reassembly "toserver-chunk-size": 2497
[1 - Suricata-Main] 2025-05-18 18:09:37 Config: stream-tcp: stream.reassembly "toclient-chunk-size": 2461
[1 - Suricata-Main] 2025-05-18 18:09:37 Config: stream-tcp: stream.reassembly.raw: enabled
[1 - Suricata-Main] 2025-05-18 18:09:37 Config: stream-tcp: stream.liberal-timestamps: disabled
[1 - Suricata-Main] 2025-05-18 18:09:37 Config: stream-tcp-reassemble: stream.reassembly "segment-prealloc": 2048
[1 - Suricata-Main] 2025-05-18 18:09:37 Config: stream-tcp-reassemble: stream.reassembly "max-regions": 8
[1 - Suricata-Main] 2025-05-18 18:09:37 Info: conf: Running in live mode, activating unix socket
[1 - Suricata-Main] 2025-05-18 18:09:37 Info: logopenfile: fast output device (regular) initialized: fast.log
[1 - Suricata-Main] 2025-05-18 18:09:37 Info: logopenfile: eve-log output device (regular) initialized: eve.json
[1 - Suricata-Main] 2025-05-18 18:09:37 Config: runmodes: enabling 'eve-log' module 'alert'
[1 - Suricata-Main] 2025-05-18 18:09:37 Config: runmodes: enabling 'eve-log' module 'frame'
[1 - Suricata-Main] 2025-05-18 18:09:37 Config: runmodes: enabling 'eve-log' module 'anomaly'
[1 - Suricata-Main] 2025-05-18 18:09:37 Config: runmodes: enabling 'eve-log' module 'http'
[1 - Suricata-Main] 2025-05-18 18:09:37 Config: runmodes: enabling 'eve-log' module 'dns'
[1 - Suricata-Main] 2025-05-18 18:09:37 Config: runmodes: enabling 'eve-log' module 'tls'
[1 - Suricata-Main] 2025-05-18 18:09:37 Config: runmodes: enabling 'eve-log' module 'files'
[1 - Suricata-Main] 2025-05-18 18:09:37 Config: runmodes: enabling 'eve-log' module 'smtp'
[1 - Suricata-Main] 2025-05-18 18:09:37 Config: runmodes: enabling 'eve-log' module 'ftp'
[1 - Suricata-Main] 2025-05-18 18:09:37 Config: runmodes: enabling 'eve-log' module 'rdp'
[1 - Suricata-Main] 2025-05-18 18:09:37 Config: runmodes: enabling 'eve-log' module 'nfs'
[1 - Suricata-Main] 2025-05-18 18:09:37 Config: runmodes: enabling 'eve-log' module 'smb'
[1 - Suricata-Main] 2025-05-18 18:09:37 Config: runmodes: enabling 'eve-log' module 'tftp'
[1 - Suricata-Main] 2025-05-18 18:09:37 Config: runmodes: enabling 'eve-log' module 'ike'
[1 - Suricata-Main] 2025-05-18 18:09:37 Config: runmodes: enabling 'eve-log' module 'dcerpc'
[1 - Suricata-Main] 2025-05-18 18:09:37 Config: runmodes: enabling 'eve-log' module 'krb5'
[1 - Suricata-Main] 2025-05-18 18:09:37 Config: runmodes: enabling 'eve-log' module 'bittorrent-dht'
[1 - Suricata-Main] 2025-05-18 18:09:37 Config: runmodes: enabling 'eve-log' module 'snmp'
[1 - Suricata-Main] 2025-05-18 18:09:37 Config: runmodes: enabling 'eve-log' module 'rfb'
[1 - Suricata-Main] 2025-05-18 18:09:37 Config: runmodes: enabling 'eve-log' module 'sip'
[1 - Suricata-Main] 2025-05-18 18:09:37 Config: runmodes: enabling 'eve-log' module 'quic'
[1 - Suricata-Main] 2025-05-18 18:09:37 Config: runmodes: enabling 'eve-log' module 'dhcp'
[1 - Suricata-Main] 2025-05-18 18:09:37 Config: runmodes: enabling 'eve-log' module 'ssh'
[1 - Suricata-Main] 2025-05-18 18:09:37 Config: runmodes: enabling 'eve-log' module 'mqtt'
[1 - Suricata-Main] 2025-05-18 18:09:37 Config: runmodes: enabling 'eve-log' module 'http2'
[1 - Suricata-Main] 2025-05-18 18:09:37 Config: runmodes: enabling 'eve-log' module 'pgsql'
[1 - Suricata-Main] 2025-05-18 18:09:37 Config: runmodes: enabling 'eve-log' module 'stats'
[1 - Suricata-Main] 2025-05-18 18:09:37 Config: runmodes: enabling 'eve-log' module 'flow'
[1 - Suricata-Main] 2025-05-18 18:09:37 Info: logopenfile: stats output device (regular) initialized: stats.log
[1 - Suricata-Main] 2025-05-18 18:09:37 Config: landlock: Landlock is not enabled in configuration
[1 - Suricata-Main] 2025-05-18 18:09:37 Config: suricata: Delayed detect disabled
[1 - Suricata-Main] 2025-05-18 18:09:37 Config: detect: pattern matchers: MPM: ac, SPM: bm
[1 - Suricata-Main] 2025-05-18 18:09:37 Config: detect: grouping: tcp-whitelist (default) 53, 80, 139, 443, 445, 1433, 3306, 3389, 6666, 6667, 8080
[1 - Suricata-Main] 2025-05-18 18:09:37 Config: detect: grouping: udp-whitelist (default) 53, 135, 5060
[1 - Suricata-Main] 2025-05-18 18:09:37 Config: detect: prefilter engines: MPM
[1 - Suricata-Main] 2025-05-18 18:09:37 Config: reputation: IP reputation disabled
[1 - Suricata-Main] 2025-05-18 18:09:37 Config: detect: Loading rule file: /var/lib/suricata/rules/suricata.rules
[1 - Suricata-Main] 2025-05-18 18:09:38 Info: detect-fast-pattern: fast_pattern is ineffective with base64_data
[1 - Suricata-Main] 2025-05-18 18:09:38 Info: detect-fast-pattern: fast_pattern is ineffective with base64_data
[1 - Suricata-Main] 2025-05-18 18:09:39 Info: detect: 1 rule files processed. 42614 rules successfully loaded, 0 rules failed, 0
[1 - Suricata-Main] 2025-05-18 18:09:39 Info: threshold-config: Threshold config parsed: 0 rule(s) found
[1 - Suricata-Main] 2025-05-18 18:09:39 Info: detect: 42617 signatures processed. 1270 are IP-only rules, 4333 are inspecting packet payload, 36797 inspect application layer, 109 are decoder event only
[1 - Suricata-Main] 2025-05-18 18:09:39 Config: detect: building signature grouping structure, stage 1: preprocessing rules... complete
[1 - Suricata-Main] 2025-05-18 18:09:39 Perf: detect: TCP toserver: 41 port groups, 40 unique SGH's, 1 copies
[1 - Suricata-Main] 2025-05-18 18:09:39 Perf: detect: TCP toclient: 21 port groups, 21 unique SGH's, 0 copies
[1 - Suricata-Main] 2025-05-18 18:09:39 Perf: detect: UDP toserver: 41 port groups, 40 unique SGH's, 1 copies
[1 - Suricata-Main] 2025-05-18 18:09:39 Perf: detect: UDP toclient: 21 port groups, 17 unique SGH's, 4 copies
[1 - Suricata-Main] 2025-05-18 18:09:39 Perf: detect: OTHER toserver: 254 proto groups, 4 unique SGH's, 250 copies
[1 - Suricata-Main] 2025-05-18 18:09:39 Perf: detect: OTHER toclient: 254 proto groups, 0 unique SGH's, 254 copies
[1 - Suricata-Main] 2025-05-18 18:09:40 Perf: detect: Unique rule groups: 122
[1 - Suricata-Main] 2025-05-18 18:09:40 Perf: detect: Builtin MPM "toserver TCP packet": 31
[1 - Suricata-Main] 2025-05-18 18:09:40 Perf: detect: Builtin MPM "toclient TCP packet": 20
[1 - Suricata-Main] 2025-05-18 18:09:40 Perf: detect: Builtin MPM "toserver TCP stream": 34
[1 - Suricata-Main] 2025-05-18 18:09:40 Perf: detect: Builtin MPM "toclient TCP stream": 19
[1 - Suricata-Main] 2025-05-18 18:09:40 Perf: detect: Builtin MPM "toserver UDP packet": 40
[1 - Suricata-Main] 2025-05-18 18:09:40 Perf: detect: Builtin MPM "toclient UDP packet": 17
[1 - Suricata-Main] 2025-05-18 18:09:40 Perf: detect: Builtin MPM "other IP packet": 3
[1 - Suricata-Main] 2025-05-18 18:09:40 Perf: detect: AppLayer MPM "toserver http_uri (http)": 16
[1 - Suricata-Main] 2025-05-18 18:09:40 Perf: detect: AppLayer MPM "toserver http_uri (http2)": 16
[1 - Suricata-Main] 2025-05-18 18:09:40 Perf: detect: AppLayer MPM "toserver http_raw_uri (http)": 2
[1 - Suricata-Main] 2025-05-18 18:09:40 Perf: detect: AppLayer MPM "toserver http_raw_uri (http)": 2
[1 - Suricata-Main] 2025-05-18 18:09:40 Perf: detect: AppLayer MPM "toserver http_raw_uri (http2)": 2
[1 - Suricata-Main] 2025-05-18 18:09:40 Perf: detect: AppLayer MPM "toserver http_raw_uri (http2)": 2
[1 - Suricata-Main] 2025-05-18 18:09:40 Perf: detect: AppLayer MPM "toserver http_request_line (http)": 8
[1 - Suricata-Main] 2025-05-18 18:09:40 Perf: detect: AppLayer MPM "toserver http_request_line (http2)": 8
[1 - Suricata-Main] 2025-05-18 18:09:40 Perf: detect: AppLayer MPM "toserver http_client_body (http)": 14
[1 - Suricata-Main] 2025-05-18 18:09:40 Perf: detect: AppLayer MPM "toserver http_client_body (http)": 2
[1 - Suricata-Main] 2025-05-18 18:09:40 Perf: detect: AppLayer MPM "toserver http_client_body (http2)": 14
[1 - Suricata-Main] 2025-05-18 18:09:40 Perf: detect: AppLayer MPM "toserver http_client_body (http2)": 2
[1 - Suricata-Main] 2025-05-18 18:09:40 Perf: detect: AppLayer MPM "toclient http_response_line (http)": 2
[1 - Suricata-Main] 2025-05-18 18:09:40 Perf: detect: AppLayer MPM "toclient http_response_line (http2)": 2
[1 - Suricata-Main] 2025-05-18 18:09:40 Perf: detect: AppLayer MPM "toserver http_header (http)": 10
[1 - Suricata-Main] 2025-05-18 18:09:40 Perf: detect: AppLayer MPM "toserver http_header (http)": 1
[1 - Suricata-Main] 2025-05-18 18:09:40 Perf: detect: AppLayer MPM "toserver http_header (http)": 4
[1 - Suricata-Main] 2025-05-18 18:09:40 Perf: detect: AppLayer MPM "toserver http_header (http)": 4
[1 - Suricata-Main] 2025-05-18 18:09:40 Perf: detect: AppLayer MPM "toserver http_header (http)": 10
[1 - Suricata-Main] 2025-05-18 18:09:40 Perf: detect: AppLayer MPM "toclient http_header (http)": 10
[1 - Suricata-Main] 2025-05-18 18:09:40 Perf: detect: AppLayer MPM "toclient http_header (http)": 1
[1 - Suricata-Main] 2025-05-18 18:09:40 Perf: detect: AppLayer MPM "toclient http_header (http)": 4
[1 - Suricata-Main] 2025-05-18 18:09:40 Perf: detect: AppLayer MPM "toclient http_header (http)": 4
[1 - Suricata-Main] 2025-05-18 18:09:40 Perf: detect: AppLayer MPM "toclient http_header (http)": 10
[1 - Suricata-Main] 2025-05-18 18:09:40 Perf: detect: AppLayer MPM "toserver http_header (http2)": 10
[1 - Suricata-Main] 2025-05-18 18:09:40 Perf: detect: AppLayer MPM "toserver http_header (http2)": 1
[1 - Suricata-Main] 2025-05-18 18:09:40 Perf: detect: AppLayer MPM "toserver http_header (http2)": 4
[1 - Suricata-Main] 2025-05-18 18:09:40 Perf: detect: AppLayer MPM "toserver http_header (http2)": 4
[1 - Suricata-Main] 2025-05-18 18:09:40 Perf: detect: AppLayer MPM "toserver http_header (http2)": 10
[1 - Suricata-Main] 2025-05-18 18:09:40 Perf: detect: AppLayer MPM "toclient http_header (http2)": 10
[1 - Suricata-Main] 2025-05-18 18:09:40 Perf: detect: AppLayer MPM "toclient http_header (http2)": 1
[1 - Suricata-Main] 2025-05-18 18:09:40 Perf: detect: AppLayer MPM "toclient http_header (http2)": 4
[1 - Suricata-Main] 2025-05-18 18:09:40 Perf: detect: AppLayer MPM "toclient http_header (http2)": 4
[1 - Suricata-Main] 2025-05-18 18:09:40 Perf: detect: AppLayer MPM "toclient http_header (http2)": 10
[1 - Suricata-Main] 2025-05-18 18:09:40 Perf: detect: AppLayer MPM "toserver http_request_header (http2)": 2
[1 - Suricata-Main] 2025-05-18 18:09:40 Perf: detect: AppLayer MPM "toserver http_request_header (http2)": 4
[1 - Suricata-Main] 2025-05-18 18:09:40 Perf: detect: AppLayer MPM "toserver http_request_header (http)": 2
[1 - Suricata-Main] 2025-05-18 18:09:40 Perf: detect: AppLayer MPM "toserver http_request_header (http)": 4
[1 - Suricata-Main] 2025-05-18 18:09:40 Perf: detect: AppLayer MPM "toclient http_response_header (http2)": 2
[1 - Suricata-Main] 2025-05-18 18:09:40 Perf: detect: AppLayer MPM "toclient http_response_header (http2)": 2
[1 - Suricata-Main] 2025-05-18 18:09:40 Perf: detect: AppLayer MPM "toclient http_response_header (http2)": 2
[1 - Suricata-Main] 2025-05-18 18:09:40 Perf: detect: AppLayer MPM "toclient http_response_header (http2)": 2
[1 - Suricata-Main] 2025-05-18 18:09:40 Perf: detect: AppLayer MPM "toclient http_response_header (http)": 2
[1 - Suricata-Main] 2025-05-18 18:09:40 Perf: detect: AppLayer MPM "toclient http_response_header (http)": 2
[1 - Suricata-Main] 2025-05-18 18:09:40 Perf: detect: AppLayer MPM "toclient http_response_header (http)": 2
[1 - Suricata-Main] 2025-05-18 18:09:40 Perf: detect: AppLayer MPM "toclient http_response_header (http)": 2
[1 - Suricata-Main] 2025-05-18 18:09:40 Perf: detect: AppLayer MPM "toserver http_header_names (http)": 11
[1 - Suricata-Main] 2025-05-18 18:09:40 Perf: detect: AppLayer MPM "toserver http_header_names (http)": 1
[1 - Suricata-Main] 2025-05-18 18:09:40 Perf: detect: AppLayer MPM "toserver http_header_names (http)": 2
[1 - Suricata-Main] 2025-05-18 18:09:40 Perf: detect: AppLayer MPM "toserver http_header_names (http)": 4
[1 - Suricata-Main] 2025-05-18 18:09:40 Perf: detect: AppLayer MPM "toserver http_header_names (http)": 8
[1 - Suricata-Main] 2025-05-18 18:09:40 Perf: detect: AppLayer MPM "toclient http_header_names (http)": 11
[1 - Suricata-Main] 2025-05-18 18:09:40 Perf: detect: AppLayer MPM "toclient http_header_names (http)": 1
[1 - Suricata-Main] 2025-05-18 18:09:40 Perf: detect: AppLayer MPM "toclient http_header_names (http)": 2
[1 - Suricata-Main] 2025-05-18 18:09:40 Perf: detect: AppLayer MPM "toclient http_header_names (http)": 4
[1 - Suricata-Main] 2025-05-18 18:09:40 Perf: detect: AppLayer MPM "toclient http_header_names (http)": 8
[1 - Suricata-Main] 2025-05-18 18:09:40 Perf: detect: AppLayer MPM "toserver http_header_names (http2)": 11
[1 - Suricata-Main] 2025-05-18 18:09:40 Perf: detect: AppLayer MPM "toserver http_header_names (http2)": 1
[1 - Suricata-Main] 2025-05-18 18:09:40 Perf: detect: AppLayer MPM "toserver http_header_names (http2)": 2
[1 - Suricata-Main] 2025-05-18 18:09:40 Perf: detect: AppLayer MPM "toserver http_header_names (http2)": 4
[1 - Suricata-Main] 2025-05-18 18:09:40 Perf: detect: AppLayer MPM "toserver http_header_names (http2)": 8
[1 - Suricata-Main] 2025-05-18 18:09:40 Perf: detect: AppLayer MPM "toclient http_header_names (http2)": 11
[1 - Suricata-Main] 2025-05-18 18:09:40 Perf: detect: AppLayer MPM "toclient http_header_names (http2)": 1
[1 - Suricata-Main] 2025-05-18 18:09:40 Perf: detect: AppLayer MPM "toclient http_header_names (http2)": 2
[1 - Suricata-Main] 2025-05-18 18:09:40 Perf: detect: AppLayer MPM "toclient http_header_names (http2)": 4
[1 - Suricata-Main] 2025-05-18 18:09:40 Perf: detect: AppLayer MPM "toclient http_header_names (http2)": 8
[1 - Suricata-Main] 2025-05-18 18:09:40 Perf: detect: AppLayer MPM "toserver http_accept (http)": 8
[1 - Suricata-Main] 2025-05-18 18:09:40 Perf: detect: AppLayer MPM "toserver http_accept (http2)": 8
[1 - Suricata-Main] 2025-05-18 18:09:40 Perf: detect: AppLayer MPM "toserver http_accept_enc (http)": 2
[1 - Suricata-Main] 2025-05-18 18:09:40 Perf: detect: AppLayer MPM "toserver http_accept_enc (http2)": 2
[1 - Suricata-Main] 2025-05-18 18:09:40 Perf: detect: AppLayer MPM "toserver http_accept_lang (http)": 2
[1 - Suricata-Main] 2025-05-18 18:09:40 Perf: detect: AppLayer MPM "toserver http_accept_lang (http2)": 2
[1 - Suricata-Main] 2025-05-18 18:09:40 Perf: detect: AppLayer MPM "toserver http_referer (http)": 2
[1 - Suricata-Main] 2025-05-18 18:09:40 Perf: detect: AppLayer MPM "toserver http_referer (http2)": 2
[1 - Suricata-Main] 2025-05-18 18:09:40 Perf: detect: AppLayer MPM "toserver http_connection (http)": 2
[1 - Suricata-Main] 2025-05-18 18:09:40 Perf: detect: AppLayer MPM "toserver http_connection (http2)": 2
[1 - Suricata-Main] 2025-05-18 18:09:40 Perf: detect: AppLayer MPM "toclient http_connection (http)": 2
[1 - Suricata-Main] 2025-05-18 18:09:40 Perf: detect: AppLayer MPM "toclient http_connection (http2)": 2
[1 - Suricata-Main] 2025-05-18 18:09:40 Perf: detect: AppLayer MPM "toserver http_content_len (http)": 4
[1 - Suricata-Main] 2025-05-18 18:09:40 Perf: detect: AppLayer MPM "toserver http_content_len (http2)": 4
[1 - Suricata-Main] 2025-05-18 18:09:40 Perf: detect: AppLayer MPM "toclient http_content_len (http)": 4
[1 - Suricata-Main] 2025-05-18 18:09:40 Perf: detect: AppLayer MPM "toclient http_content_len (http2)": 4
[1 - Suricata-Main] 2025-05-18 18:09:40 Perf: detect: AppLayer MPM "toserver http_content_type (http)": 4
[1 - Suricata-Main] 2025-05-18 18:09:40 Perf: detect: AppLayer MPM "toserver http_content_type (http2)": 4
[1 - Suricata-Main] 2025-05-18 18:09:40 Perf: detect: AppLayer MPM "toclient http_content_type (http)": 4
[1 - Suricata-Main] 2025-05-18 18:09:40 Perf: detect: AppLayer MPM "toclient http_content_type (http2)": 4
[1 - Suricata-Main] 2025-05-18 18:09:40 Perf: detect: AppLayer MPM "toclient http.server (http)": 4
[1 - Suricata-Main] 2025-05-18 18:09:40 Perf: detect: AppLayer MPM "toclient http.server (http2)": 4
[1 - Suricata-Main] 2025-05-18 18:09:40 Perf: detect: AppLayer MPM "toclient http.location (http)": 2
[1 - Suricata-Main] 2025-05-18 18:09:40 Perf: detect: AppLayer MPM "toclient http.location (http2)": 2
[1 - Suricata-Main] 2025-05-18 18:09:40 Perf: detect: AppLayer MPM "toserver http_start (http)": 6
[1 - Suricata-Main] 2025-05-18 18:09:40 Perf: detect: AppLayer MPM "toclient http_start (http)": 6
[1 - Suricata-Main] 2025-05-18 18:09:40 Perf: detect: AppLayer MPM "toserver http_raw_header (http)": 4
[1 - Suricata-Main] 2025-05-18 18:09:40 Perf: detect: AppLayer MPM "toserver http_raw_header (http)": 2
[1 - Suricata-Main] 2025-05-18 18:09:40 Perf: detect: AppLayer MPM "toserver http_raw_header (http)": 4
[1 - Suricata-Main] 2025-05-18 18:09:40 Perf: detect: AppLayer MPM "toclient http_raw_header (http)": 4
[1 - Suricata-Main] 2025-05-18 18:09:40 Perf: detect: AppLayer MPM "toclient http_raw_header (http)": 2
[1 - Suricata-Main] 2025-05-18 18:09:40 Perf: detect: AppLayer MPM "toclient http_raw_header (http)": 4
[1 - Suricata-Main] 2025-05-18 18:09:40 Perf: detect: AppLayer MPM "toserver http_raw_header (http2)": 4
[1 - Suricata-Main] 2025-05-18 18:09:40 Perf: detect: AppLayer MPM "toserver http_raw_header (http2)": 2
[1 - Suricata-Main] 2025-05-18 18:09:40 Perf: detect: AppLayer MPM "toserver http_raw_header (http2)": 4
[1 - Suricata-Main] 2025-05-18 18:09:40 Perf: detect: AppLayer MPM "toclient http_raw_header (http2)": 4
[1 - Suricata-Main] 2025-05-18 18:09:40 Perf: detect: AppLayer MPM "toclient http_raw_header (http2)": 2
[1 - Suricata-Main] 2025-05-18 18:09:40 Perf: detect: AppLayer MPM "toclient http_raw_header (http2)": 4
[1 - Suricata-Main] 2025-05-18 18:09:40 Perf: detect: AppLayer MPM "toserver http_method (http)": 4
[1 - Suricata-Main] 2025-05-18 18:09:40 Perf: detect: AppLayer MPM "toserver http_method (http2)": 4
[1 - Suricata-Main] 2025-05-18 18:09:40 Perf: detect: AppLayer MPM "toserver http_cookie (http)": 8
[1 - Suricata-Main] 2025-05-18 18:09:40 Perf: detect: AppLayer MPM "toclient http_cookie (http)": 8
[1 - Suricata-Main] 2025-05-18 18:09:40 Perf: detect: AppLayer MPM "toserver http_cookie (http2)": 8
[1 - Suricata-Main] 2025-05-18 18:09:40 Perf: detect: AppLayer MPM "toclient http_cookie (http2)": 8
[1 - Suricata-Main] 2025-05-18 18:09:40 Perf: detect: AppLayer MPM "toserver http_user_agent (http)": 15
[1 - Suricata-Main] 2025-05-18 18:09:40 Perf: detect: AppLayer MPM "toserver http_user_agent (http2)": 15
[1 - Suricata-Main] 2025-05-18 18:09:40 Perf: detect: AppLayer MPM "toserver http_host (http)": 2
[1 - Suricata-Main] 2025-05-18 18:09:40 Perf: detect: AppLayer MPM "toserver http_host (http)": 4
[1 - Suricata-Main] 2025-05-18 18:09:40 Perf: detect: AppLayer MPM "toserver http_host (http2)": 2
[1 - Suricata-Main] 2025-05-18 18:09:40 Perf: detect: AppLayer MPM "toserver http_host (http2)": 4
[1 - Suricata-Main] 2025-05-18 18:09:40 Perf: detect: AppLayer MPM "toserver http_raw_host (http)": 2
[1 - Suricata-Main] 2025-05-18 18:09:40 Perf: detect: AppLayer MPM "toserver http_raw_host (http2)": 2
[1 - Suricata-Main] 2025-05-18 18:09:40 Perf: detect: AppLayer MPM "toclient http_stat_code (http)": 4
[1 - Suricata-Main] 2025-05-18 18:09:40 Perf: detect: AppLayer MPM "toclient http_stat_code (http2)": 4
[1 - Suricata-Main] 2025-05-18 18:09:40 Perf: detect: AppLayer MPM "toserver dns_query (dns)": 2
[1 - Suricata-Main] 2025-05-18 18:09:40 Perf: detect: AppLayer MPM "toserver dns_query (dns)": 1
[1 - Suricata-Main] 2025-05-18 18:09:40 Perf: detect: AppLayer MPM "toserver tls.sni (tls)": 3
[1 - Suricata-Main] 2025-05-18 18:09:40 Perf: detect: AppLayer MPM "toserver tls.sni (tls)": 1
[1 - Suricata-Main] 2025-05-18 18:09:40 Perf: detect: AppLayer MPM "toserver tls.cert_issuer (tls)": 6
[1 - Suricata-Main] 2025-05-18 18:09:40 Perf: detect: AppLayer MPM "toclient tls.cert_issuer (tls)": 6
[1 - Suricata-Main] 2025-05-18 18:09:40 Perf: detect: AppLayer MPM "toserver tls.cert_subject (tls)": 4
[1 - Suricata-Main] 2025-05-18 18:09:40 Perf: detect: AppLayer MPM "toclient tls.cert_subject (tls)": 4
[1 - Suricata-Main] 2025-05-18 18:09:40 Perf: detect: AppLayer MPM "toclient tls.cert_serial (tls)": 2
[1 - Suricata-Main] 2025-05-18 18:09:40 Perf: detect: AppLayer MPM "toserver tls.cert_serial (tls)": 2
[1 - Suricata-Main] 2025-05-18 18:09:40 Perf: detect: AppLayer MPM "toclient tls.cert_fingerprint (tls)": 1
[1 - Suricata-Main] 2025-05-18 18:09:40 Perf: detect: AppLayer MPM "toserver tls.cert_fingerprint (tls)": 1
[1 - Suricata-Main] 2025-05-18 18:09:40 Perf: detect: AppLayer MPM "toclient tls.certs (tls)": 2
[1 - Suricata-Main] 2025-05-18 18:09:40 Perf: detect: AppLayer MPM "toserver tls.certs (tls)": 2
[1 - Suricata-Main] 2025-05-18 18:09:40 Perf: detect: AppLayer MPM "toserver ja3.hash (tls)": 2
[1 - Suricata-Main] 2025-05-18 18:09:40 Perf: detect: AppLayer MPM "toserver ja3.hash (quic)": 2
[1 - Suricata-Main] 2025-05-18 18:09:40 Perf: detect: AppLayer MPM "toclient ja3s.hash (tls)": 1
[1 - Suricata-Main] 2025-05-18 18:09:40 Perf: detect: AppLayer MPM "toclient ja3s.hash (quic)": 1
[1 - Suricata-Main] 2025-05-18 18:09:40 Perf: detect: AppLayer MPM "toserver ssh.proto (ssh)": 1
[1 - Suricata-Main] 2025-05-18 18:09:40 Perf: detect: AppLayer MPM "toclient ssh.proto (ssh)": 1
[1 - Suricata-Main] 2025-05-18 18:09:40 Perf: detect: AppLayer MPM "toclient file_data (nfs)": 17
[1 - Suricata-Main] 2025-05-18 18:09:40 Perf: detect: AppLayer MPM "toclient file_data (nfs)": 2
[1 - Suricata-Main] 2025-05-18 18:09:40 Perf: detect: AppLayer MPM "toserver file_data (nfs)": 17
[1 - Suricata-Main] 2025-05-18 18:09:40 Perf: detect: AppLayer MPM "toserver file_data (nfs)": 2
[1 - Suricata-Main] 2025-05-18 18:09:40 Perf: detect: AppLayer MPM "toclient file_data (smb)": 17
[1 - Suricata-Main] 2025-05-18 18:09:40 Perf: detect: AppLayer MPM "toclient file_data (smb)": 2
[1 - Suricata-Main] 2025-05-18 18:09:40 Perf: detect: AppLayer MPM "toserver file_data (smb)": 17
[1 - Suricata-Main] 2025-05-18 18:09:40 Perf: detect: AppLayer MPM "toserver file_data (smb)": 2
[1 - Suricata-Main] 2025-05-18 18:09:40 Perf: detect: AppLayer MPM "toclient file_data (ftp)": 17
[1 - Suricata-Main] 2025-05-18 18:09:40 Perf: detect: AppLayer MPM "toclient file_data (ftp)": 2
[1 - Suricata-Main] 2025-05-18 18:09:40 Perf: detect: AppLayer MPM "toserver file_data (ftp)": 17
[1 - Suricata-Main] 2025-05-18 18:09:40 Perf: detect: AppLayer MPM "toserver file_data (ftp)": 2
[1 - Suricata-Main] 2025-05-18 18:09:40 Perf: detect: AppLayer MPM "toclient file_data (ftp-data)": 17
[1 - Suricata-Main] 2025-05-18 18:09:40 Perf: detect: AppLayer MPM "toclient file_data (ftp-data)": 2
[1 - Suricata-Main] 2025-05-18 18:09:40 Perf: detect: AppLayer MPM "toserver file_data (ftp-data)": 17
[1 - Suricata-Main] 2025-05-18 18:09:40 Perf: detect: AppLayer MPM "toserver file_data (ftp-data)": 2
[1 - Suricata-Main] 2025-05-18 18:09:40 Perf: detect: AppLayer MPM "toclient file_data (http)": 17
[1 - Suricata-Main] 2025-05-18 18:09:40 Perf: detect: AppLayer MPM "toclient file_data (http)": 2
[1 - Suricata-Main] 2025-05-18 18:09:40 Perf: detect: AppLayer MPM "toserver file_data (http)": 17
[1 - Suricata-Main] 2025-05-18 18:09:40 Perf: detect: AppLayer MPM "toserver file_data (http)": 2
[1 - Suricata-Main] 2025-05-18 18:09:40 Perf: detect: AppLayer MPM "toclient file_data (http2)": 17
[1 - Suricata-Main] 2025-05-18 18:09:40 Perf: detect: AppLayer MPM "toclient file_data (http2)": 2
[1 - Suricata-Main] 2025-05-18 18:09:40 Perf: detect: AppLayer MPM "toserver file_data (http2)": 17
[1 - Suricata-Main] 2025-05-18 18:09:40 Perf: detect: AppLayer MPM "toserver file_data (http2)": 2
[1 - Suricata-Main] 2025-05-18 18:09:40 Perf: detect: AppLayer MPM "toserver file_data (smtp)": 17
[1 - Suricata-Main] 2025-05-18 18:09:40 Perf: detect: AppLayer MPM "toserver file_data (smtp)": 2
[1 - Suricata-Main] 2025-05-18 18:09:40 Perf: detect: Pkt MPM "icmpv6.hdr": 1
[1 - Suricata-Main] 2025-05-18 18:09:40 Perf: detect: Pkt MPM "ipv6.hdr": 1
[1 - Suricata-Main] 2025-05-18 18:09:43 Config: af-packet: enp0s3: using flow cluster mode for AF_PACKET
[1 - Suricata-Main] 2025-05-18 18:09:43 Perf: af-packet: enp0s3: cluster_flow: 5 cores, using 5 threads
[1 - Suricata-Main] 2025-05-18 18:09:43 Perf: ioctl: enp0s3: disabling gro offloading
[1 - Suricata-Main] 2025-05-18 18:09:43 Perf: ioctl: enp0s3: disabling tso offloading
[1 - Suricata-Main] 2025-05-18 18:09:43 Perf: ioctl: enp0s3: disabling gso offloading
[1 - Suricata-Main] 2025-05-18 18:09:43 Perf: ioctl: enp0s3: disabling sg offloading
[1 - Suricata-Main] 2025-05-18 18:09:43 Warning: af-packet: enp0s3: AF_PACKET tpacket-v3 is recommended for non-inline operation
[1 - Suricata-Main] 2025-05-18 18:09:43 Info: runmodes: enp0s3: creating 5 threads
[1 - Suricata-Main] 2025-05-18 18:09:43 Config: flow-manager: using 1 flow manager threads
[1 - Suricata-Main] 2025-05-18 18:09:43 Config: flow-manager: using 1 flow recycler threads
[1 - Suricata-Main] 2025-05-18 18:09:43 Info: unix-manager: unix socket '/var/run/suricata/suricata-command.socket'
[12 - W#01-enp0s3] 2025-05-18 18:09:43 Config: af-packet: enp0s3: defrag enabled, setting snaplen to 9216
[12 - W#01-enp0s3] 2025-05-18 18:09:43 Perf: af-packet: enp0s3: rx ring: block_size=131072 block_nr=30 frame_size=9296 frame_nr=420
[13 - W#02-enp0s3] 2025-05-18 18:09:43 Config: af-packet: enp0s3: defrag enabled, setting snaplen to 9216
[13 - W#02-enp0s3] 2025-05-18 18:09:43 Perf: af-packet: enp0s3: rx ring: block_size=131072 block_nr=30 frame_size=9296 frame_nr=420
[14 - W#03-enp0s3] 2025-05-18 18:09:43 Config: af-packet: enp0s3: defrag enabled, setting snaplen to 9216
[14 - W#03-enp0s3] 2025-05-18 18:09:43 Perf: af-packet: enp0s3: rx ring: block_size=131072 block_nr=30 frame_size=9296 frame_nr=420
[15 - W#04-enp0s3] 2025-05-18 18:09:43 Config: af-packet: enp0s3: defrag enabled, setting snaplen to 9216
[15 - W#04-enp0s3] 2025-05-18 18:09:43 Perf: af-packet: enp0s3: rx ring: block_size=131072 block_nr=30 frame_size=9296 frame_nr=420
[16 - W#05-enp0s3] 2025-05-18 18:09:43 Config: af-packet: enp0s3: defrag enabled, setting snaplen to 9216
[16 - W#05-enp0s3] 2025-05-18 18:09:43 Perf: af-packet: enp0s3: rx ring: block_size=131072 block_nr=30 frame_size=9296 frame_nr=420
[1 - Suricata-Main] 2025-05-18 18:09:43 Notice: threads: Threads created -> W: 5 FM: 1 FR: 1   Engine started.
[1 - Suricata-Main] 2025-05-18 18:10:49 Notice: suricata: Signal Received.  Stopping engine.
[1 - Suricata-Main] 2025-05-18 18:10:49 Info: suricata: time elapsed 66.183s
[18 - FR#01] 2025-05-18 18:10:50 Perf: flow-manager: 166 flows processed
[12 - W#01-enp0s3] 2025-05-18 18:10:50 Perf: af-packet: enp0s3: (W#01-enp0s3) kernel: Packets 539, dropped 0
[13 - W#02-enp0s3] 2025-05-18 18:10:50 Perf: af-packet: enp0s3: (W#02-enp0s3) kernel: Packets 498, dropped 0
[14 - W#03-enp0s3] 2025-05-18 18:10:50 Perf: af-packet: enp0s3: (W#03-enp0s3) kernel: Packets 555, dropped 0
[15 - W#04-enp0s3] 2025-05-18 18:10:50 Perf: af-packet: enp0s3: (W#04-enp0s3) kernel: Packets 368, dropped 0
[16 - W#05-enp0s3] 2025-05-18 18:10:50 Perf: af-packet: enp0s3: (W#05-enp0s3) kernel: Packets 338, dropped 0
[1 - Suricata-Main] 2025-05-18 18:10:50 Info: counters: Alerts: 0
[1 - Suricata-Main] 2025-05-18 18:10:50 Perf: ippair: ippair memory usage: 414144 bytes, maximum: 16777216
[1 - Suricata-Main] 2025-05-18 18:10:50 Perf: host: host memory usage: 398144 bytes, maximum: 33554432
[1 - Suricata-Main] 2025-05-18 18:10:50 Notice: device: enp0s3: packets: 2298, drops: 0 (0.00%), invalid chksum: 0
[1 - Suricata-Main] 2025-05-18 18:10:50 Perf: ioctl: enp0s3: restoring gro offloading
[1 - Suricata-Main] 2025-05-18 18:10:50 Perf: ioctl: enp0s3: restoring tso offloading
[1 - Suricata-Main] 2025-05-18 18:10:50 Perf: ioctl: enp0s3: restoring gso offloading
[1 - Suricata-Main] 2025-05-18 18:10:50 Perf: ioctl: enp0s3: restoring sg offloading
[1 - Suricata-Main] 2025-05-18 18:18:10 Notice: suricata: This is Suricata version 7.0.10 RELEASE running in SYSTEM mode
[1 - Suricata-Main] 2025-05-18 18:18:10 Info: cpu: CPUs/cores online: 5
[1 - Suricata-Main] 2025-05-18 18:18:10 Info: suricata: Setting engine mode to IDS mode by default
[1 - Suricata-Main] 2025-05-18 18:18:10 Info: exception-policy: master exception-policy set to: auto
[1 - Suricata-Main] 2025-05-18 18:18:10 Config: exception-policy: app-layer.error-policy: ignore (defined via 'exception-policy' master switch)
[1 - Suricata-Main] 2025-05-18 18:18:10 Config: app-layer-htp: 'default' server has 'request-body-minimal-inspect-size' set to 34288 and 'request-body-inspect-window' set to 4248 after randomization.
[1 - Suricata-Main] 2025-05-18 18:18:10 Config: app-layer-htp: 'default' server has 'response-body-minimal-inspect-size' set to 39966 and 'response-body-inspect-window' set to 16436 after randomization.
[1 - Suricata-Main] 2025-05-18 18:18:10 Config: smb: read: max record size: 16777216, max queued chunks 64, max queued size 67108864
[1 - Suricata-Main] 2025-05-18 18:18:10 Config: smb: write: max record size: 16777216, max queued chunks 64, max queued size 67108864
[1 - Suricata-Main] 2025-05-18 18:18:10 Config: app-layer-enip: Protocol detection and parser disabled for enip protocol.
[1 - Suricata-Main] 2025-05-18 18:18:10 Config: app-layer-dnp3: Protocol detection and parser disabled for DNP3.
[1 - Suricata-Main] 2025-05-18 18:18:10 Config: host: allocated 262144 bytes of memory for the host hash... 4096 buckets of size 64
[1 - Suricata-Main] 2025-05-18 18:18:10 Config: host: preallocated 1000 hosts of size 136
[1 - Suricata-Main] 2025-05-18 18:18:10 Config: host: host memory usage: 398144 bytes, maximum: 33554432
[1 - Suricata-Main] 2025-05-18 18:18:10 Config: coredump-config: Core dump size is unlimited.
[1 - Suricata-Main] 2025-05-18 18:18:10 Config: exception-policy: defrag.memcap-policy: ignore (defined via 'exception-policy' master switch)
[1 - Suricata-Main] 2025-05-18 18:18:10 Config: defrag-hash: allocated 3670016 bytes of memory for the defrag hash... 65536 buckets of size 56
[1 - Suricata-Main] 2025-05-18 18:18:10 Config: defrag-hash: preallocated 65535 defrag trackers of size 160
[1 - Suricata-Main] 2025-05-18 18:18:10 Config: defrag-hash: defrag memory usage: 14155616 bytes, maximum: 33554432
[1 - Suricata-Main] 2025-05-18 18:18:10 Config: exception-policy: flow.memcap-policy: ignore (defined via 'exception-policy' master switch)
[1 - Suricata-Main] 2025-05-18 18:18:10 Config: flow: flow size 304, memcap allows for 441505 flows. Per hash row in perfect conditions 6
[1 - Suricata-Main] 2025-05-18 18:18:10 Config: stream-tcp: stream "prealloc-sessions": 2048 (per thread)
[1 - Suricata-Main] 2025-05-18 18:18:10 Config: stream-tcp: stream "memcap": 67108864
[1 - Suricata-Main] 2025-05-18 18:18:10 Config: stream-tcp: stream "midstream" session pickups: disabled
[1 - Suricata-Main] 2025-05-18 18:18:10 Config: stream-tcp: stream "async-oneside": disabled
[1 - Suricata-Main] 2025-05-18 18:18:10 Config: stream-tcp: stream "checksum-validation": enabled
[1 - Suricata-Main] 2025-05-18 18:18:10 Config: exception-policy: stream.memcap-policy: ignore (defined via 'exception-policy' master switch)
[1 - Suricata-Main] 2025-05-18 18:18:10 Config: exception-policy: stream.reassembly.memcap-policy: ignore (defined via 'exception-policy' master switch)
[1 - Suricata-Main] 2025-05-18 18:18:10 Config: exception-policy: stream.midstream-policy: ignore (defined via 'exception-policy' master switch)
[1 - Suricata-Main] 2025-05-18 18:18:10 Config: stream-tcp: stream."inline": disabled
[1 - Suricata-Main] 2025-05-18 18:18:10 Config: stream-tcp: stream "bypass": disabled
[1 - Suricata-Main] 2025-05-18 18:18:10 Config: stream-tcp: stream.reassembly.urgent.policy": inline
[1 - Suricata-Main] 2025-05-18 18:18:10 Config: stream-tcp: stream "max-syn-queued": 10
[1 - Suricata-Main] 2025-05-18 18:18:10 Config: stream-tcp: stream "max-synack-queued": 5
[1 - Suricata-Main] 2025-05-18 18:18:10 Config: stream-tcp: stream.reassembly "memcap": 268435456
[1 - Suricata-Main] 2025-05-18 18:18:10 Config: stream-tcp: stream.reassembly "depth": 1048576
[1 - Suricata-Main] 2025-05-18 18:18:10 Config: stream-tcp: stream.reassembly "toserver-chunk-size": 2460
[1 - Suricata-Main] 2025-05-18 18:18:10 Config: stream-tcp: stream.reassembly "toclient-chunk-size": 2525
[1 - Suricata-Main] 2025-05-18 18:18:10 Config: stream-tcp: stream.reassembly.raw: enabled
[1 - Suricata-Main] 2025-05-18 18:18:10 Config: stream-tcp: stream.liberal-timestamps: disabled
[1 - Suricata-Main] 2025-05-18 18:18:10 Config: stream-tcp-reassemble: stream.reassembly "segment-prealloc": 2048
[1 - Suricata-Main] 2025-05-18 18:18:10 Config: stream-tcp-reassemble: stream.reassembly "max-regions": 8
[1 - Suricata-Main] 2025-05-18 18:18:10 Info: conf: Running in live mode, activating unix socket
[1 - Suricata-Main] 2025-05-18 18:18:10 Info: logopenfile: fast output device (regular) initialized: fast.log
[1 - Suricata-Main] 2025-05-18 18:18:10 Info: logopenfile: eve-log output device (regular) initialized: eve.json
[1 - Suricata-Main] 2025-05-18 18:18:10 Config: runmodes: enabling 'eve-log' module 'alert'
[1 - Suricata-Main] 2025-05-18 18:18:10 Config: runmodes: enabling 'eve-log' module 'frame'
[1 - Suricata-Main] 2025-05-18 18:18:10 Config: runmodes: enabling 'eve-log' module 'anomaly'
[1 - Suricata-Main] 2025-05-18 18:18:10 Config: runmodes: enabling 'eve-log' module 'http'
[1 - Suricata-Main] 2025-05-18 18:18:10 Config: runmodes: enabling 'eve-log' module 'dns'
[1 - Suricata-Main] 2025-05-18 18:18:10 Config: runmodes: enabling 'eve-log' module 'tls'
[1 - Suricata-Main] 2025-05-18 18:18:10 Config: runmodes: enabling 'eve-log' module 'files'
[1 - Suricata-Main] 2025-05-18 18:18:10 Config: runmodes: enabling 'eve-log' module 'smtp'
[1 - Suricata-Main] 2025-05-18 18:18:10 Config: runmodes: enabling 'eve-log' module 'ftp'
[1 - Suricata-Main] 2025-05-18 18:18:10 Config: runmodes: enabling 'eve-log' module 'rdp'
[1 - Suricata-Main] 2025-05-18 18:18:10 Config: runmodes: enabling 'eve-log' module 'nfs'
[1 - Suricata-Main] 2025-05-18 18:18:10 Config: runmodes: enabling 'eve-log' module 'smb'
[1 - Suricata-Main] 2025-05-18 18:18:10 Config: runmodes: enabling 'eve-log' module 'tftp'
[1 - Suricata-Main] 2025-05-18 18:18:10 Config: runmodes: enabling 'eve-log' module 'ike'
[1 - Suricata-Main] 2025-05-18 18:18:10 Config: runmodes: enabling 'eve-log' module 'dcerpc'
[1 - Suricata-Main] 2025-05-18 18:18:10 Config: runmodes: enabling 'eve-log' module 'krb5'
[1 - Suricata-Main] 2025-05-18 18:18:10 Config: runmodes: enabling 'eve-log' module 'bittorrent-dht'
[1 - Suricata-Main] 2025-05-18 18:18:10 Config: runmodes: enabling 'eve-log' module 'snmp'
[1 - Suricata-Main] 2025-05-18 18:18:10 Config: runmodes: enabling 'eve-log' module 'rfb'
[1 - Suricata-Main] 2025-05-18 18:18:10 Config: runmodes: enabling 'eve-log' module 'sip'
[1 - Suricata-Main] 2025-05-18 18:18:10 Config: runmodes: enabling 'eve-log' module 'quic'
[1 - Suricata-Main] 2025-05-18 18:18:10 Config: runmodes: enabling 'eve-log' module 'dhcp'
[1 - Suricata-Main] 2025-05-18 18:18:10 Config: runmodes: enabling 'eve-log' module 'ssh'
[1 - Suricata-Main] 2025-05-18 18:18:10 Config: runmodes: enabling 'eve-log' module 'mqtt'
[1 - Suricata-Main] 2025-05-18 18:18:10 Config: runmodes: enabling 'eve-log' module 'http2'
[1 - Suricata-Main] 2025-05-18 18:18:10 Config: runmodes: enabling 'eve-log' module 'pgsql'
[1 - Suricata-Main] 2025-05-18 18:18:10 Config: runmodes: enabling 'eve-log' module 'stats'
[1 - Suricata-Main] 2025-05-18 18:18:10 Config: runmodes: enabling 'eve-log' module 'flow'
[1 - Suricata-Main] 2025-05-18 18:18:10 Info: logopenfile: stats output device (regular) initialized: stats.log
[1 - Suricata-Main] 2025-05-18 18:18:10 Config: landlock: Landlock is not enabled in configuration
[1 - Suricata-Main] 2025-05-18 18:18:10 Config: suricata: Delayed detect disabled
[1 - Suricata-Main] 2025-05-18 18:18:10 Config: detect: pattern matchers: MPM: ac, SPM: bm
[1 - Suricata-Main] 2025-05-18 18:18:10 Config: detect: grouping: tcp-whitelist (default) 53, 80, 139, 443, 445, 1433, 3306, 3389, 6666, 6667, 8080
[1 - Suricata-Main] 2025-05-18 18:18:10 Config: detect: grouping: udp-whitelist (default) 53, 135, 5060
[1 - Suricata-Main] 2025-05-18 18:18:10 Config: detect: prefilter engines: MPM
[1 - Suricata-Main] 2025-05-18 18:18:10 Config: reputation: IP reputation disabled
[1 - Suricata-Main] 2025-05-18 18:18:10 Config: detect: Loading rule file: /var/lib/suricata/rules/suricata.rules
[1 - Suricata-Main] 2025-05-18 18:18:11 Info: detect-fast-pattern: fast_pattern is ineffective with base64_data
[1 - Suricata-Main] 2025-05-18 18:18:11 Info: detect-fast-pattern: fast_pattern is ineffective with base64_data
[1 - Suricata-Main] 2025-05-18 18:18:11 Info: detect: 1 rule files processed. 42614 rules successfully loaded, 0 rules failed, 0
[1 - Suricata-Main] 2025-05-18 18:18:11 Info: threshold-config: Threshold config parsed: 0 rule(s) found
[1 - Suricata-Main] 2025-05-18 18:18:11 Info: detect: 42617 signatures processed. 1270 are IP-only rules, 4333 are inspecting packet payload, 36797 inspect application layer, 109 are decoder event only
[1 - Suricata-Main] 2025-05-18 18:18:11 Config: detect: building signature grouping structure, stage 1: preprocessing rules... complete
[1 - Suricata-Main] 2025-05-18 18:18:11 Perf: detect: TCP toserver: 41 port groups, 40 unique SGH's, 1 copies
[1 - Suricata-Main] 2025-05-18 18:18:11 Perf: detect: TCP toclient: 21 port groups, 21 unique SGH's, 0 copies
[1 - Suricata-Main] 2025-05-18 18:18:11 Perf: detect: UDP toserver: 41 port groups, 40 unique SGH's, 1 copies
[1 - Suricata-Main] 2025-05-18 18:18:11 Perf: detect: UDP toclient: 21 port groups, 17 unique SGH's, 4 copies
[1 - Suricata-Main] 2025-05-18 18:18:11 Perf: detect: OTHER toserver: 254 proto groups, 4 unique SGH's, 250 copies
[1 - Suricata-Main] 2025-05-18 18:18:11 Perf: detect: OTHER toclient: 254 proto groups, 0 unique SGH's, 254 copies
[1 - Suricata-Main] 2025-05-18 18:18:12 Perf: detect: Unique rule groups: 122
[1 - Suricata-Main] 2025-05-18 18:18:12 Perf: detect: Builtin MPM "toserver TCP packet": 31
[1 - Suricata-Main] 2025-05-18 18:18:12 Perf: detect: Builtin MPM "toclient TCP packet": 20
[1 - Suricata-Main] 2025-05-18 18:18:12 Perf: detect: Builtin MPM "toserver TCP stream": 34
[1 - Suricata-Main] 2025-05-18 18:18:12 Perf: detect: Builtin MPM "toclient TCP stream": 19
[1 - Suricata-Main] 2025-05-18 18:18:12 Perf: detect: Builtin MPM "toserver UDP packet": 40
[1 - Suricata-Main] 2025-05-18 18:18:12 Perf: detect: Builtin MPM "toclient UDP packet": 17
[1 - Suricata-Main] 2025-05-18 18:18:12 Perf: detect: Builtin MPM "other IP packet": 3
[1 - Suricata-Main] 2025-05-18 18:18:12 Perf: detect: AppLayer MPM "toserver http_uri (http)": 16
[1 - Suricata-Main] 2025-05-18 18:18:12 Perf: detect: AppLayer MPM "toserver http_uri (http2)": 16
[1 - Suricata-Main] 2025-05-18 18:18:12 Perf: detect: AppLayer MPM "toserver http_raw_uri (http)": 2
[1 - Suricata-Main] 2025-05-18 18:18:12 Perf: detect: AppLayer MPM "toserver http_raw_uri (http)": 2
[1 - Suricata-Main] 2025-05-18 18:18:12 Perf: detect: AppLayer MPM "toserver http_raw_uri (http2)": 2
[1 - Suricata-Main] 2025-05-18 18:18:12 Perf: detect: AppLayer MPM "toserver http_raw_uri (http2)": 2
[1 - Suricata-Main] 2025-05-18 18:18:12 Perf: detect: AppLayer MPM "toserver http_request_line (http)": 8
[1 - Suricata-Main] 2025-05-18 18:18:12 Perf: detect: AppLayer MPM "toserver http_request_line (http2)": 8
[1 - Suricata-Main] 2025-05-18 18:18:12 Perf: detect: AppLayer MPM "toserver http_client_body (http)": 14
[1 - Suricata-Main] 2025-05-18 18:18:12 Perf: detect: AppLayer MPM "toserver http_client_body (http)": 2
[1 - Suricata-Main] 2025-05-18 18:18:12 Perf: detect: AppLayer MPM "toserver http_client_body (http2)": 14
[1 - Suricata-Main] 2025-05-18 18:18:12 Perf: detect: AppLayer MPM "toserver http_client_body (http2)": 2
[1 - Suricata-Main] 2025-05-18 18:18:12 Perf: detect: AppLayer MPM "toclient http_response_line (http)": 2
[1 - Suricata-Main] 2025-05-18 18:18:12 Perf: detect: AppLayer MPM "toclient http_response_line (http2)": 2
[1 - Suricata-Main] 2025-05-18 18:18:12 Perf: detect: AppLayer MPM "toserver http_header (http)": 10
[1 - Suricata-Main] 2025-05-18 18:18:12 Perf: detect: AppLayer MPM "toserver http_header (http)": 1
[1 - Suricata-Main] 2025-05-18 18:18:12 Perf: detect: AppLayer MPM "toserver http_header (http)": 4
[1 - Suricata-Main] 2025-05-18 18:18:12 Perf: detect: AppLayer MPM "toserver http_header (http)": 4
[1 - Suricata-Main] 2025-05-18 18:18:12 Perf: detect: AppLayer MPM "toserver http_header (http)": 10
[1 - Suricata-Main] 2025-05-18 18:18:12 Perf: detect: AppLayer MPM "toclient http_header (http)": 10
[1 - Suricata-Main] 2025-05-18 18:18:12 Perf: detect: AppLayer MPM "toclient http_header (http)": 1
[1 - Suricata-Main] 2025-05-18 18:18:12 Perf: detect: AppLayer MPM "toclient http_header (http)": 4
[1 - Suricata-Main] 2025-05-18 18:18:12 Perf: detect: AppLayer MPM "toclient http_header (http)": 4
[1 - Suricata-Main] 2025-05-18 18:18:12 Perf: detect: AppLayer MPM "toclient http_header (http)": 10
[1 - Suricata-Main] 2025-05-18 18:18:12 Perf: detect: AppLayer MPM "toserver http_header (http2)": 10
[1 - Suricata-Main] 2025-05-18 18:18:12 Perf: detect: AppLayer MPM "toserver http_header (http2)": 1
[1 - Suricata-Main] 2025-05-18 18:18:12 Perf: detect: AppLayer MPM "toserver http_header (http2)": 4
[1 - Suricata-Main] 2025-05-18 18:18:12 Perf: detect: AppLayer MPM "toserver http_header (http2)": 4
[1 - Suricata-Main] 2025-05-18 18:18:12 Perf: detect: AppLayer MPM "toserver http_header (http2)": 10
[1 - Suricata-Main] 2025-05-18 18:18:12 Perf: detect: AppLayer MPM "toclient http_header (http2)": 10
[1 - Suricata-Main] 2025-05-18 18:18:12 Perf: detect: AppLayer MPM "toclient http_header (http2)": 1
[1 - Suricata-Main] 2025-05-18 18:18:12 Perf: detect: AppLayer MPM "toclient http_header (http2)": 4
[1 - Suricata-Main] 2025-05-18 18:18:12 Perf: detect: AppLayer MPM "toclient http_header (http2)": 4
[1 - Suricata-Main] 2025-05-18 18:18:12 Perf: detect: AppLayer MPM "toclient http_header (http2)": 10
[1 - Suricata-Main] 2025-05-18 18:18:12 Perf: detect: AppLayer MPM "toserver http_request_header (http2)": 2
[1 - Suricata-Main] 2025-05-18 18:18:12 Perf: detect: AppLayer MPM "toserver http_request_header (http2)": 4
[1 - Suricata-Main] 2025-05-18 18:18:12 Perf: detect: AppLayer MPM "toserver http_request_header (http)": 2
[1 - Suricata-Main] 2025-05-18 18:18:12 Perf: detect: AppLayer MPM "toserver http_request_header (http)": 4
[1 - Suricata-Main] 2025-05-18 18:18:12 Perf: detect: AppLayer MPM "toclient http_response_header (http2)": 2
[1 - Suricata-Main] 2025-05-18 18:18:12 Perf: detect: AppLayer MPM "toclient http_response_header (http2)": 2
[1 - Suricata-Main] 2025-05-18 18:18:12 Perf: detect: AppLayer MPM "toclient http_response_header (http2)": 2
[1 - Suricata-Main] 2025-05-18 18:18:12 Perf: detect: AppLayer MPM "toclient http_response_header (http2)": 2
[1 - Suricata-Main] 2025-05-18 18:18:12 Perf: detect: AppLayer MPM "toclient http_response_header (http)": 2
[1 - Suricata-Main] 2025-05-18 18:18:12 Perf: detect: AppLayer MPM "toclient http_response_header (http)": 2
[1 - Suricata-Main] 2025-05-18 18:18:12 Perf: detect: AppLayer MPM "toclient http_response_header (http)": 2
[1 - Suricata-Main] 2025-05-18 18:18:12 Perf: detect: AppLayer MPM "toclient http_response_header (http)": 2
[1 - Suricata-Main] 2025-05-18 18:18:12 Perf: detect: AppLayer MPM "toserver http_header_names (http)": 11
[1 - Suricata-Main] 2025-05-18 18:18:12 Perf: detect: AppLayer MPM "toserver http_header_names (http)": 1
[1 - Suricata-Main] 2025-05-18 18:18:12 Perf: detect: AppLayer MPM "toserver http_header_names (http)": 2
[1 - Suricata-Main] 2025-05-18 18:18:12 Perf: detect: AppLayer MPM "toserver http_header_names (http)": 4
[1 - Suricata-Main] 2025-05-18 18:18:12 Perf: detect: AppLayer MPM "toserver http_header_names (http)": 8
[1 - Suricata-Main] 2025-05-18 18:18:12 Perf: detect: AppLayer MPM "toclient http_header_names (http)": 11
[1 - Suricata-Main] 2025-05-18 18:18:12 Perf: detect: AppLayer MPM "toclient http_header_names (http)": 1
[1 - Suricata-Main] 2025-05-18 18:18:12 Perf: detect: AppLayer MPM "toclient http_header_names (http)": 2
[1 - Suricata-Main] 2025-05-18 18:18:12 Perf: detect: AppLayer MPM "toclient http_header_names (http)": 4
[1 - Suricata-Main] 2025-05-18 18:18:12 Perf: detect: AppLayer MPM "toclient http_header_names (http)": 8
[1 - Suricata-Main] 2025-05-18 18:18:12 Perf: detect: AppLayer MPM "toserver http_header_names (http2)": 11
[1 - Suricata-Main] 2025-05-18 18:18:12 Perf: detect: AppLayer MPM "toserver http_header_names (http2)": 1
[1 - Suricata-Main] 2025-05-18 18:18:12 Perf: detect: AppLayer MPM "toserver http_header_names (http2)": 2
[1 - Suricata-Main] 2025-05-18 18:18:12 Perf: detect: AppLayer MPM "toserver http_header_names (http2)": 4
[1 - Suricata-Main] 2025-05-18 18:18:12 Perf: detect: AppLayer MPM "toserver http_header_names (http2)": 8
[1 - Suricata-Main] 2025-05-18 18:18:12 Perf: detect: AppLayer MPM "toclient http_header_names (http2)": 11
[1 - Suricata-Main] 2025-05-18 18:18:12 Perf: detect: AppLayer MPM "toclient http_header_names (http2)": 1
[1 - Suricata-Main] 2025-05-18 18:18:12 Perf: detect: AppLayer MPM "toclient http_header_names (http2)": 2
[1 - Suricata-Main] 2025-05-18 18:18:12 Perf: detect: AppLayer MPM "toclient http_header_names (http2)": 4
[1 - Suricata-Main] 2025-05-18 18:18:12 Perf: detect: AppLayer MPM "toclient http_header_names (http2)": 8
[1 - Suricata-Main] 2025-05-18 18:18:12 Perf: detect: AppLayer MPM "toserver http_accept (http)": 8
[1 - Suricata-Main] 2025-05-18 18:18:12 Perf: detect: AppLayer MPM "toserver http_accept (http2)": 8
[1 - Suricata-Main] 2025-05-18 18:18:12 Perf: detect: AppLayer MPM "toserver http_accept_enc (http)": 2
[1 - Suricata-Main] 2025-05-18 18:18:12 Perf: detect: AppLayer MPM "toserver http_accept_enc (http2)": 2
[1 - Suricata-Main] 2025-05-18 18:18:12 Perf: detect: AppLayer MPM "toserver http_accept_lang (http)": 2
[1 - Suricata-Main] 2025-05-18 18:18:12 Perf: detect: AppLayer MPM "toserver http_accept_lang (http2)": 2
[1 - Suricata-Main] 2025-05-18 18:18:12 Perf: detect: AppLayer MPM "toserver http_referer (http)": 2
[1 - Suricata-Main] 2025-05-18 18:18:12 Perf: detect: AppLayer MPM "toserver http_referer (http2)": 2
[1 - Suricata-Main] 2025-05-18 18:18:12 Perf: detect: AppLayer MPM "toserver http_connection (http)": 2
[1 - Suricata-Main] 2025-05-18 18:18:12 Perf: detect: AppLayer MPM "toserver http_connection (http2)": 2
[1 - Suricata-Main] 2025-05-18 18:18:12 Perf: detect: AppLayer MPM "toclient http_connection (http)": 2
[1 - Suricata-Main] 2025-05-18 18:18:12 Perf: detect: AppLayer MPM "toclient http_connection (http2)": 2
[1 - Suricata-Main] 2025-05-18 18:18:12 Perf: detect: AppLayer MPM "toserver http_content_len (http)": 4
[1 - Suricata-Main] 2025-05-18 18:18:12 Perf: detect: AppLayer MPM "toserver http_content_len (http2)": 4
[1 - Suricata-Main] 2025-05-18 18:18:12 Perf: detect: AppLayer MPM "toclient http_content_len (http)": 4
[1 - Suricata-Main] 2025-05-18 18:18:12 Perf: detect: AppLayer MPM "toclient http_content_len (http2)": 4
[1 - Suricata-Main] 2025-05-18 18:18:12 Perf: detect: AppLayer MPM "toserver http_content_type (http)": 4
[1 - Suricata-Main] 2025-05-18 18:18:12 Perf: detect: AppLayer MPM "toserver http_content_type (http2)": 4
[1 - Suricata-Main] 2025-05-18 18:18:12 Perf: detect: AppLayer MPM "toclient http_content_type (http)": 4
[1 - Suricata-Main] 2025-05-18 18:18:12 Perf: detect: AppLayer MPM "toclient http_content_type (http2)": 4
[1 - Suricata-Main] 2025-05-18 18:18:12 Perf: detect: AppLayer MPM "toclient http.server (http)": 4
[1 - Suricata-Main] 2025-05-18 18:18:12 Perf: detect: AppLayer MPM "toclient http.server (http2)": 4
[1 - Suricata-Main] 2025-05-18 18:18:12 Perf: detect: AppLayer MPM "toclient http.location (http)": 2
[1 - Suricata-Main] 2025-05-18 18:18:12 Perf: detect: AppLayer MPM "toclient http.location (http2)": 2
[1 - Suricata-Main] 2025-05-18 18:18:12 Perf: detect: AppLayer MPM "toserver http_start (http)": 6
[1 - Suricata-Main] 2025-05-18 18:18:12 Perf: detect: AppLayer MPM "toclient http_start (http)": 6
[1 - Suricata-Main] 2025-05-18 18:18:12 Perf: detect: AppLayer MPM "toserver http_raw_header (http)": 4
[1 - Suricata-Main] 2025-05-18 18:18:12 Perf: detect: AppLayer MPM "toserver http_raw_header (http)": 2
[1 - Suricata-Main] 2025-05-18 18:18:12 Perf: detect: AppLayer MPM "toserver http_raw_header (http)": 4
[1 - Suricata-Main] 2025-05-18 18:18:12 Perf: detect: AppLayer MPM "toclient http_raw_header (http)": 4
[1 - Suricata-Main] 2025-05-18 18:18:12 Perf: detect: AppLayer MPM "toclient http_raw_header (http)": 2
[1 - Suricata-Main] 2025-05-18 18:18:12 Perf: detect: AppLayer MPM "toclient http_raw_header (http)": 4
[1 - Suricata-Main] 2025-05-18 18:18:12 Perf: detect: AppLayer MPM "toserver http_raw_header (http2)": 4
[1 - Suricata-Main] 2025-05-18 18:18:12 Perf: detect: AppLayer MPM "toserver http_raw_header (http2)": 2
[1 - Suricata-Main] 2025-05-18 18:18:12 Perf: detect: AppLayer MPM "toserver http_raw_header (http2)": 4
[1 - Suricata-Main] 2025-05-18 18:18:12 Perf: detect: AppLayer MPM "toclient http_raw_header (http2)": 4
[1 - Suricata-Main] 2025-05-18 18:18:12 Perf: detect: AppLayer MPM "toclient http_raw_header (http2)": 2
[1 - Suricata-Main] 2025-05-18 18:18:12 Perf: detect: AppLayer MPM "toclient http_raw_header (http2)": 4
[1 - Suricata-Main] 2025-05-18 18:18:12 Perf: detect: AppLayer MPM "toserver http_method (http)": 4
[1 - Suricata-Main] 2025-05-18 18:18:12 Perf: detect: AppLayer MPM "toserver http_method (http2)": 4
[1 - Suricata-Main] 2025-05-18 18:18:12 Perf: detect: AppLayer MPM "toserver http_cookie (http)": 8
[1 - Suricata-Main] 2025-05-18 18:18:12 Perf: detect: AppLayer MPM "toclient http_cookie (http)": 8
[1 - Suricata-Main] 2025-05-18 18:18:12 Perf: detect: AppLayer MPM "toserver http_cookie (http2)": 8
[1 - Suricata-Main] 2025-05-18 18:18:12 Perf: detect: AppLayer MPM "toclient http_cookie (http2)": 8
[1 - Suricata-Main] 2025-05-18 18:18:12 Perf: detect: AppLayer MPM "toserver http_user_agent (http)": 15
[1 - Suricata-Main] 2025-05-18 18:18:12 Perf: detect: AppLayer MPM "toserver http_user_agent (http2)": 15
[1 - Suricata-Main] 2025-05-18 18:18:12 Perf: detect: AppLayer MPM "toserver http_host (http)": 2
[1 - Suricata-Main] 2025-05-18 18:18:12 Perf: detect: AppLayer MPM "toserver http_host (http)": 4
[1 - Suricata-Main] 2025-05-18 18:18:12 Perf: detect: AppLayer MPM "toserver http_host (http2)": 2
[1 - Suricata-Main] 2025-05-18 18:18:12 Perf: detect: AppLayer MPM "toserver http_host (http2)": 4
[1 - Suricata-Main] 2025-05-18 18:18:12 Perf: detect: AppLayer MPM "toserver http_raw_host (http)": 2
[1 - Suricata-Main] 2025-05-18 18:18:12 Perf: detect: AppLayer MPM "toserver http_raw_host (http2)": 2
[1 - Suricata-Main] 2025-05-18 18:18:12 Perf: detect: AppLayer MPM "toclient http_stat_code (http)": 4
[1 - Suricata-Main] 2025-05-18 18:18:12 Perf: detect: AppLayer MPM "toclient http_stat_code (http2)": 4
[1 - Suricata-Main] 2025-05-18 18:18:12 Perf: detect: AppLayer MPM "toserver dns_query (dns)": 2
[1 - Suricata-Main] 2025-05-18 18:18:12 Perf: detect: AppLayer MPM "toserver dns_query (dns)": 1
[1 - Suricata-Main] 2025-05-18 18:18:12 Perf: detect: AppLayer MPM "toserver tls.sni (tls)": 3
[1 - Suricata-Main] 2025-05-18 18:18:12 Perf: detect: AppLayer MPM "toserver tls.sni (tls)": 1
[1 - Suricata-Main] 2025-05-18 18:18:12 Perf: detect: AppLayer MPM "toserver tls.cert_issuer (tls)": 6
[1 - Suricata-Main] 2025-05-18 18:18:12 Perf: detect: AppLayer MPM "toclient tls.cert_issuer (tls)": 6
[1 - Suricata-Main] 2025-05-18 18:18:12 Perf: detect: AppLayer MPM "toserver tls.cert_subject (tls)": 4
[1 - Suricata-Main] 2025-05-18 18:18:12 Perf: detect: AppLayer MPM "toclient tls.cert_subject (tls)": 4
[1 - Suricata-Main] 2025-05-18 18:18:12 Perf: detect: AppLayer MPM "toclient tls.cert_serial (tls)": 2
[1 - Suricata-Main] 2025-05-18 18:18:12 Perf: detect: AppLayer MPM "toserver tls.cert_serial (tls)": 2
[1 - Suricata-Main] 2025-05-18 18:18:12 Perf: detect: AppLayer MPM "toclient tls.cert_fingerprint (tls)": 1
[1 - Suricata-Main] 2025-05-18 18:18:12 Perf: detect: AppLayer MPM "toserver tls.cert_fingerprint (tls)": 1
[1 - Suricata-Main] 2025-05-18 18:18:12 Perf: detect: AppLayer MPM "toclient tls.certs (tls)": 2
[1 - Suricata-Main] 2025-05-18 18:18:12 Perf: detect: AppLayer MPM "toserver tls.certs (tls)": 2
[1 - Suricata-Main] 2025-05-18 18:18:12 Perf: detect: AppLayer MPM "toserver ja3.hash (tls)": 2
[1 - Suricata-Main] 2025-05-18 18:18:12 Perf: detect: AppLayer MPM "toserver ja3.hash (quic)": 2
[1 - Suricata-Main] 2025-05-18 18:18:12 Perf: detect: AppLayer MPM "toclient ja3s.hash (tls)": 1
[1 - Suricata-Main] 2025-05-18 18:18:12 Perf: detect: AppLayer MPM "toclient ja3s.hash (quic)": 1
[1 - Suricata-Main] 2025-05-18 18:18:12 Perf: detect: AppLayer MPM "toserver ssh.proto (ssh)": 1
[1 - Suricata-Main] 2025-05-18 18:18:12 Perf: detect: AppLayer MPM "toclient ssh.proto (ssh)": 1
[1 - Suricata-Main] 2025-05-18 18:18:12 Perf: detect: AppLayer MPM "toclient file_data (nfs)": 17
[1 - Suricata-Main] 2025-05-18 18:18:12 Perf: detect: AppLayer MPM "toclient file_data (nfs)": 2
[1 - Suricata-Main] 2025-05-18 18:18:12 Perf: detect: AppLayer MPM "toserver file_data (nfs)": 17
[1 - Suricata-Main] 2025-05-18 18:18:12 Perf: detect: AppLayer MPM "toserver file_data (nfs)": 2
[1 - Suricata-Main] 2025-05-18 18:18:12 Perf: detect: AppLayer MPM "toclient file_data (smb)": 17
[1 - Suricata-Main] 2025-05-18 18:18:12 Perf: detect: AppLayer MPM "toclient file_data (smb)": 2
[1 - Suricata-Main] 2025-05-18 18:18:12 Perf: detect: AppLayer MPM "toserver file_data (smb)": 17
[1 - Suricata-Main] 2025-05-18 18:18:12 Perf: detect: AppLayer MPM "toserver file_data (smb)": 2
[1 - Suricata-Main] 2025-05-18 18:18:12 Perf: detect: AppLayer MPM "toclient file_data (ftp)": 17
[1 - Suricata-Main] 2025-05-18 18:18:12 Perf: detect: AppLayer MPM "toclient file_data (ftp)": 2
[1 - Suricata-Main] 2025-05-18 18:18:12 Perf: detect: AppLayer MPM "toserver file_data (ftp)": 17
[1 - Suricata-Main] 2025-05-18 18:18:12 Perf: detect: AppLayer MPM "toserver file_data (ftp)": 2
[1 - Suricata-Main] 2025-05-18 18:18:12 Perf: detect: AppLayer MPM "toclient file_data (ftp-data)": 17
[1 - Suricata-Main] 2025-05-18 18:18:12 Perf: detect: AppLayer MPM "toclient file_data (ftp-data)": 2
[1 - Suricata-Main] 2025-05-18 18:18:12 Perf: detect: AppLayer MPM "toserver file_data (ftp-data)": 17
[1 - Suricata-Main] 2025-05-18 18:18:12 Perf: detect: AppLayer MPM "toserver file_data (ftp-data)": 2
[1 - Suricata-Main] 2025-05-18 18:18:12 Perf: detect: AppLayer MPM "toclient file_data (http)": 17
[1 - Suricata-Main] 2025-05-18 18:18:12 Perf: detect: AppLayer MPM "toclient file_data (http)": 2
[1 - Suricata-Main] 2025-05-18 18:18:12 Perf: detect: AppLayer MPM "toserver file_data (http)": 17
[1 - Suricata-Main] 2025-05-18 18:18:12 Perf: detect: AppLayer MPM "toserver file_data (http)": 2
[1 - Suricata-Main] 2025-05-18 18:18:12 Perf: detect: AppLayer MPM "toclient file_data (http2)": 17
[1 - Suricata-Main] 2025-05-18 18:18:12 Perf: detect: AppLayer MPM "toclient file_data (http2)": 2
[1 - Suricata-Main] 2025-05-18 18:18:12 Perf: detect: AppLayer MPM "toserver file_data (http2)": 17
[1 - Suricata-Main] 2025-05-18 18:18:12 Perf: detect: AppLayer MPM "toserver file_data (http2)": 2
[1 - Suricata-Main] 2025-05-18 18:18:12 Perf: detect: AppLayer MPM "toserver file_data (smtp)": 17
[1 - Suricata-Main] 2025-05-18 18:18:12 Perf: detect: AppLayer MPM "toserver file_data (smtp)": 2
[1 - Suricata-Main] 2025-05-18 18:18:12 Perf: detect: Pkt MPM "icmpv6.hdr": 1
[1 - Suricata-Main] 2025-05-18 18:18:12 Perf: detect: Pkt MPM "ipv6.hdr": 1
[1 - Suricata-Main] 2025-05-18 18:18:14 Config: af-packet: enp0s3: using flow cluster mode for AF_PACKET
[1 - Suricata-Main] 2025-05-18 18:18:14 Perf: af-packet: enp0s3: cluster_flow: 5 cores, using 5 threads
[1 - Suricata-Main] 2025-05-18 18:18:14 Perf: ioctl: enp0s3: disabling gro offloading
[1 - Suricata-Main] 2025-05-18 18:18:14 Perf: ioctl: enp0s3: disabling tso offloading
[1 - Suricata-Main] 2025-05-18 18:18:14 Perf: ioctl: enp0s3: disabling gso offloading
[1 - Suricata-Main] 2025-05-18 18:18:14 Perf: ioctl: enp0s3: disabling sg offloading
[1 - Suricata-Main] 2025-05-18 18:18:14 Warning: af-packet: enp0s3: AF_PACKET tpacket-v3 is recommended for non-inline operation
[1 - Suricata-Main] 2025-05-18 18:18:14 Info: runmodes: enp0s3: creating 5 threads
[1 - Suricata-Main] 2025-05-18 18:18:14 Config: flow-manager: using 1 flow manager threads
[1 - Suricata-Main] 2025-05-18 18:18:14 Config: flow-manager: using 1 flow recycler threads
[1 - Suricata-Main] 2025-05-18 18:18:14 Info: unix-manager: unix socket '/var/run/suricata/suricata-command.socket'
[12 - W#01-enp0s3] 2025-05-18 18:18:14 Config: af-packet: enp0s3: defrag enabled, setting snaplen to 9216
[12 - W#01-enp0s3] 2025-05-18 18:18:14 Perf: af-packet: enp0s3: rx ring: block_size=131072 block_nr=30 frame_size=9296 frame_nr=420
[13 - W#02-enp0s3] 2025-05-18 18:18:14 Config: af-packet: enp0s3: defrag enabled, setting snaplen to 9216
[13 - W#02-enp0s3] 2025-05-18 18:18:14 Perf: af-packet: enp0s3: rx ring: block_size=131072 block_nr=30 frame_size=9296 frame_nr=420
[14 - W#03-enp0s3] 2025-05-18 18:18:14 Config: af-packet: enp0s3: defrag enabled, setting snaplen to 9216
[14 - W#03-enp0s3] 2025-05-18 18:18:14 Perf: af-packet: enp0s3: rx ring: block_size=131072 block_nr=30 frame_size=9296 frame_nr=420
[15 - W#04-enp0s3] 2025-05-18 18:18:14 Config: af-packet: enp0s3: defrag enabled, setting snaplen to 9216
[15 - W#04-enp0s3] 2025-05-18 18:18:14 Perf: af-packet: enp0s3: rx ring: block_size=131072 block_nr=30 frame_size=9296 frame_nr=420
[16 - W#05-enp0s3] 2025-05-18 18:18:14 Config: af-packet: enp0s3: defrag enabled, setting snaplen to 9216
[16 - W#05-enp0s3] 2025-05-18 18:18:14 Perf: af-packet: enp0s3: rx ring: block_size=131072 block_nr=30 frame_size=9296 frame_nr=420
[1 - Suricata-Main] 2025-05-18 18:18:14 Notice: threads: Threads created -> W: 5 FM: 1 FR: 1   Engine started.
[1 - Suricata-Main] 2025-05-18 18:24:56 Notice: suricata: Signal Received.  Stopping engine.
[1 - Suricata-Main] 2025-05-18 18:24:56 Info: suricata: time elapsed 402.319s
[18 - FR#01] 2025-05-18 18:24:57 Perf: flow-manager: 850 flows processed
[12 - W#01-enp0s3] 2025-05-18 18:24:57 Perf: af-packet: enp0s3: (W#01-enp0s3) kernel: Packets 3239, dropped 0
[13 - W#02-enp0s3] 2025-05-18 18:24:57 Perf: af-packet: enp0s3: (W#02-enp0s3) kernel: Packets 100553, dropped 0
[14 - W#03-enp0s3] 2025-05-18 18:24:57 Perf: af-packet: enp0s3: (W#03-enp0s3) kernel: Packets 5615, dropped 0
[15 - W#04-enp0s3] 2025-05-18 18:24:57 Perf: af-packet: enp0s3: (W#04-enp0s3) kernel: Packets 3355, dropped 0
[16 - W#05-enp0s3] 2025-05-18 18:24:57 Perf: af-packet: enp0s3: (W#05-enp0s3) kernel: Packets 2500, dropped 0
[1 - Suricata-Main] 2025-05-18 18:24:57 Info: counters: Alerts: 0
[1 - Suricata-Main] 2025-05-18 18:24:57 Perf: ippair: ippair memory usage: 414144 bytes, maximum: 16777216
[1 - Suricata-Main] 2025-05-18 18:24:57 Perf: host: host memory usage: 398144 bytes, maximum: 33554432
[1 - Suricata-Main] 2025-05-18 18:24:57 Notice: device: enp0s3: packets: 115262, drops: 0 (0.00%), invalid chksum: 0
[1 - Suricata-Main] 2025-05-18 18:24:57 Perf: ioctl: enp0s3: restoring gro offloading
[1 - Suricata-Main] 2025-05-18 18:24:57 Perf: ioctl: enp0s3: restoring tso offloading
[1 - Suricata-Main] 2025-05-18 18:24:57 Perf: ioctl: enp0s3: restoring gso offloading
[1 - Suricata-Main] 2025-05-18 18:24:57 Perf: ioctl: enp0s3: restoring sg offloading
[1 - Suricata-Main] 2025-05-18 18:25:11 Notice: suricata: This is Suricata version 7.0.10 RELEASE running in SYSTEM mode
[1 - Suricata-Main] 2025-05-18 18:25:11 Info: cpu: CPUs/cores online: 5
[1 - Suricata-Main] 2025-05-18 18:25:11 Info: suricata: Setting engine mode to IDS mode by default
[1 - Suricata-Main] 2025-05-18 18:25:11 Info: exception-policy: master exception-policy set to: auto
[1 - Suricata-Main] 2025-05-18 18:25:11 Config: exception-policy: app-layer.error-policy: ignore (defined via 'exception-policy' master switch)
[1 - Suricata-Main] 2025-05-18 18:25:11 Config: app-layer-htp: 'default' server has 'request-body-minimal-inspect-size' set to 33947 and 'request-body-inspect-window' set to 4077 after randomization.
[1 - Suricata-Main] 2025-05-18 18:25:11 Config: app-layer-htp: 'default' server has 'response-body-minimal-inspect-size' set to 41782 and 'response-body-inspect-window' set to 17064 after randomization.
[1 - Suricata-Main] 2025-05-18 18:25:11 Config: smb: read: max record size: 16777216, max queued chunks 64, max queued size 67108864
[1 - Suricata-Main] 2025-05-18 18:25:11 Config: smb: write: max record size: 16777216, max queued chunks 64, max queued size 67108864
[1 - Suricata-Main] 2025-05-18 18:25:11 Config: app-layer-enip: Protocol detection and parser disabled for enip protocol.
[1 - Suricata-Main] 2025-05-18 18:25:11 Config: app-layer-dnp3: Protocol detection and parser disabled for DNP3.
[1 - Suricata-Main] 2025-05-18 18:25:11 Config: host: allocated 262144 bytes of memory for the host hash... 4096 buckets of size 64
[1 - Suricata-Main] 2025-05-18 18:25:11 Config: host: preallocated 1000 hosts of size 136
[1 - Suricata-Main] 2025-05-18 18:25:11 Config: host: host memory usage: 398144 bytes, maximum: 33554432
[1 - Suricata-Main] 2025-05-18 18:25:11 Config: coredump-config: Core dump size is unlimited.
[1 - Suricata-Main] 2025-05-18 18:25:11 Config: exception-policy: defrag.memcap-policy: ignore (defined via 'exception-policy' master switch)
[1 - Suricata-Main] 2025-05-18 18:25:11 Config: defrag-hash: allocated 3670016 bytes of memory for the defrag hash... 65536 buckets of size 56
[1 - Suricata-Main] 2025-05-18 18:25:11 Config: defrag-hash: preallocated 65535 defrag trackers of size 160
[1 - Suricata-Main] 2025-05-18 18:25:11 Config: defrag-hash: defrag memory usage: 14155616 bytes, maximum: 33554432
[1 - Suricata-Main] 2025-05-18 18:25:11 Config: exception-policy: flow.memcap-policy: ignore (defined via 'exception-policy' master switch)
[1 - Suricata-Main] 2025-05-18 18:25:11 Config: flow: flow size 304, memcap allows for 441505 flows. Per hash row in perfect conditions 6
[1 - Suricata-Main] 2025-05-18 18:25:11 Config: stream-tcp: stream "prealloc-sessions": 2048 (per thread)
[1 - Suricata-Main] 2025-05-18 18:25:11 Config: stream-tcp: stream "memcap": 67108864
[1 - Suricata-Main] 2025-05-18 18:25:11 Config: stream-tcp: stream "midstream" session pickups: disabled
[1 - Suricata-Main] 2025-05-18 18:25:11 Config: stream-tcp: stream "async-oneside": disabled
[1 - Suricata-Main] 2025-05-18 18:25:11 Config: stream-tcp: stream "checksum-validation": enabled
[1 - Suricata-Main] 2025-05-18 18:25:11 Config: exception-policy: stream.memcap-policy: ignore (defined via 'exception-policy' master switch)
[1 - Suricata-Main] 2025-05-18 18:25:11 Config: exception-policy: stream.reassembly.memcap-policy: ignore (defined via 'exception-policy' master switch)
[1 - Suricata-Main] 2025-05-18 18:25:11 Config: exception-policy: stream.midstream-policy: ignore (defined via 'exception-policy' master switch)
[1 - Suricata-Main] 2025-05-18 18:25:11 Config: stream-tcp: stream."inline": disabled
[1 - Suricata-Main] 2025-05-18 18:25:11 Config: stream-tcp: stream "bypass": disabled
[1 - Suricata-Main] 2025-05-18 18:25:11 Config: stream-tcp: stream.reassembly.urgent.policy": inline
[1 - Suricata-Main] 2025-05-18 18:25:11 Config: stream-tcp: stream "max-syn-queued": 10
[1 - Suricata-Main] 2025-05-18 18:25:11 Config: stream-tcp: stream "max-synack-queued": 5
[1 - Suricata-Main] 2025-05-18 18:25:11 Config: stream-tcp: stream.reassembly "memcap": 268435456
[1 - Suricata-Main] 2025-05-18 18:25:11 Config: stream-tcp: stream.reassembly "depth": 1048576
[1 - Suricata-Main] 2025-05-18 18:25:11 Config: stream-tcp: stream.reassembly "toserver-chunk-size": 2533
[1 - Suricata-Main] 2025-05-18 18:25:11 Config: stream-tcp: stream.reassembly "toclient-chunk-size": 2598
[1 - Suricata-Main] 2025-05-18 18:25:11 Config: stream-tcp: stream.reassembly.raw: enabled
[1 - Suricata-Main] 2025-05-18 18:25:11 Config: stream-tcp: stream.liberal-timestamps: disabled
[1 - Suricata-Main] 2025-05-18 18:25:11 Config: stream-tcp-reassemble: stream.reassembly "segment-prealloc": 2048
[1 - Suricata-Main] 2025-05-18 18:25:11 Config: stream-tcp-reassemble: stream.reassembly "max-regions": 8
[1 - Suricata-Main] 2025-05-18 18:25:11 Info: conf: Running in live mode, activating unix socket
[1 - Suricata-Main] 2025-05-18 18:25:11 Info: logopenfile: fast output device (regular) initialized: fast.log
[1 - Suricata-Main] 2025-05-18 18:25:11 Info: logopenfile: eve-log output device (regular) initialized: eve.json
[1 - Suricata-Main] 2025-05-18 18:25:11 Config: runmodes: enabling 'eve-log' module 'alert'
[1 - Suricata-Main] 2025-05-18 18:25:11 Config: runmodes: enabling 'eve-log' module 'frame'
[1 - Suricata-Main] 2025-05-18 18:25:11 Config: runmodes: enabling 'eve-log' module 'anomaly'
[1 - Suricata-Main] 2025-05-18 18:25:11 Config: runmodes: enabling 'eve-log' module 'http'
[1 - Suricata-Main] 2025-05-18 18:25:11 Config: runmodes: enabling 'eve-log' module 'dns'
[1 - Suricata-Main] 2025-05-18 18:25:11 Config: runmodes: enabling 'eve-log' module 'tls'
[1 - Suricata-Main] 2025-05-18 18:25:11 Config: runmodes: enabling 'eve-log' module 'files'
[1 - Suricata-Main] 2025-05-18 18:25:11 Config: runmodes: enabling 'eve-log' module 'smtp'
[1 - Suricata-Main] 2025-05-18 18:25:11 Config: runmodes: enabling 'eve-log' module 'ftp'
[1 - Suricata-Main] 2025-05-18 18:25:11 Config: runmodes: enabling 'eve-log' module 'rdp'
[1 - Suricata-Main] 2025-05-18 18:25:11 Config: runmodes: enabling 'eve-log' module 'nfs'
[1 - Suricata-Main] 2025-05-18 18:25:11 Config: runmodes: enabling 'eve-log' module 'smb'
[1 - Suricata-Main] 2025-05-18 18:25:11 Config: runmodes: enabling 'eve-log' module 'tftp'
[1 - Suricata-Main] 2025-05-18 18:25:11 Config: runmodes: enabling 'eve-log' module 'ike'
[1 - Suricata-Main] 2025-05-18 18:25:11 Config: runmodes: enabling 'eve-log' module 'dcerpc'
[1 - Suricata-Main] 2025-05-18 18:25:11 Config: runmodes: enabling 'eve-log' module 'krb5'
[1 - Suricata-Main] 2025-05-18 18:25:11 Config: runmodes: enabling 'eve-log' module 'bittorrent-dht'
[1 - Suricata-Main] 2025-05-18 18:25:11 Config: runmodes: enabling 'eve-log' module 'snmp'
[1 - Suricata-Main] 2025-05-18 18:25:11 Config: runmodes: enabling 'eve-log' module 'rfb'
[1 - Suricata-Main] 2025-05-18 18:25:11 Config: runmodes: enabling 'eve-log' module 'sip'
[1 - Suricata-Main] 2025-05-18 18:25:11 Config: runmodes: enabling 'eve-log' module 'quic'
[1 - Suricata-Main] 2025-05-18 18:25:11 Config: runmodes: enabling 'eve-log' module 'dhcp'
[1 - Suricata-Main] 2025-05-18 18:25:11 Config: runmodes: enabling 'eve-log' module 'ssh'
[1 - Suricata-Main] 2025-05-18 18:25:11 Config: runmodes: enabling 'eve-log' module 'mqtt'
[1 - Suricata-Main] 2025-05-18 18:25:11 Config: runmodes: enabling 'eve-log' module 'http2'
[1 - Suricata-Main] 2025-05-18 18:25:11 Config: runmodes: enabling 'eve-log' module 'pgsql'
[1 - Suricata-Main] 2025-05-18 18:25:11 Config: runmodes: enabling 'eve-log' module 'stats'
[1 - Suricata-Main] 2025-05-18 18:25:11 Config: runmodes: enabling 'eve-log' module 'flow'
[1 - Suricata-Main] 2025-05-18 18:25:11 Info: logopenfile: stats output device (regular) initialized: stats.log
[1 - Suricata-Main] 2025-05-18 18:25:11 Config: landlock: Landlock is not enabled in configuration
[1 - Suricata-Main] 2025-05-18 18:25:11 Config: suricata: Delayed detect disabled
[1 - Suricata-Main] 2025-05-18 18:25:11 Config: detect: pattern matchers: MPM: ac, SPM: bm
[1 - Suricata-Main] 2025-05-18 18:25:11 Config: detect: grouping: tcp-whitelist (default) 53, 80, 139, 443, 445, 1433, 3306, 3389, 6666, 6667, 8080
[1 - Suricata-Main] 2025-05-18 18:25:11 Config: detect: grouping: udp-whitelist (default) 53, 135, 5060
[1 - Suricata-Main] 2025-05-18 18:25:11 Config: detect: prefilter engines: MPM
[1 - Suricata-Main] 2025-05-18 18:25:11 Config: reputation: IP reputation disabled
[1 - Suricata-Main] 2025-05-18 18:25:11 Config: detect: Loading rule file: /var/lib/suricata/rules/suricata.rules
[1 - Suricata-Main] 2025-05-18 18:25:12 Info: detect-fast-pattern: fast_pattern is ineffective with base64_data
[1 - Suricata-Main] 2025-05-18 18:25:12 Info: detect-fast-pattern: fast_pattern is ineffective with base64_data
[1 - Suricata-Main] 2025-05-18 18:25:12 Info: detect: 1 rule files processed. 42614 rules successfully loaded, 0 rules failed, 0
[1 - Suricata-Main] 2025-05-18 18:25:12 Info: threshold-config: Threshold config parsed: 0 rule(s) found
[1 - Suricata-Main] 2025-05-18 18:25:12 Info: detect: 42617 signatures processed. 1270 are IP-only rules, 4333 are inspecting packet payload, 36797 inspect application layer, 109 are decoder event only
[1 - Suricata-Main] 2025-05-18 18:25:12 Config: detect: building signature grouping structure, stage 1: preprocessing rules... complete
[1 - Suricata-Main] 2025-05-18 18:25:12 Perf: detect: TCP toserver: 41 port groups, 40 unique SGH's, 1 copies
[1 - Suricata-Main] 2025-05-18 18:25:12 Perf: detect: TCP toclient: 21 port groups, 21 unique SGH's, 0 copies
[1 - Suricata-Main] 2025-05-18 18:25:13 Perf: detect: UDP toserver: 41 port groups, 40 unique SGH's, 1 copies
[1 - Suricata-Main] 2025-05-18 18:25:13 Perf: detect: UDP toclient: 21 port groups, 17 unique SGH's, 4 copies
[1 - Suricata-Main] 2025-05-18 18:25:13 Perf: detect: OTHER toserver: 254 proto groups, 4 unique SGH's, 250 copies
[1 - Suricata-Main] 2025-05-18 18:25:13 Perf: detect: OTHER toclient: 254 proto groups, 0 unique SGH's, 254 copies
[1 - Suricata-Main] 2025-05-18 18:25:13 Perf: detect: Unique rule groups: 122
[1 - Suricata-Main] 2025-05-18 18:25:13 Perf: detect: Builtin MPM "toserver TCP packet": 31
[1 - Suricata-Main] 2025-05-18 18:25:13 Perf: detect: Builtin MPM "toclient TCP packet": 20
[1 - Suricata-Main] 2025-05-18 18:25:13 Perf: detect: Builtin MPM "toserver TCP stream": 34
[1 - Suricata-Main] 2025-05-18 18:25:13 Perf: detect: Builtin MPM "toclient TCP stream": 19
[1 - Suricata-Main] 2025-05-18 18:25:13 Perf: detect: Builtin MPM "toserver UDP packet": 40
[1 - Suricata-Main] 2025-05-18 18:25:13 Perf: detect: Builtin MPM "toclient UDP packet": 17
[1 - Suricata-Main] 2025-05-18 18:25:13 Perf: detect: Builtin MPM "other IP packet": 3
[1 - Suricata-Main] 2025-05-18 18:25:13 Perf: detect: AppLayer MPM "toserver http_uri (http)": 16
[1 - Suricata-Main] 2025-05-18 18:25:13 Perf: detect: AppLayer MPM "toserver http_uri (http2)": 16
[1 - Suricata-Main] 2025-05-18 18:25:13 Perf: detect: AppLayer MPM "toserver http_raw_uri (http)": 2
[1 - Suricata-Main] 2025-05-18 18:25:13 Perf: detect: AppLayer MPM "toserver http_raw_uri (http)": 2
[1 - Suricata-Main] 2025-05-18 18:25:13 Perf: detect: AppLayer MPM "toserver http_raw_uri (http2)": 2
[1 - Suricata-Main] 2025-05-18 18:25:13 Perf: detect: AppLayer MPM "toserver http_raw_uri (http2)": 2
[1 - Suricata-Main] 2025-05-18 18:25:13 Perf: detect: AppLayer MPM "toserver http_request_line (http)": 8
[1 - Suricata-Main] 2025-05-18 18:25:13 Perf: detect: AppLayer MPM "toserver http_request_line (http2)": 8
[1 - Suricata-Main] 2025-05-18 18:25:13 Perf: detect: AppLayer MPM "toserver http_client_body (http)": 14
[1 - Suricata-Main] 2025-05-18 18:25:13 Perf: detect: AppLayer MPM "toserver http_client_body (http)": 2
[1 - Suricata-Main] 2025-05-18 18:25:13 Perf: detect: AppLayer MPM "toserver http_client_body (http2)": 14
[1 - Suricata-Main] 2025-05-18 18:25:13 Perf: detect: AppLayer MPM "toserver http_client_body (http2)": 2
[1 - Suricata-Main] 2025-05-18 18:25:13 Perf: detect: AppLayer MPM "toclient http_response_line (http)": 2
[1 - Suricata-Main] 2025-05-18 18:25:13 Perf: detect: AppLayer MPM "toclient http_response_line (http2)": 2
[1 - Suricata-Main] 2025-05-18 18:25:13 Perf: detect: AppLayer MPM "toserver http_header (http)": 10
[1 - Suricata-Main] 2025-05-18 18:25:13 Perf: detect: AppLayer MPM "toserver http_header (http)": 1
[1 - Suricata-Main] 2025-05-18 18:25:13 Perf: detect: AppLayer MPM "toserver http_header (http)": 4
[1 - Suricata-Main] 2025-05-18 18:25:13 Perf: detect: AppLayer MPM "toserver http_header (http)": 4
[1 - Suricata-Main] 2025-05-18 18:25:13 Perf: detect: AppLayer MPM "toserver http_header (http)": 10
[1 - Suricata-Main] 2025-05-18 18:25:13 Perf: detect: AppLayer MPM "toclient http_header (http)": 10
[1 - Suricata-Main] 2025-05-18 18:25:13 Perf: detect: AppLayer MPM "toclient http_header (http)": 1
[1 - Suricata-Main] 2025-05-18 18:25:13 Perf: detect: AppLayer MPM "toclient http_header (http)": 4
[1 - Suricata-Main] 2025-05-18 18:25:13 Perf: detect: AppLayer MPM "toclient http_header (http)": 4
[1 - Suricata-Main] 2025-05-18 18:25:13 Perf: detect: AppLayer MPM "toclient http_header (http)": 10
[1 - Suricata-Main] 2025-05-18 18:25:13 Perf: detect: AppLayer MPM "toserver http_header (http2)": 10
[1 - Suricata-Main] 2025-05-18 18:25:13 Perf: detect: AppLayer MPM "toserver http_header (http2)": 1
[1 - Suricata-Main] 2025-05-18 18:25:13 Perf: detect: AppLayer MPM "toserver http_header (http2)": 4
[1 - Suricata-Main] 2025-05-18 18:25:13 Perf: detect: AppLayer MPM "toserver http_header (http2)": 4
[1 - Suricata-Main] 2025-05-18 18:25:13 Perf: detect: AppLayer MPM "toserver http_header (http2)": 10
[1 - Suricata-Main] 2025-05-18 18:25:13 Perf: detect: AppLayer MPM "toclient http_header (http2)": 10
[1 - Suricata-Main] 2025-05-18 18:25:13 Perf: detect: AppLayer MPM "toclient http_header (http2)": 1
[1 - Suricata-Main] 2025-05-18 18:25:13 Perf: detect: AppLayer MPM "toclient http_header (http2)": 4
[1 - Suricata-Main] 2025-05-18 18:25:13 Perf: detect: AppLayer MPM "toclient http_header (http2)": 4
[1 - Suricata-Main] 2025-05-18 18:25:13 Perf: detect: AppLayer MPM "toclient http_header (http2)": 10
[1 - Suricata-Main] 2025-05-18 18:25:13 Perf: detect: AppLayer MPM "toserver http_request_header (http2)": 2
[1 - Suricata-Main] 2025-05-18 18:25:13 Perf: detect: AppLayer MPM "toserver http_request_header (http2)": 4
[1 - Suricata-Main] 2025-05-18 18:25:13 Perf: detect: AppLayer MPM "toserver http_request_header (http)": 2
[1 - Suricata-Main] 2025-05-18 18:25:13 Perf: detect: AppLayer MPM "toserver http_request_header (http)": 4
[1 - Suricata-Main] 2025-05-18 18:25:13 Perf: detect: AppLayer MPM "toclient http_response_header (http2)": 2
[1 - Suricata-Main] 2025-05-18 18:25:13 Perf: detect: AppLayer MPM "toclient http_response_header (http2)": 2
[1 - Suricata-Main] 2025-05-18 18:25:13 Perf: detect: AppLayer MPM "toclient http_response_header (http2)": 2
[1 - Suricata-Main] 2025-05-18 18:25:13 Perf: detect: AppLayer MPM "toclient http_response_header (http2)": 2
[1 - Suricata-Main] 2025-05-18 18:25:13 Perf: detect: AppLayer MPM "toclient http_response_header (http)": 2
[1 - Suricata-Main] 2025-05-18 18:25:13 Perf: detect: AppLayer MPM "toclient http_response_header (http)": 2
[1 - Suricata-Main] 2025-05-18 18:25:13 Perf: detect: AppLayer MPM "toclient http_response_header (http)": 2
[1 - Suricata-Main] 2025-05-18 18:25:13 Perf: detect: AppLayer MPM "toclient http_response_header (http)": 2
[1 - Suricata-Main] 2025-05-18 18:25:13 Perf: detect: AppLayer MPM "toserver http_header_names (http)": 11
[1 - Suricata-Main] 2025-05-18 18:25:13 Perf: detect: AppLayer MPM "toserver http_header_names (http)": 1
[1 - Suricata-Main] 2025-05-18 18:25:13 Perf: detect: AppLayer MPM "toserver http_header_names (http)": 2
[1 - Suricata-Main] 2025-05-18 18:25:13 Perf: detect: AppLayer MPM "toserver http_header_names (http)": 4
[1 - Suricata-Main] 2025-05-18 18:25:13 Perf: detect: AppLayer MPM "toserver http_header_names (http)": 8
[1 - Suricata-Main] 2025-05-18 18:25:13 Perf: detect: AppLayer MPM "toclient http_header_names (http)": 11
[1 - Suricata-Main] 2025-05-18 18:25:13 Perf: detect: AppLayer MPM "toclient http_header_names (http)": 1
[1 - Suricata-Main] 2025-05-18 18:25:13 Perf: detect: AppLayer MPM "toclient http_header_names (http)": 2
[1 - Suricata-Main] 2025-05-18 18:25:13 Perf: detect: AppLayer MPM "toclient http_header_names (http)": 4
[1 - Suricata-Main] 2025-05-18 18:25:13 Perf: detect: AppLayer MPM "toclient http_header_names (http)": 8
[1 - Suricata-Main] 2025-05-18 18:25:13 Perf: detect: AppLayer MPM "toserver http_header_names (http2)": 11
[1 - Suricata-Main] 2025-05-18 18:25:13 Perf: detect: AppLayer MPM "toserver http_header_names (http2)": 1
[1 - Suricata-Main] 2025-05-18 18:25:13 Perf: detect: AppLayer MPM "toserver http_header_names (http2)": 2
[1 - Suricata-Main] 2025-05-18 18:25:13 Perf: detect: AppLayer MPM "toserver http_header_names (http2)": 4
[1 - Suricata-Main] 2025-05-18 18:25:13 Perf: detect: AppLayer MPM "toserver http_header_names (http2)": 8
[1 - Suricata-Main] 2025-05-18 18:25:13 Perf: detect: AppLayer MPM "toclient http_header_names (http2)": 11
[1 - Suricata-Main] 2025-05-18 18:25:13 Perf: detect: AppLayer MPM "toclient http_header_names (http2)": 1
[1 - Suricata-Main] 2025-05-18 18:25:13 Perf: detect: AppLayer MPM "toclient http_header_names (http2)": 2
[1 - Suricata-Main] 2025-05-18 18:25:13 Perf: detect: AppLayer MPM "toclient http_header_names (http2)": 4
[1 - Suricata-Main] 2025-05-18 18:25:13 Perf: detect: AppLayer MPM "toclient http_header_names (http2)": 8
[1 - Suricata-Main] 2025-05-18 18:25:13 Perf: detect: AppLayer MPM "toserver http_accept (http)": 8
[1 - Suricata-Main] 2025-05-18 18:25:13 Perf: detect: AppLayer MPM "toserver http_accept (http2)": 8
[1 - Suricata-Main] 2025-05-18 18:25:13 Perf: detect: AppLayer MPM "toserver http_accept_enc (http)": 2
[1 - Suricata-Main] 2025-05-18 18:25:13 Perf: detect: AppLayer MPM "toserver http_accept_enc (http2)": 2
[1 - Suricata-Main] 2025-05-18 18:25:13 Perf: detect: AppLayer MPM "toserver http_accept_lang (http)": 2
[1 - Suricata-Main] 2025-05-18 18:25:13 Perf: detect: AppLayer MPM "toserver http_accept_lang (http2)": 2
[1 - Suricata-Main] 2025-05-18 18:25:13 Perf: detect: AppLayer MPM "toserver http_referer (http)": 2
[1 - Suricata-Main] 2025-05-18 18:25:13 Perf: detect: AppLayer MPM "toserver http_referer (http2)": 2
[1 - Suricata-Main] 2025-05-18 18:25:13 Perf: detect: AppLayer MPM "toserver http_connection (http)": 2
[1 - Suricata-Main] 2025-05-18 18:25:13 Perf: detect: AppLayer MPM "toserver http_connection (http2)": 2
[1 - Suricata-Main] 2025-05-18 18:25:13 Perf: detect: AppLayer MPM "toclient http_connection (http)": 2
[1 - Suricata-Main] 2025-05-18 18:25:13 Perf: detect: AppLayer MPM "toclient http_connection (http2)": 2
[1 - Suricata-Main] 2025-05-18 18:25:13 Perf: detect: AppLayer MPM "toserver http_content_len (http)": 4
[1 - Suricata-Main] 2025-05-18 18:25:13 Perf: detect: AppLayer MPM "toserver http_content_len (http2)": 4
[1 - Suricata-Main] 2025-05-18 18:25:13 Perf: detect: AppLayer MPM "toclient http_content_len (http)": 4
[1 - Suricata-Main] 2025-05-18 18:25:13 Perf: detect: AppLayer MPM "toclient http_content_len (http2)": 4
[1 - Suricata-Main] 2025-05-18 18:25:13 Perf: detect: AppLayer MPM "toserver http_content_type (http)": 4
[1 - Suricata-Main] 2025-05-18 18:25:13 Perf: detect: AppLayer MPM "toserver http_content_type (http2)": 4
[1 - Suricata-Main] 2025-05-18 18:25:13 Perf: detect: AppLayer MPM "toclient http_content_type (http)": 4
[1 - Suricata-Main] 2025-05-18 18:25:13 Perf: detect: AppLayer MPM "toclient http_content_type (http2)": 4
[1 - Suricata-Main] 2025-05-18 18:25:13 Perf: detect: AppLayer MPM "toclient http.server (http)": 4
[1 - Suricata-Main] 2025-05-18 18:25:13 Perf: detect: AppLayer MPM "toclient http.server (http2)": 4
[1 - Suricata-Main] 2025-05-18 18:25:13 Perf: detect: AppLayer MPM "toclient http.location (http)": 2
[1 - Suricata-Main] 2025-05-18 18:25:13 Perf: detect: AppLayer MPM "toclient http.location (http2)": 2
[1 - Suricata-Main] 2025-05-18 18:25:13 Perf: detect: AppLayer MPM "toserver http_start (http)": 6
[1 - Suricata-Main] 2025-05-18 18:25:13 Perf: detect: AppLayer MPM "toclient http_start (http)": 6
[1 - Suricata-Main] 2025-05-18 18:25:13 Perf: detect: AppLayer MPM "toserver http_raw_header (http)": 4
[1 - Suricata-Main] 2025-05-18 18:25:13 Perf: detect: AppLayer MPM "toserver http_raw_header (http)": 2
[1 - Suricata-Main] 2025-05-18 18:25:13 Perf: detect: AppLayer MPM "toserver http_raw_header (http)": 4
[1 - Suricata-Main] 2025-05-18 18:25:13 Perf: detect: AppLayer MPM "toclient http_raw_header (http)": 4
[1 - Suricata-Main] 2025-05-18 18:25:13 Perf: detect: AppLayer MPM "toclient http_raw_header (http)": 2
[1 - Suricata-Main] 2025-05-18 18:25:13 Perf: detect: AppLayer MPM "toclient http_raw_header (http)": 4
[1 - Suricata-Main] 2025-05-18 18:25:13 Perf: detect: AppLayer MPM "toserver http_raw_header (http2)": 4
[1 - Suricata-Main] 2025-05-18 18:25:13 Perf: detect: AppLayer MPM "toserver http_raw_header (http2)": 2
[1 - Suricata-Main] 2025-05-18 18:25:13 Perf: detect: AppLayer MPM "toserver http_raw_header (http2)": 4
[1 - Suricata-Main] 2025-05-18 18:25:13 Perf: detect: AppLayer MPM "toclient http_raw_header (http2)": 4
[1 - Suricata-Main] 2025-05-18 18:25:13 Perf: detect: AppLayer MPM "toclient http_raw_header (http2)": 2
[1 - Suricata-Main] 2025-05-18 18:25:13 Perf: detect: AppLayer MPM "toclient http_raw_header (http2)": 4
[1 - Suricata-Main] 2025-05-18 18:25:13 Perf: detect: AppLayer MPM "toserver http_method (http)": 4
[1 - Suricata-Main] 2025-05-18 18:25:13 Perf: detect: AppLayer MPM "toserver http_method (http2)": 4
[1 - Suricata-Main] 2025-05-18 18:25:13 Perf: detect: AppLayer MPM "toserver http_cookie (http)": 8
[1 - Suricata-Main] 2025-05-18 18:25:13 Perf: detect: AppLayer MPM "toclient http_cookie (http)": 8
[1 - Suricata-Main] 2025-05-18 18:25:13 Perf: detect: AppLayer MPM "toserver http_cookie (http2)": 8
[1 - Suricata-Main] 2025-05-18 18:25:13 Perf: detect: AppLayer MPM "toclient http_cookie (http2)": 8
[1 - Suricata-Main] 2025-05-18 18:25:13 Perf: detect: AppLayer MPM "toserver http_user_agent (http)": 15
[1 - Suricata-Main] 2025-05-18 18:25:13 Perf: detect: AppLayer MPM "toserver http_user_agent (http2)": 15
[1 - Suricata-Main] 2025-05-18 18:25:13 Perf: detect: AppLayer MPM "toserver http_host (http)": 2
[1 - Suricata-Main] 2025-05-18 18:25:13 Perf: detect: AppLayer MPM "toserver http_host (http)": 4
[1 - Suricata-Main] 2025-05-18 18:25:13 Perf: detect: AppLayer MPM "toserver http_host (http2)": 2
[1 - Suricata-Main] 2025-05-18 18:25:13 Perf: detect: AppLayer MPM "toserver http_host (http2)": 4
[1 - Suricata-Main] 2025-05-18 18:25:13 Perf: detect: AppLayer MPM "toserver http_raw_host (http)": 2
[1 - Suricata-Main] 2025-05-18 18:25:13 Perf: detect: AppLayer MPM "toserver http_raw_host (http2)": 2
[1 - Suricata-Main] 2025-05-18 18:25:13 Perf: detect: AppLayer MPM "toclient http_stat_code (http)": 4
[1 - Suricata-Main] 2025-05-18 18:25:13 Perf: detect: AppLayer MPM "toclient http_stat_code (http2)": 4
[1 - Suricata-Main] 2025-05-18 18:25:13 Perf: detect: AppLayer MPM "toserver dns_query (dns)": 2
[1 - Suricata-Main] 2025-05-18 18:25:13 Perf: detect: AppLayer MPM "toserver dns_query (dns)": 1
[1 - Suricata-Main] 2025-05-18 18:25:13 Perf: detect: AppLayer MPM "toserver tls.sni (tls)": 3
[1 - Suricata-Main] 2025-05-18 18:25:13 Perf: detect: AppLayer MPM "toserver tls.sni (tls)": 1
[1 - Suricata-Main] 2025-05-18 18:25:13 Perf: detect: AppLayer MPM "toserver tls.cert_issuer (tls)": 6
[1 - Suricata-Main] 2025-05-18 18:25:13 Perf: detect: AppLayer MPM "toclient tls.cert_issuer (tls)": 6
[1 - Suricata-Main] 2025-05-18 18:25:13 Perf: detect: AppLayer MPM "toserver tls.cert_subject (tls)": 4
[1 - Suricata-Main] 2025-05-18 18:25:13 Perf: detect: AppLayer MPM "toclient tls.cert_subject (tls)": 4
[1 - Suricata-Main] 2025-05-18 18:25:13 Perf: detect: AppLayer MPM "toclient tls.cert_serial (tls)": 2
[1 - Suricata-Main] 2025-05-18 18:25:13 Perf: detect: AppLayer MPM "toserver tls.cert_serial (tls)": 2
[1 - Suricata-Main] 2025-05-18 18:25:13 Perf: detect: AppLayer MPM "toclient tls.cert_fingerprint (tls)": 1
[1 - Suricata-Main] 2025-05-18 18:25:13 Perf: detect: AppLayer MPM "toserver tls.cert_fingerprint (tls)": 1
[1 - Suricata-Main] 2025-05-18 18:25:13 Perf: detect: AppLayer MPM "toclient tls.certs (tls)": 2
[1 - Suricata-Main] 2025-05-18 18:25:13 Perf: detect: AppLayer MPM "toserver tls.certs (tls)": 2
[1 - Suricata-Main] 2025-05-18 18:25:13 Perf: detect: AppLayer MPM "toserver ja3.hash (tls)": 2
[1 - Suricata-Main] 2025-05-18 18:25:13 Perf: detect: AppLayer MPM "toserver ja3.hash (quic)": 2
[1 - Suricata-Main] 2025-05-18 18:25:13 Perf: detect: AppLayer MPM "toclient ja3s.hash (tls)": 1
[1 - Suricata-Main] 2025-05-18 18:25:13 Perf: detect: AppLayer MPM "toclient ja3s.hash (quic)": 1
[1 - Suricata-Main] 2025-05-18 18:25:13 Perf: detect: AppLayer MPM "toserver ssh.proto (ssh)": 1
[1 - Suricata-Main] 2025-05-18 18:25:13 Perf: detect: AppLayer MPM "toclient ssh.proto (ssh)": 1
[1 - Suricata-Main] 2025-05-18 18:25:13 Perf: detect: AppLayer MPM "toclient file_data (nfs)": 17
[1 - Suricata-Main] 2025-05-18 18:25:13 Perf: detect: AppLayer MPM "toclient file_data (nfs)": 2
[1 - Suricata-Main] 2025-05-18 18:25:13 Perf: detect: AppLayer MPM "toserver file_data (nfs)": 17
[1 - Suricata-Main] 2025-05-18 18:25:13 Perf: detect: AppLayer MPM "toserver file_data (nfs)": 2
[1 - Suricata-Main] 2025-05-18 18:25:13 Perf: detect: AppLayer MPM "toclient file_data (smb)": 17
[1 - Suricata-Main] 2025-05-18 18:25:13 Perf: detect: AppLayer MPM "toclient file_data (smb)": 2
[1 - Suricata-Main] 2025-05-18 18:25:13 Perf: detect: AppLayer MPM "toserver file_data (smb)": 17
[1 - Suricata-Main] 2025-05-18 18:25:13 Perf: detect: AppLayer MPM "toserver file_data (smb)": 2
[1 - Suricata-Main] 2025-05-18 18:25:13 Perf: detect: AppLayer MPM "toclient file_data (ftp)": 17
[1 - Suricata-Main] 2025-05-18 18:25:13 Perf: detect: AppLayer MPM "toclient file_data (ftp)": 2
[1 - Suricata-Main] 2025-05-18 18:25:13 Perf: detect: AppLayer MPM "toserver file_data (ftp)": 17
[1 - Suricata-Main] 2025-05-18 18:25:13 Perf: detect: AppLayer MPM "toserver file_data (ftp)": 2
[1 - Suricata-Main] 2025-05-18 18:25:13 Perf: detect: AppLayer MPM "toclient file_data (ftp-data)": 17
[1 - Suricata-Main] 2025-05-18 18:25:13 Perf: detect: AppLayer MPM "toclient file_data (ftp-data)": 2
[1 - Suricata-Main] 2025-05-18 18:25:13 Perf: detect: AppLayer MPM "toserver file_data (ftp-data)": 17
[1 - Suricata-Main] 2025-05-18 18:25:13 Perf: detect: AppLayer MPM "toserver file_data (ftp-data)": 2
[1 - Suricata-Main] 2025-05-18 18:25:13 Perf: detect: AppLayer MPM "toclient file_data (http)": 17
[1 - Suricata-Main] 2025-05-18 18:25:13 Perf: detect: AppLayer MPM "toclient file_data (http)": 2
[1 - Suricata-Main] 2025-05-18 18:25:13 Perf: detect: AppLayer MPM "toserver file_data (http)": 17
[1 - Suricata-Main] 2025-05-18 18:25:13 Perf: detect: AppLayer MPM "toserver file_data (http)": 2
[1 - Suricata-Main] 2025-05-18 18:25:13 Perf: detect: AppLayer MPM "toclient file_data (http2)": 17
[1 - Suricata-Main] 2025-05-18 18:25:13 Perf: detect: AppLayer MPM "toclient file_data (http2)": 2
[1 - Suricata-Main] 2025-05-18 18:25:13 Perf: detect: AppLayer MPM "toserver file_data (http2)": 17
[1 - Suricata-Main] 2025-05-18 18:25:13 Perf: detect: AppLayer MPM "toserver file_data (http2)": 2
[1 - Suricata-Main] 2025-05-18 18:25:13 Perf: detect: AppLayer MPM "toserver file_data (smtp)": 17
[1 - Suricata-Main] 2025-05-18 18:25:13 Perf: detect: AppLayer MPM "toserver file_data (smtp)": 2
[1 - Suricata-Main] 2025-05-18 18:25:13 Perf: detect: Pkt MPM "icmpv6.hdr": 1
[1 - Suricata-Main] 2025-05-18 18:25:13 Perf: detect: Pkt MPM "ipv6.hdr": 1
[1 - Suricata-Main] 2025-05-18 18:25:15 Config: af-packet: enp0s3: using flow cluster mode for AF_PACKET
[1 - Suricata-Main] 2025-05-18 18:25:15 Perf: af-packet: enp0s3: cluster_flow: 5 cores, using 5 threads
[1 - Suricata-Main] 2025-05-18 18:25:15 Perf: ioctl: enp0s3: disabling gro offloading
[1 - Suricata-Main] 2025-05-18 18:25:15 Perf: ioctl: enp0s3: disabling tso offloading
[1 - Suricata-Main] 2025-05-18 18:25:15 Perf: ioctl: enp0s3: disabling gso offloading
[1 - Suricata-Main] 2025-05-18 18:25:15 Perf: ioctl: enp0s3: disabling sg offloading
[1 - Suricata-Main] 2025-05-18 18:25:15 Warning: af-packet: enp0s3: AF_PACKET tpacket-v3 is recommended for non-inline operation
[1 - Suricata-Main] 2025-05-18 18:25:15 Info: runmodes: enp0s3: creating 5 threads
[1 - Suricata-Main] 2025-05-18 18:25:15 Config: flow-manager: using 1 flow manager threads
[1 - Suricata-Main] 2025-05-18 18:25:15 Config: flow-manager: using 1 flow recycler threads
[1 - Suricata-Main] 2025-05-18 18:25:15 Info: unix-manager: unix socket '/var/run/suricata/suricata-command.socket'
[12 - W#01-enp0s3] 2025-05-18 18:25:15 Config: af-packet: enp0s3: defrag enabled, setting snaplen to 9216
[12 - W#01-enp0s3] 2025-05-18 18:25:15 Perf: af-packet: enp0s3: rx ring: block_size=131072 block_nr=30 frame_size=9296 frame_nr=420
[13 - W#02-enp0s3] 2025-05-18 18:25:15 Config: af-packet: enp0s3: defrag enabled, setting snaplen to 9216
[13 - W#02-enp0s3] 2025-05-18 18:25:15 Perf: af-packet: enp0s3: rx ring: block_size=131072 block_nr=30 frame_size=9296 frame_nr=420
[14 - W#03-enp0s3] 2025-05-18 18:25:15 Config: af-packet: enp0s3: defrag enabled, setting snaplen to 9216
[14 - W#03-enp0s3] 2025-05-18 18:25:15 Perf: af-packet: enp0s3: rx ring: block_size=131072 block_nr=30 frame_size=9296 frame_nr=420
[15 - W#04-enp0s3] 2025-05-18 18:25:15 Config: af-packet: enp0s3: defrag enabled, setting snaplen to 9216
[15 - W#04-enp0s3] 2025-05-18 18:25:15 Perf: af-packet: enp0s3: rx ring: block_size=131072 block_nr=30 frame_size=9296 frame_nr=420
[16 - W#05-enp0s3] 2025-05-18 18:25:15 Config: af-packet: enp0s3: defrag enabled, setting snaplen to 9216
[16 - W#05-enp0s3] 2025-05-18 18:25:15 Perf: af-packet: enp0s3: rx ring: block_size=131072 block_nr=30 frame_size=9296 frame_nr=420
[1 - Suricata-Main] 2025-05-18 18:25:16 Notice: threads: Threads created -> W: 5 FM: 1 FR: 1   Engine started.
[1 - Suricata-Main] 2025-05-18 19:13:23 Notice: suricata: Signal Received.  Stopping engine.
[1 - Suricata-Main] 2025-05-18 19:13:25 Info: suricata: time elapsed 2889.923s
[18 - FR#01] 2025-05-18 19:13:26 Perf: flow-manager: 7147 flows processed
[12 - W#01-enp0s3] 2025-05-18 19:13:27 Perf: af-packet: enp0s3: (W#01-enp0s3) kernel: Packets 30920, dropped 0
[13 - W#02-enp0s3] 2025-05-18 19:13:29 Perf: af-packet: enp0s3: (W#02-enp0s3) kernel: Packets 36884, dropped 0
[14 - W#03-enp0s3] 2025-05-18 19:13:29 Perf: af-packet: enp0s3: (W#03-enp0s3) kernel: Packets 76704, dropped 0
[15 - W#04-enp0s3] 2025-05-18 19:13:29 Perf: af-packet: enp0s3: (W#04-enp0s3) kernel: Packets 63643, dropped 0
[16 - W#05-enp0s3] 2025-05-18 19:13:29 Perf: af-packet: enp0s3: (W#05-enp0s3) kernel: Packets 39851, dropped 0
[1 - Suricata-Main] 2025-05-18 19:13:29 Info: counters: Alerts: 63
[1 - Suricata-Main] 2025-05-18 19:13:29 Perf: ippair: ippair memory usage: 414144 bytes, maximum: 16777216
[1 - Suricata-Main] 2025-05-18 19:13:29 Perf: host: host memory usage: 398144 bytes, maximum: 33554432
[1 - Suricata-Main] 2025-05-18 19:54:03 Notice: suricata: This is Suricata version 7.0.10 RELEASE running in SYSTEM mode
[1 - Suricata-Main] 2025-05-18 19:54:03 Info: cpu: CPUs/cores online: 5
[1 - Suricata-Main] 2025-05-18 19:54:03 Info: suricata: Setting engine mode to IDS mode by default
[1 - Suricata-Main] 2025-05-18 19:54:03 Info: exception-policy: master exception-policy set to: auto
[1 - Suricata-Main] 2025-05-18 19:54:03 Config: exception-policy: app-layer.error-policy: ignore (defined via 'exception-policy' master switch)
[1 - Suricata-Main] 2025-05-18 19:54:03 Config: app-layer-htp: 'default' server has 'request-body-minimal-inspect-size' set to 32749 and 'request-body-inspect-window' set to 4055 after randomization.
[1 - Suricata-Main] 2025-05-18 19:54:03 Config: app-layer-htp: 'default' server has 'response-body-minimal-inspect-size' set to 39540 and 'response-body-inspect-window' set to 15921 after randomization.
[1 - Suricata-Main] 2025-05-18 19:54:03 Config: smb: read: max record size: 16777216, max queued chunks 64, max queued size 67108864
[1 - Suricata-Main] 2025-05-18 19:54:03 Config: smb: write: max record size: 16777216, max queued chunks 64, max queued size 67108864
[1 - Suricata-Main] 2025-05-18 19:54:03 Config: app-layer-enip: Protocol detection and parser disabled for enip protocol.
[1 - Suricata-Main] 2025-05-18 19:54:03 Config: app-layer-dnp3: Protocol detection and parser disabled for DNP3.
[1 - Suricata-Main] 2025-05-18 19:54:03 Config: host: allocated 262144 bytes of memory for the host hash... 4096 buckets of size 64
[1 - Suricata-Main] 2025-05-18 19:54:03 Config: host: preallocated 1000 hosts of size 136
[1 - Suricata-Main] 2025-05-18 19:54:03 Config: host: host memory usage: 398144 bytes, maximum: 33554432
[1 - Suricata-Main] 2025-05-18 19:54:03 Config: coredump-config: Core dump size is unlimited.
[1 - Suricata-Main] 2025-05-18 19:54:03 Config: exception-policy: defrag.memcap-policy: ignore (defined via 'exception-policy' master switch)
[1 - Suricata-Main] 2025-05-18 19:54:03 Config: defrag-hash: allocated 3670016 bytes of memory for the defrag hash... 65536 buckets of size 56
[1 - Suricata-Main] 2025-05-18 19:54:03 Config: defrag-hash: preallocated 65535 defrag trackers of size 160
[1 - Suricata-Main] 2025-05-18 19:54:03 Config: defrag-hash: defrag memory usage: 14155616 bytes, maximum: 33554432
[1 - Suricata-Main] 2025-05-18 19:54:03 Config: exception-policy: flow.memcap-policy: ignore (defined via 'exception-policy' master switch)
[1 - Suricata-Main] 2025-05-18 19:54:03 Config: flow: flow size 304, memcap allows for 441505 flows. Per hash row in perfect conditions 6
[1 - Suricata-Main] 2025-05-18 19:54:03 Config: stream-tcp: stream "prealloc-sessions": 2048 (per thread)
[1 - Suricata-Main] 2025-05-18 19:54:03 Config: stream-tcp: stream "memcap": 67108864
[1 - Suricata-Main] 2025-05-18 19:54:03 Config: stream-tcp: stream "midstream" session pickups: disabled
[1 - Suricata-Main] 2025-05-18 19:54:03 Config: stream-tcp: stream "async-oneside": disabled
[1 - Suricata-Main] 2025-05-18 19:54:03 Config: stream-tcp: stream "checksum-validation": enabled
[1 - Suricata-Main] 2025-05-18 19:54:03 Config: exception-policy: stream.memcap-policy: ignore (defined via 'exception-policy' master switch)
[1 - Suricata-Main] 2025-05-18 19:54:03 Config: exception-policy: stream.reassembly.memcap-policy: ignore (defined via 'exception-policy' master switch)
[1 - Suricata-Main] 2025-05-18 19:54:03 Config: exception-policy: stream.midstream-policy: ignore (defined via 'exception-policy' master switch)
[1 - Suricata-Main] 2025-05-18 19:54:03 Config: stream-tcp: stream."inline": disabled
[1 - Suricata-Main] 2025-05-18 19:54:03 Config: stream-tcp: stream "bypass": disabled
[1 - Suricata-Main] 2025-05-18 19:54:03 Config: stream-tcp: stream.reassembly.urgent.policy": inline
[1 - Suricata-Main] 2025-05-18 19:54:03 Config: stream-tcp: stream "max-syn-queued": 10
[1 - Suricata-Main] 2025-05-18 19:54:03 Config: stream-tcp: stream "max-synack-queued": 5
[1 - Suricata-Main] 2025-05-18 19:54:03 Config: stream-tcp: stream.reassembly "memcap": 268435456
[1 - Suricata-Main] 2025-05-18 19:54:03 Config: stream-tcp: stream.reassembly "depth": 1048576
[1 - Suricata-Main] 2025-05-18 19:54:03 Config: stream-tcp: stream.reassembly "toserver-chunk-size": 2552
[1 - Suricata-Main] 2025-05-18 19:54:03 Config: stream-tcp: stream.reassembly "toclient-chunk-size": 2686
[1 - Suricata-Main] 2025-05-18 19:54:03 Config: stream-tcp: stream.reassembly.raw: enabled
[1 - Suricata-Main] 2025-05-18 19:54:03 Config: stream-tcp: stream.liberal-timestamps: disabled
[1 - Suricata-Main] 2025-05-18 19:54:03 Config: stream-tcp-reassemble: stream.reassembly "segment-prealloc": 2048
[1 - Suricata-Main] 2025-05-18 19:54:03 Config: stream-tcp-reassemble: stream.reassembly "max-regions": 8
[1 - Suricata-Main] 2025-05-18 19:54:03 Info: conf: Running in live mode, activating unix socket
[1 - Suricata-Main] 2025-05-18 19:54:03 Info: logopenfile: fast output device (regular) initialized: fast.log
[1 - Suricata-Main] 2025-05-18 19:54:03 Info: logopenfile: eve-log output device (regular) initialized: eve.json
[1 - Suricata-Main] 2025-05-18 19:54:03 Config: runmodes: enabling 'eve-log' module 'alert'
[1 - Suricata-Main] 2025-05-18 19:54:03 Config: runmodes: enabling 'eve-log' module 'frame'
[1 - Suricata-Main] 2025-05-18 19:54:03 Config: runmodes: enabling 'eve-log' module 'anomaly'
[1 - Suricata-Main] 2025-05-18 19:54:03 Config: runmodes: enabling 'eve-log' module 'http'
[1 - Suricata-Main] 2025-05-18 19:54:03 Config: runmodes: enabling 'eve-log' module 'dns'
[1 - Suricata-Main] 2025-05-18 19:54:03 Config: runmodes: enabling 'eve-log' module 'tls'
[1 - Suricata-Main] 2025-05-18 19:54:03 Config: runmodes: enabling 'eve-log' module 'files'
[1 - Suricata-Main] 2025-05-18 19:54:03 Config: runmodes: enabling 'eve-log' module 'smtp'
[1 - Suricata-Main] 2025-05-18 19:54:03 Config: runmodes: enabling 'eve-log' module 'ftp'
[1 - Suricata-Main] 2025-05-18 19:54:03 Config: runmodes: enabling 'eve-log' module 'rdp'
[1 - Suricata-Main] 2025-05-18 19:54:03 Config: runmodes: enabling 'eve-log' module 'nfs'
[1 - Suricata-Main] 2025-05-18 19:54:03 Config: runmodes: enabling 'eve-log' module 'smb'
[1 - Suricata-Main] 2025-05-18 19:54:03 Config: runmodes: enabling 'eve-log' module 'tftp'
[1 - Suricata-Main] 2025-05-18 19:54:03 Config: runmodes: enabling 'eve-log' module 'ike'
[1 - Suricata-Main] 2025-05-18 19:54:03 Config: runmodes: enabling 'eve-log' module 'dcerpc'
[1 - Suricata-Main] 2025-05-18 19:54:03 Config: runmodes: enabling 'eve-log' module 'krb5'
[1 - Suricata-Main] 2025-05-18 19:54:03 Config: runmodes: enabling 'eve-log' module 'bittorrent-dht'
[1 - Suricata-Main] 2025-05-18 19:54:03 Config: runmodes: enabling 'eve-log' module 'snmp'
[1 - Suricata-Main] 2025-05-18 19:54:03 Config: runmodes: enabling 'eve-log' module 'rfb'
[1 - Suricata-Main] 2025-05-18 19:54:03 Config: runmodes: enabling 'eve-log' module 'sip'
[1 - Suricata-Main] 2025-05-18 19:54:03 Config: runmodes: enabling 'eve-log' module 'quic'
[1 - Suricata-Main] 2025-05-18 19:54:03 Config: runmodes: enabling 'eve-log' module 'dhcp'
[1 - Suricata-Main] 2025-05-18 19:54:03 Config: runmodes: enabling 'eve-log' module 'ssh'
[1 - Suricata-Main] 2025-05-18 19:54:03 Config: runmodes: enabling 'eve-log' module 'mqtt'
[1 - Suricata-Main] 2025-05-18 19:54:03 Config: runmodes: enabling 'eve-log' module 'http2'
[1 - Suricata-Main] 2025-05-18 19:54:03 Config: runmodes: enabling 'eve-log' module 'pgsql'
[1 - Suricata-Main] 2025-05-18 19:54:03 Config: runmodes: enabling 'eve-log' module 'stats'
[1 - Suricata-Main] 2025-05-18 19:54:03 Config: runmodes: enabling 'eve-log' module 'flow'
[1 - Suricata-Main] 2025-05-18 19:54:03 Info: logopenfile: stats output device (regular) initialized: stats.log
[1 - Suricata-Main] 2025-05-18 19:54:03 Config: landlock: Landlock is not enabled in configuration
[1 - Suricata-Main] 2025-05-18 19:54:03 Config: suricata: Delayed detect disabled
[1 - Suricata-Main] 2025-05-18 19:54:03 Config: detect: pattern matchers: MPM: ac, SPM: bm
[1 - Suricata-Main] 2025-05-18 19:54:03 Config: detect: grouping: tcp-whitelist (default) 53, 80, 139, 443, 445, 1433, 3306, 3389, 6666, 6667, 8080
[1 - Suricata-Main] 2025-05-18 19:54:03 Config: detect: grouping: udp-whitelist (default) 53, 135, 5060
[1 - Suricata-Main] 2025-05-18 19:54:03 Config: detect: prefilter engines: MPM
[1 - Suricata-Main] 2025-05-18 19:54:03 Config: reputation: IP reputation disabled
[1 - Suricata-Main] 2025-05-18 19:54:03 Config: detect: Loading rule file: /var/lib/suricata/rules/suricata.rules
[1 - Suricata-Main] 2025-05-18 19:54:04 Info: detect-fast-pattern: fast_pattern is ineffective with base64_data
[1 - Suricata-Main] 2025-05-18 19:54:04 Info: detect-fast-pattern: fast_pattern is ineffective with base64_data
[1 - Suricata-Main] 2025-05-18 19:54:04 Info: detect: 1 rule files processed. 42614 rules successfully loaded, 0 rules failed, 0
[1 - Suricata-Main] 2025-05-18 19:54:04 Info: threshold-config: Threshold config parsed: 0 rule(s) found
[1 - Suricata-Main] 2025-05-18 19:54:04 Info: detect: 42617 signatures processed. 1270 are IP-only rules, 4333 are inspecting packet payload, 36797 inspect application layer, 109 are decoder event only
[1 - Suricata-Main] 2025-05-18 19:54:04 Config: detect: building signature grouping structure, stage 1: preprocessing rules... complete
[1 - Suricata-Main] 2025-05-18 19:54:04 Perf: detect: TCP toserver: 41 port groups, 40 unique SGH's, 1 copies
[1 - Suricata-Main] 2025-05-18 19:54:04 Perf: detect: TCP toclient: 21 port groups, 21 unique SGH's, 0 copies
[1 - Suricata-Main] 2025-05-18 19:54:04 Perf: detect: UDP toserver: 41 port groups, 40 unique SGH's, 1 copies
[1 - Suricata-Main] 2025-05-18 19:54:04 Perf: detect: UDP toclient: 21 port groups, 17 unique SGH's, 4 copies
[1 - Suricata-Main] 2025-05-18 19:54:04 Perf: detect: OTHER toserver: 254 proto groups, 4 unique SGH's, 250 copies
[1 - Suricata-Main] 2025-05-18 19:54:04 Perf: detect: OTHER toclient: 254 proto groups, 0 unique SGH's, 254 copies
[1 - Suricata-Main] 2025-05-18 19:54:05 Perf: detect: Unique rule groups: 122
[1 - Suricata-Main] 2025-05-18 19:54:05 Perf: detect: Builtin MPM "toserver TCP packet": 31
[1 - Suricata-Main] 2025-05-18 19:54:05 Perf: detect: Builtin MPM "toclient TCP packet": 20
[1 - Suricata-Main] 2025-05-18 19:54:05 Perf: detect: Builtin MPM "toserver TCP stream": 34
[1 - Suricata-Main] 2025-05-18 19:54:05 Perf: detect: Builtin MPM "toclient TCP stream": 19
[1 - Suricata-Main] 2025-05-18 19:54:05 Perf: detect: Builtin MPM "toserver UDP packet": 40
[1 - Suricata-Main] 2025-05-18 19:54:05 Perf: detect: Builtin MPM "toclient UDP packet": 17
[1 - Suricata-Main] 2025-05-18 19:54:05 Perf: detect: Builtin MPM "other IP packet": 3
[1 - Suricata-Main] 2025-05-18 19:54:05 Perf: detect: AppLayer MPM "toserver http_uri (http)": 16
[1 - Suricata-Main] 2025-05-18 19:54:05 Perf: detect: AppLayer MPM "toserver http_uri (http2)": 16
[1 - Suricata-Main] 2025-05-18 19:54:05 Perf: detect: AppLayer MPM "toserver http_raw_uri (http)": 2
[1 - Suricata-Main] 2025-05-18 19:54:05 Perf: detect: AppLayer MPM "toserver http_raw_uri (http)": 2
[1 - Suricata-Main] 2025-05-18 19:54:05 Perf: detect: AppLayer MPM "toserver http_raw_uri (http2)": 2
[1 - Suricata-Main] 2025-05-18 19:54:05 Perf: detect: AppLayer MPM "toserver http_raw_uri (http2)": 2
[1 - Suricata-Main] 2025-05-18 19:54:05 Perf: detect: AppLayer MPM "toserver http_request_line (http)": 8
[1 - Suricata-Main] 2025-05-18 19:54:05 Perf: detect: AppLayer MPM "toserver http_request_line (http2)": 8
[1 - Suricata-Main] 2025-05-18 19:54:05 Perf: detect: AppLayer MPM "toserver http_client_body (http)": 14
[1 - Suricata-Main] 2025-05-18 19:54:05 Perf: detect: AppLayer MPM "toserver http_client_body (http)": 2
[1 - Suricata-Main] 2025-05-18 19:54:05 Perf: detect: AppLayer MPM "toserver http_client_body (http2)": 14
[1 - Suricata-Main] 2025-05-18 19:54:05 Perf: detect: AppLayer MPM "toserver http_client_body (http2)": 2
[1 - Suricata-Main] 2025-05-18 19:54:05 Perf: detect: AppLayer MPM "toclient http_response_line (http)": 2
[1 - Suricata-Main] 2025-05-18 19:54:05 Perf: detect: AppLayer MPM "toclient http_response_line (http2)": 2
[1 - Suricata-Main] 2025-05-18 19:54:05 Perf: detect: AppLayer MPM "toserver http_header (http)": 10
[1 - Suricata-Main] 2025-05-18 19:54:05 Perf: detect: AppLayer MPM "toserver http_header (http)": 1
[1 - Suricata-Main] 2025-05-18 19:54:05 Perf: detect: AppLayer MPM "toserver http_header (http)": 4
[1 - Suricata-Main] 2025-05-18 19:54:05 Perf: detect: AppLayer MPM "toserver http_header (http)": 4
[1 - Suricata-Main] 2025-05-18 19:54:05 Perf: detect: AppLayer MPM "toserver http_header (http)": 10
[1 - Suricata-Main] 2025-05-18 19:54:05 Perf: detect: AppLayer MPM "toclient http_header (http)": 10
[1 - Suricata-Main] 2025-05-18 19:54:05 Perf: detect: AppLayer MPM "toclient http_header (http)": 1
[1 - Suricata-Main] 2025-05-18 19:54:05 Perf: detect: AppLayer MPM "toclient http_header (http)": 4
[1 - Suricata-Main] 2025-05-18 19:54:05 Perf: detect: AppLayer MPM "toclient http_header (http)": 4
[1 - Suricata-Main] 2025-05-18 19:54:05 Perf: detect: AppLayer MPM "toclient http_header (http)": 10
[1 - Suricata-Main] 2025-05-18 19:54:05 Perf: detect: AppLayer MPM "toserver http_header (http2)": 10
[1 - Suricata-Main] 2025-05-18 19:54:05 Perf: detect: AppLayer MPM "toserver http_header (http2)": 1
[1 - Suricata-Main] 2025-05-18 19:54:05 Perf: detect: AppLayer MPM "toserver http_header (http2)": 4
[1 - Suricata-Main] 2025-05-18 19:54:05 Perf: detect: AppLayer MPM "toserver http_header (http2)": 4
[1 - Suricata-Main] 2025-05-18 19:54:05 Perf: detect: AppLayer MPM "toserver http_header (http2)": 10
[1 - Suricata-Main] 2025-05-18 19:54:05 Perf: detect: AppLayer MPM "toclient http_header (http2)": 10
[1 - Suricata-Main] 2025-05-18 19:54:05 Perf: detect: AppLayer MPM "toclient http_header (http2)": 1
[1 - Suricata-Main] 2025-05-18 19:54:05 Perf: detect: AppLayer MPM "toclient http_header (http2)": 4
[1 - Suricata-Main] 2025-05-18 19:54:05 Perf: detect: AppLayer MPM "toclient http_header (http2)": 4
[1 - Suricata-Main] 2025-05-18 19:54:05 Perf: detect: AppLayer MPM "toclient http_header (http2)": 10
[1 - Suricata-Main] 2025-05-18 19:54:05 Perf: detect: AppLayer MPM "toserver http_request_header (http2)": 2
[1 - Suricata-Main] 2025-05-18 19:54:05 Perf: detect: AppLayer MPM "toserver http_request_header (http2)": 4
[1 - Suricata-Main] 2025-05-18 19:54:05 Perf: detect: AppLayer MPM "toserver http_request_header (http)": 2
[1 - Suricata-Main] 2025-05-18 19:54:05 Perf: detect: AppLayer MPM "toserver http_request_header (http)": 4
[1 - Suricata-Main] 2025-05-18 19:54:05 Perf: detect: AppLayer MPM "toclient http_response_header (http2)": 2
[1 - Suricata-Main] 2025-05-18 19:54:05 Perf: detect: AppLayer MPM "toclient http_response_header (http2)": 2
[1 - Suricata-Main] 2025-05-18 19:54:05 Perf: detect: AppLayer MPM "toclient http_response_header (http2)": 2
[1 - Suricata-Main] 2025-05-18 19:54:05 Perf: detect: AppLayer MPM "toclient http_response_header (http2)": 2
[1 - Suricata-Main] 2025-05-18 19:54:05 Perf: detect: AppLayer MPM "toclient http_response_header (http)": 2
[1 - Suricata-Main] 2025-05-18 19:54:05 Perf: detect: AppLayer MPM "toclient http_response_header (http)": 2
[1 - Suricata-Main] 2025-05-18 19:54:05 Perf: detect: AppLayer MPM "toclient http_response_header (http)": 2
[1 - Suricata-Main] 2025-05-18 19:54:05 Perf: detect: AppLayer MPM "toclient http_response_header (http)": 2
[1 - Suricata-Main] 2025-05-18 19:54:05 Perf: detect: AppLayer MPM "toserver http_header_names (http)": 11
[1 - Suricata-Main] 2025-05-18 19:54:05 Perf: detect: AppLayer MPM "toserver http_header_names (http)": 1
[1 - Suricata-Main] 2025-05-18 19:54:05 Perf: detect: AppLayer MPM "toserver http_header_names (http)": 2
[1 - Suricata-Main] 2025-05-18 19:54:05 Perf: detect: AppLayer MPM "toserver http_header_names (http)": 4
[1 - Suricata-Main] 2025-05-18 19:54:05 Perf: detect: AppLayer MPM "toserver http_header_names (http)": 8
[1 - Suricata-Main] 2025-05-18 19:54:05 Perf: detect: AppLayer MPM "toclient http_header_names (http)": 11
[1 - Suricata-Main] 2025-05-18 19:54:05 Perf: detect: AppLayer MPM "toclient http_header_names (http)": 1
[1 - Suricata-Main] 2025-05-18 19:54:05 Perf: detect: AppLayer MPM "toclient http_header_names (http)": 2
[1 - Suricata-Main] 2025-05-18 19:54:05 Perf: detect: AppLayer MPM "toclient http_header_names (http)": 4
[1 - Suricata-Main] 2025-05-18 19:54:05 Perf: detect: AppLayer MPM "toclient http_header_names (http)": 8
[1 - Suricata-Main] 2025-05-18 19:54:05 Perf: detect: AppLayer MPM "toserver http_header_names (http2)": 11
[1 - Suricata-Main] 2025-05-18 19:54:05 Perf: detect: AppLayer MPM "toserver http_header_names (http2)": 1
[1 - Suricata-Main] 2025-05-18 19:54:05 Perf: detect: AppLayer MPM "toserver http_header_names (http2)": 2
[1 - Suricata-Main] 2025-05-18 19:54:05 Perf: detect: AppLayer MPM "toserver http_header_names (http2)": 4
[1 - Suricata-Main] 2025-05-18 19:54:05 Perf: detect: AppLayer MPM "toserver http_header_names (http2)": 8
[1 - Suricata-Main] 2025-05-18 19:54:05 Perf: detect: AppLayer MPM "toclient http_header_names (http2)": 11
[1 - Suricata-Main] 2025-05-18 19:54:05 Perf: detect: AppLayer MPM "toclient http_header_names (http2)": 1
[1 - Suricata-Main] 2025-05-18 19:54:05 Perf: detect: AppLayer MPM "toclient http_header_names (http2)": 2
[1 - Suricata-Main] 2025-05-18 19:54:05 Perf: detect: AppLayer MPM "toclient http_header_names (http2)": 4
[1 - Suricata-Main] 2025-05-18 19:54:05 Perf: detect: AppLayer MPM "toclient http_header_names (http2)": 8
[1 - Suricata-Main] 2025-05-18 19:54:05 Perf: detect: AppLayer MPM "toserver http_accept (http)": 8
[1 - Suricata-Main] 2025-05-18 19:54:05 Perf: detect: AppLayer MPM "toserver http_accept (http2)": 8
[1 - Suricata-Main] 2025-05-18 19:54:05 Perf: detect: AppLayer MPM "toserver http_accept_enc (http)": 2
[1 - Suricata-Main] 2025-05-18 19:54:05 Perf: detect: AppLayer MPM "toserver http_accept_enc (http2)": 2
[1 - Suricata-Main] 2025-05-18 19:54:05 Perf: detect: AppLayer MPM "toserver http_accept_lang (http)": 2
[1 - Suricata-Main] 2025-05-18 19:54:05 Perf: detect: AppLayer MPM "toserver http_accept_lang (http2)": 2
[1 - Suricata-Main] 2025-05-18 19:54:05 Perf: detect: AppLayer MPM "toserver http_referer (http)": 2
[1 - Suricata-Main] 2025-05-18 19:54:05 Perf: detect: AppLayer MPM "toserver http_referer (http2)": 2
[1 - Suricata-Main] 2025-05-18 19:54:05 Perf: detect: AppLayer MPM "toserver http_connection (http)": 2
[1 - Suricata-Main] 2025-05-18 19:54:05 Perf: detect: AppLayer MPM "toserver http_connection (http2)": 2
[1 - Suricata-Main] 2025-05-18 19:54:05 Perf: detect: AppLayer MPM "toclient http_connection (http)": 2
[1 - Suricata-Main] 2025-05-18 19:54:05 Perf: detect: AppLayer MPM "toclient http_connection (http2)": 2
[1 - Suricata-Main] 2025-05-18 19:54:05 Perf: detect: AppLayer MPM "toserver http_content_len (http)": 4
[1 - Suricata-Main] 2025-05-18 19:54:05 Perf: detect: AppLayer MPM "toserver http_content_len (http2)": 4
[1 - Suricata-Main] 2025-05-18 19:54:05 Perf: detect: AppLayer MPM "toclient http_content_len (http)": 4
[1 - Suricata-Main] 2025-05-18 19:54:05 Perf: detect: AppLayer MPM "toclient http_content_len (http2)": 4
[1 - Suricata-Main] 2025-05-18 19:54:05 Perf: detect: AppLayer MPM "toserver http_content_type (http)": 4
[1 - Suricata-Main] 2025-05-18 19:54:05 Perf: detect: AppLayer MPM "toserver http_content_type (http2)": 4
[1 - Suricata-Main] 2025-05-18 19:54:05 Perf: detect: AppLayer MPM "toclient http_content_type (http)": 4
[1 - Suricata-Main] 2025-05-18 19:54:05 Perf: detect: AppLayer MPM "toclient http_content_type (http2)": 4
[1 - Suricata-Main] 2025-05-18 19:54:05 Perf: detect: AppLayer MPM "toclient http.server (http)": 4
[1 - Suricata-Main] 2025-05-18 19:54:05 Perf: detect: AppLayer MPM "toclient http.server (http2)": 4
[1 - Suricata-Main] 2025-05-18 19:54:05 Perf: detect: AppLayer MPM "toclient http.location (http)": 2
[1 - Suricata-Main] 2025-05-18 19:54:05 Perf: detect: AppLayer MPM "toclient http.location (http2)": 2
[1 - Suricata-Main] 2025-05-18 19:54:05 Perf: detect: AppLayer MPM "toserver http_start (http)": 6
[1 - Suricata-Main] 2025-05-18 19:54:05 Perf: detect: AppLayer MPM "toclient http_start (http)": 6
[1 - Suricata-Main] 2025-05-18 19:54:05 Perf: detect: AppLayer MPM "toserver http_raw_header (http)": 4
[1 - Suricata-Main] 2025-05-18 19:54:05 Perf: detect: AppLayer MPM "toserver http_raw_header (http)": 2
[1 - Suricata-Main] 2025-05-18 19:54:05 Perf: detect: AppLayer MPM "toserver http_raw_header (http)": 4
[1 - Suricata-Main] 2025-05-18 19:54:05 Perf: detect: AppLayer MPM "toclient http_raw_header (http)": 4
[1 - Suricata-Main] 2025-05-18 19:54:05 Perf: detect: AppLayer MPM "toclient http_raw_header (http)": 2
[1 - Suricata-Main] 2025-05-18 19:54:05 Perf: detect: AppLayer MPM "toclient http_raw_header (http)": 4
[1 - Suricata-Main] 2025-05-18 19:54:05 Perf: detect: AppLayer MPM "toserver http_raw_header (http2)": 4
[1 - Suricata-Main] 2025-05-18 19:54:05 Perf: detect: AppLayer MPM "toserver http_raw_header (http2)": 2
[1 - Suricata-Main] 2025-05-18 19:54:05 Perf: detect: AppLayer MPM "toserver http_raw_header (http2)": 4
[1 - Suricata-Main] 2025-05-18 19:54:05 Perf: detect: AppLayer MPM "toclient http_raw_header (http2)": 4
[1 - Suricata-Main] 2025-05-18 19:54:05 Perf: detect: AppLayer MPM "toclient http_raw_header (http2)": 2
[1 - Suricata-Main] 2025-05-18 19:54:05 Perf: detect: AppLayer MPM "toclient http_raw_header (http2)": 4
[1 - Suricata-Main] 2025-05-18 19:54:05 Perf: detect: AppLayer MPM "toserver http_method (http)": 4
[1 - Suricata-Main] 2025-05-18 19:54:05 Perf: detect: AppLayer MPM "toserver http_method (http2)": 4
[1 - Suricata-Main] 2025-05-18 19:54:05 Perf: detect: AppLayer MPM "toserver http_cookie (http)": 8
[1 - Suricata-Main] 2025-05-18 19:54:05 Perf: detect: AppLayer MPM "toclient http_cookie (http)": 8
[1 - Suricata-Main] 2025-05-18 19:54:05 Perf: detect: AppLayer MPM "toserver http_cookie (http2)": 8
[1 - Suricata-Main] 2025-05-18 19:54:05 Perf: detect: AppLayer MPM "toclient http_cookie (http2)": 8
[1 - Suricata-Main] 2025-05-18 19:54:05 Perf: detect: AppLayer MPM "toserver http_user_agent (http)": 15
[1 - Suricata-Main] 2025-05-18 19:54:05 Perf: detect: AppLayer MPM "toserver http_user_agent (http2)": 15
[1 - Suricata-Main] 2025-05-18 19:54:05 Perf: detect: AppLayer MPM "toserver http_host (http)": 2
[1 - Suricata-Main] 2025-05-18 19:54:05 Perf: detect: AppLayer MPM "toserver http_host (http)": 4
[1 - Suricata-Main] 2025-05-18 19:54:05 Perf: detect: AppLayer MPM "toserver http_host (http2)": 2
[1 - Suricata-Main] 2025-05-18 19:54:05 Perf: detect: AppLayer MPM "toserver http_host (http2)": 4
[1 - Suricata-Main] 2025-05-18 19:54:05 Perf: detect: AppLayer MPM "toserver http_raw_host (http)": 2
[1 - Suricata-Main] 2025-05-18 19:54:05 Perf: detect: AppLayer MPM "toserver http_raw_host (http2)": 2
[1 - Suricata-Main] 2025-05-18 19:54:05 Perf: detect: AppLayer MPM "toclient http_stat_code (http)": 4
[1 - Suricata-Main] 2025-05-18 19:54:05 Perf: detect: AppLayer MPM "toclient http_stat_code (http2)": 4
[1 - Suricata-Main] 2025-05-18 19:54:05 Perf: detect: AppLayer MPM "toserver dns_query (dns)": 2
[1 - Suricata-Main] 2025-05-18 19:54:05 Perf: detect: AppLayer MPM "toserver dns_query (dns)": 1
[1 - Suricata-Main] 2025-05-18 19:54:05 Perf: detect: AppLayer MPM "toserver tls.sni (tls)": 3
[1 - Suricata-Main] 2025-05-18 19:54:05 Perf: detect: AppLayer MPM "toserver tls.sni (tls)": 1
[1 - Suricata-Main] 2025-05-18 19:54:05 Perf: detect: AppLayer MPM "toserver tls.cert_issuer (tls)": 6
[1 - Suricata-Main] 2025-05-18 19:54:05 Perf: detect: AppLayer MPM "toclient tls.cert_issuer (tls)": 6
[1 - Suricata-Main] 2025-05-18 19:54:05 Perf: detect: AppLayer MPM "toserver tls.cert_subject (tls)": 4
[1 - Suricata-Main] 2025-05-18 19:54:05 Perf: detect: AppLayer MPM "toclient tls.cert_subject (tls)": 4
[1 - Suricata-Main] 2025-05-18 19:54:05 Perf: detect: AppLayer MPM "toclient tls.cert_serial (tls)": 2
[1 - Suricata-Main] 2025-05-18 19:54:05 Perf: detect: AppLayer MPM "toserver tls.cert_serial (tls)": 2
[1 - Suricata-Main] 2025-05-18 19:54:05 Perf: detect: AppLayer MPM "toclient tls.cert_fingerprint (tls)": 1
[1 - Suricata-Main] 2025-05-18 19:54:05 Perf: detect: AppLayer MPM "toserver tls.cert_fingerprint (tls)": 1
[1 - Suricata-Main] 2025-05-18 19:54:05 Perf: detect: AppLayer MPM "toclient tls.certs (tls)": 2
[1 - Suricata-Main] 2025-05-18 19:54:05 Perf: detect: AppLayer MPM "toserver tls.certs (tls)": 2
[1 - Suricata-Main] 2025-05-18 19:54:05 Perf: detect: AppLayer MPM "toserver ja3.hash (tls)": 2
[1 - Suricata-Main] 2025-05-18 19:54:05 Perf: detect: AppLayer MPM "toserver ja3.hash (quic)": 2
[1 - Suricata-Main] 2025-05-18 19:54:05 Perf: detect: AppLayer MPM "toclient ja3s.hash (tls)": 1
[1 - Suricata-Main] 2025-05-18 19:54:05 Perf: detect: AppLayer MPM "toclient ja3s.hash (quic)": 1
[1 - Suricata-Main] 2025-05-18 19:54:05 Perf: detect: AppLayer MPM "toserver ssh.proto (ssh)": 1
[1 - Suricata-Main] 2025-05-18 19:54:05 Perf: detect: AppLayer MPM "toclient ssh.proto (ssh)": 1
[1 - Suricata-Main] 2025-05-18 19:54:05 Perf: detect: AppLayer MPM "toclient file_data (nfs)": 17
[1 - Suricata-Main] 2025-05-18 19:54:05 Perf: detect: AppLayer MPM "toclient file_data (nfs)": 2
[1 - Suricata-Main] 2025-05-18 19:54:05 Perf: detect: AppLayer MPM "toserver file_data (nfs)": 17
[1 - Suricata-Main] 2025-05-18 19:54:05 Perf: detect: AppLayer MPM "toserver file_data (nfs)": 2
[1 - Suricata-Main] 2025-05-18 19:54:05 Perf: detect: AppLayer MPM "toclient file_data (smb)": 17
[1 - Suricata-Main] 2025-05-18 19:54:05 Perf: detect: AppLayer MPM "toclient file_data (smb)": 2
[1 - Suricata-Main] 2025-05-18 19:54:05 Perf: detect: AppLayer MPM "toserver file_data (smb)": 17
[1 - Suricata-Main] 2025-05-18 19:54:05 Perf: detect: AppLayer MPM "toserver file_data (smb)": 2
[1 - Suricata-Main] 2025-05-18 19:54:05 Perf: detect: AppLayer MPM "toclient file_data (ftp)": 17
[1 - Suricata-Main] 2025-05-18 19:54:05 Perf: detect: AppLayer MPM "toclient file_data (ftp)": 2
[1 - Suricata-Main] 2025-05-18 19:54:05 Perf: detect: AppLayer MPM "toserver file_data (ftp)": 17
[1 - Suricata-Main] 2025-05-18 19:54:05 Perf: detect: AppLayer MPM "toserver file_data (ftp)": 2
[1 - Suricata-Main] 2025-05-18 19:54:05 Perf: detect: AppLayer MPM "toclient file_data (ftp-data)": 17
[1 - Suricata-Main] 2025-05-18 19:54:05 Perf: detect: AppLayer MPM "toclient file_data (ftp-data)": 2
[1 - Suricata-Main] 2025-05-18 19:54:05 Perf: detect: AppLayer MPM "toserver file_data (ftp-data)": 17
[1 - Suricata-Main] 2025-05-18 19:54:05 Perf: detect: AppLayer MPM "toserver file_data (ftp-data)": 2
[1 - Suricata-Main] 2025-05-18 19:54:05 Perf: detect: AppLayer MPM "toclient file_data (http)": 17
[1 - Suricata-Main] 2025-05-18 19:54:05 Perf: detect: AppLayer MPM "toclient file_data (http)": 2
[1 - Suricata-Main] 2025-05-18 19:54:05 Perf: detect: AppLayer MPM "toserver file_data (http)": 17
[1 - Suricata-Main] 2025-05-18 19:54:05 Perf: detect: AppLayer MPM "toserver file_data (http)": 2
[1 - Suricata-Main] 2025-05-18 19:54:05 Perf: detect: AppLayer MPM "toclient file_data (http2)": 17
[1 - Suricata-Main] 2025-05-18 19:54:05 Perf: detect: AppLayer MPM "toclient file_data (http2)": 2
[1 - Suricata-Main] 2025-05-18 19:54:05 Perf: detect: AppLayer MPM "toserver file_data (http2)": 17
[1 - Suricata-Main] 2025-05-18 19:54:05 Perf: detect: AppLayer MPM "toserver file_data (http2)": 2
[1 - Suricata-Main] 2025-05-18 19:54:05 Perf: detect: AppLayer MPM "toserver file_data (smtp)": 17
[1 - Suricata-Main] 2025-05-18 19:54:05 Perf: detect: AppLayer MPM "toserver file_data (smtp)": 2
[1 - Suricata-Main] 2025-05-18 19:54:05 Perf: detect: Pkt MPM "icmpv6.hdr": 1
[1 - Suricata-Main] 2025-05-18 19:54:05 Perf: detect: Pkt MPM "ipv6.hdr": 1
[1 - Suricata-Main] 2025-05-18 19:54:07 Config: af-packet: enp0s3: using flow cluster mode for AF_PACKET
[1 - Suricata-Main] 2025-05-18 19:54:07 Perf: af-packet: enp0s3: cluster_flow: 5 cores, using 5 threads
[1 - Suricata-Main] 2025-05-18 19:54:07 Warning: af-packet: enp0s3: AF_PACKET tpacket-v3 is recommended for non-inline operation
[1 - Suricata-Main] 2025-05-18 19:54:07 Info: runmodes: enp0s3: creating 5 threads
[1 - Suricata-Main] 2025-05-18 19:54:07 Config: flow-manager: using 1 flow manager threads
[1 - Suricata-Main] 2025-05-18 19:54:07 Config: flow-manager: using 1 flow recycler threads
[1 - Suricata-Main] 2025-05-18 19:54:07 Info: unix-manager: unix socket '/var/run/suricata/suricata-command.socket'
[12 - W#01-enp0s3] 2025-05-18 19:54:07 Config: af-packet: enp0s3: defrag enabled, setting snaplen to 9216
[12 - W#01-enp0s3] 2025-05-18 19:54:07 Perf: af-packet: enp0s3: rx ring: block_size=131072 block_nr=30 frame_size=9296 frame_nr=420
[13 - W#02-enp0s3] 2025-05-18 19:54:07 Config: af-packet: enp0s3: defrag enabled, setting snaplen to 9216
[13 - W#02-enp0s3] 2025-05-18 19:54:07 Perf: af-packet: enp0s3: rx ring: block_size=131072 block_nr=30 frame_size=9296 frame_nr=420
[14 - W#03-enp0s3] 2025-05-18 19:54:07 Config: af-packet: enp0s3: defrag enabled, setting snaplen to 9216
[14 - W#03-enp0s3] 2025-05-18 19:54:07 Perf: af-packet: enp0s3: rx ring: block_size=131072 block_nr=30 frame_size=9296 frame_nr=420
[15 - W#04-enp0s3] 2025-05-18 19:54:07 Config: af-packet: enp0s3: defrag enabled, setting snaplen to 9216
[15 - W#04-enp0s3] 2025-05-18 19:54:07 Perf: af-packet: enp0s3: rx ring: block_size=131072 block_nr=30 frame_size=9296 frame_nr=420
[16 - W#05-enp0s3] 2025-05-18 19:54:07 Config: af-packet: enp0s3: defrag enabled, setting snaplen to 9216
[16 - W#05-enp0s3] 2025-05-18 19:54:07 Perf: af-packet: enp0s3: rx ring: block_size=131072 block_nr=30 frame_size=9296 frame_nr=420
[1 - Suricata-Main] 2025-05-18 19:54:07 Notice: threads: Threads created -> W: 5 FM: 1 FR: 1   Engine started.
[1 - Suricata-Main] 2025-05-19 15:20:21 Notice: suricata: Signal Received.  Stopping engine.
[1 - Suricata-Main] 2025-05-19 15:20:26 Info: suricata: time elapsed 69978.914s
[18 - FR#01] 2025-05-19 15:20:27 Perf: flow-manager: 2241 flows processed
[12 - W#01-enp0s3] 2025-05-19 15:20:27 Perf: af-packet: enp0s3: (W#01-enp0s3) kernel: Packets 64733, dropped 0
[1 - Suricata-Main] 2025-05-19 15:27:11 Notice: suricata: This is Suricata version 7.0.10 RELEASE running in SYSTEM mode
[1 - Suricata-Main] 2025-05-19 15:27:11 Info: cpu: CPUs/cores online: 5
[1 - Suricata-Main] 2025-05-19 15:27:11 Info: suricata: Setting engine mode to IDS mode by default
[1 - Suricata-Main] 2025-05-19 15:27:11 Info: exception-policy: master exception-policy set to: auto
[1 - Suricata-Main] 2025-05-19 15:27:11 Config: exception-policy: app-layer.error-policy: ignore (defined via 'exception-policy' master switch)
[1 - Suricata-Main] 2025-05-19 15:27:11 Config: app-layer-htp: 'default' server has 'request-body-minimal-inspect-size' set to 32629 and 'request-body-inspect-window' set to 4175 after randomization.
[1 - Suricata-Main] 2025-05-19 15:27:11 Config: app-layer-htp: 'default' server has 'response-body-minimal-inspect-size' set to 39024 and 'response-body-inspect-window' set to 16231 after randomization.
[1 - Suricata-Main] 2025-05-19 15:27:11 Config: smb: read: max record size: 16777216, max queued chunks 64, max queued size 67108864
[1 - Suricata-Main] 2025-05-19 15:27:11 Config: smb: write: max record size: 16777216, max queued chunks 64, max queued size 67108864
[1 - Suricata-Main] 2025-05-19 15:27:11 Config: app-layer-enip: Protocol detection and parser disabled for enip protocol.
[1 - Suricata-Main] 2025-05-19 15:27:11 Config: app-layer-dnp3: Protocol detection and parser disabled for DNP3.
[1 - Suricata-Main] 2025-05-19 15:27:11 Config: host: allocated 262144 bytes of memory for the host hash... 4096 buckets of size 64
[1 - Suricata-Main] 2025-05-19 15:27:11 Config: host: preallocated 1000 hosts of size 136
[1 - Suricata-Main] 2025-05-19 15:27:11 Config: host: host memory usage: 398144 bytes, maximum: 33554432
[1 - Suricata-Main] 2025-05-19 15:27:11 Config: coredump-config: Core dump size is unlimited.
[1 - Suricata-Main] 2025-05-19 15:27:11 Config: exception-policy: defrag.memcap-policy: ignore (defined via 'exception-policy' master switch)
[1 - Suricata-Main] 2025-05-19 15:27:11 Config: defrag-hash: allocated 3670016 bytes of memory for the defrag hash... 65536 buckets of size 56
[1 - Suricata-Main] 2025-05-19 15:27:11 Config: defrag-hash: preallocated 65535 defrag trackers of size 160
[1 - Suricata-Main] 2025-05-19 15:27:11 Config: defrag-hash: defrag memory usage: 14155616 bytes, maximum: 33554432
[1 - Suricata-Main] 2025-05-19 15:27:11 Config: exception-policy: flow.memcap-policy: ignore (defined via 'exception-policy' master switch)
[1 - Suricata-Main] 2025-05-19 15:27:11 Config: flow: flow size 304, memcap allows for 441505 flows. Per hash row in perfect conditions 6
[1 - Suricata-Main] 2025-05-19 15:27:11 Config: stream-tcp: stream "prealloc-sessions": 2048 (per thread)
[1 - Suricata-Main] 2025-05-19 15:27:11 Config: stream-tcp: stream "memcap": 67108864
[1 - Suricata-Main] 2025-05-19 15:27:11 Config: stream-tcp: stream "midstream" session pickups: disabled
[1 - Suricata-Main] 2025-05-19 15:27:11 Config: stream-tcp: stream "async-oneside": disabled
[1 - Suricata-Main] 2025-05-19 15:27:11 Config: stream-tcp: stream "checksum-validation": enabled
[1 - Suricata-Main] 2025-05-19 15:27:11 Config: exception-policy: stream.memcap-policy: ignore (defined via 'exception-policy' master switch)
[1 - Suricata-Main] 2025-05-19 15:27:11 Config: exception-policy: stream.reassembly.memcap-policy: ignore (defined via 'exception-policy' master switch)
[1 - Suricata-Main] 2025-05-19 15:27:11 Config: exception-policy: stream.midstream-policy: ignore (defined via 'exception-policy' master switch)
[1 - Suricata-Main] 2025-05-19 15:27:11 Config: stream-tcp: stream."inline": disabled
[1 - Suricata-Main] 2025-05-19 15:27:11 Config: stream-tcp: stream "bypass": disabled
[1 - Suricata-Main] 2025-05-19 15:27:11 Config: stream-tcp: stream.reassembly.urgent.policy": inline
[1 - Suricata-Main] 2025-05-19 15:27:11 Config: stream-tcp: stream "max-syn-queued": 10
[1 - Suricata-Main] 2025-05-19 15:27:11 Config: stream-tcp: stream "max-synack-queued": 5
[1 - Suricata-Main] 2025-05-19 15:27:11 Config: stream-tcp: stream.reassembly "memcap": 268435456
[1 - Suricata-Main] 2025-05-19 15:27:11 Config: stream-tcp: stream.reassembly "depth": 1048576
[1 - Suricata-Main] 2025-05-19 15:27:11 Config: stream-tcp: stream.reassembly "toserver-chunk-size": 2653
[1 - Suricata-Main] 2025-05-19 15:27:11 Config: stream-tcp: stream.reassembly "toclient-chunk-size": 2606
[1 - Suricata-Main] 2025-05-19 15:27:11 Config: stream-tcp: stream.reassembly.raw: enabled
[1 - Suricata-Main] 2025-05-19 15:27:11 Config: stream-tcp: stream.liberal-timestamps: disabled
[1 - Suricata-Main] 2025-05-19 15:27:11 Config: stream-tcp-reassemble: stream.reassembly "segment-prealloc": 2048
[1 - Suricata-Main] 2025-05-19 15:27:11 Config: stream-tcp-reassemble: stream.reassembly "max-regions": 8
[1 - Suricata-Main] 2025-05-19 15:27:11 Info: conf: Running in live mode, activating unix socket
[1 - Suricata-Main] 2025-05-19 15:27:11 Info: logopenfile: fast output device (regular) initialized: fast.log
[1 - Suricata-Main] 2025-05-19 15:27:11 Info: logopenfile: eve-log output device (regular) initialized: eve.json
[1 - Suricata-Main] 2025-05-19 15:27:11 Config: runmodes: enabling 'eve-log' module 'alert'
[1 - Suricata-Main] 2025-05-19 15:27:11 Config: runmodes: enabling 'eve-log' module 'frame'
[1 - Suricata-Main] 2025-05-19 15:27:11 Config: runmodes: enabling 'eve-log' module 'anomaly'
[1 - Suricata-Main] 2025-05-19 15:27:11 Config: runmodes: enabling 'eve-log' module 'http'
[1 - Suricata-Main] 2025-05-19 15:27:11 Config: runmodes: enabling 'eve-log' module 'dns'
[1 - Suricata-Main] 2025-05-19 15:27:11 Config: runmodes: enabling 'eve-log' module 'tls'
[1 - Suricata-Main] 2025-05-19 15:27:11 Config: runmodes: enabling 'eve-log' module 'files'
[1 - Suricata-Main] 2025-05-19 15:27:11 Config: runmodes: enabling 'eve-log' module 'smtp'
[1 - Suricata-Main] 2025-05-19 15:27:11 Config: runmodes: enabling 'eve-log' module 'ftp'
[1 - Suricata-Main] 2025-05-19 15:27:11 Config: runmodes: enabling 'eve-log' module 'rdp'
[1 - Suricata-Main] 2025-05-19 15:27:11 Config: runmodes: enabling 'eve-log' module 'nfs'
[1 - Suricata-Main] 2025-05-19 15:27:11 Config: runmodes: enabling 'eve-log' module 'smb'
[1 - Suricata-Main] 2025-05-19 15:27:11 Config: runmodes: enabling 'eve-log' module 'tftp'
[1 - Suricata-Main] 2025-05-19 15:27:11 Config: runmodes: enabling 'eve-log' module 'ike'
[1 - Suricata-Main] 2025-05-19 15:27:11 Config: runmodes: enabling 'eve-log' module 'dcerpc'
[1 - Suricata-Main] 2025-05-19 15:27:11 Config: runmodes: enabling 'eve-log' module 'krb5'
[1 - Suricata-Main] 2025-05-19 15:27:11 Config: runmodes: enabling 'eve-log' module 'bittorrent-dht'
[1 - Suricata-Main] 2025-05-19 15:27:11 Config: runmodes: enabling 'eve-log' module 'snmp'
[1 - Suricata-Main] 2025-05-19 15:27:11 Config: runmodes: enabling 'eve-log' module 'rfb'
[1 - Suricata-Main] 2025-05-19 15:27:11 Config: runmodes: enabling 'eve-log' module 'sip'
[1 - Suricata-Main] 2025-05-19 15:27:11 Config: runmodes: enabling 'eve-log' module 'quic'
[1 - Suricata-Main] 2025-05-19 15:27:11 Config: runmodes: enabling 'eve-log' module 'dhcp'
[1 - Suricata-Main] 2025-05-19 15:27:11 Config: runmodes: enabling 'eve-log' module 'ssh'
[1 - Suricata-Main] 2025-05-19 15:27:11 Config: runmodes: enabling 'eve-log' module 'mqtt'
[1 - Suricata-Main] 2025-05-19 15:27:11 Config: runmodes: enabling 'eve-log' module 'http2'
[1 - Suricata-Main] 2025-05-19 15:27:11 Config: runmodes: enabling 'eve-log' module 'pgsql'
[1 - Suricata-Main] 2025-05-19 15:27:11 Config: runmodes: enabling 'eve-log' module 'stats'
[1 - Suricata-Main] 2025-05-19 15:27:11 Config: runmodes: enabling 'eve-log' module 'flow'
[1 - Suricata-Main] 2025-05-19 15:27:11 Info: logopenfile: stats output device (regular) initialized: stats.log
[1 - Suricata-Main] 2025-05-19 15:27:11 Config: landlock: Landlock is not enabled in configuration
[1 - Suricata-Main] 2025-05-19 15:27:11 Config: suricata: Delayed detect disabled
[1 - Suricata-Main] 2025-05-19 15:27:11 Config: detect: pattern matchers: MPM: ac, SPM: bm
[1 - Suricata-Main] 2025-05-19 15:27:11 Config: detect: grouping: tcp-whitelist (default) 53, 80, 139, 443, 445, 1433, 3306, 3389, 6666, 6667, 8080
[1 - Suricata-Main] 2025-05-19 15:27:11 Config: detect: grouping: udp-whitelist (default) 53, 135, 5060
[1 - Suricata-Main] 2025-05-19 15:27:11 Config: detect: prefilter engines: MPM
[1 - Suricata-Main] 2025-05-19 15:27:11 Config: reputation: IP reputation disabled
[1 - Suricata-Main] 2025-05-19 15:27:11 Config: detect: Loading rule file: /var/lib/suricata/rules/suricata.rules
[1 - Suricata-Main] 2025-05-19 15:27:13 Info: detect-fast-pattern: fast_pattern is ineffective with base64_data
[1 - Suricata-Main] 2025-05-19 15:27:13 Info: detect-fast-pattern: fast_pattern is ineffective with base64_data
[1 - Suricata-Main] 2025-05-19 15:27:13 Info: detect: 1 rule files processed. 42614 rules successfully loaded, 0 rules failed, 0
[1 - Suricata-Main] 2025-05-19 15:27:13 Info: threshold-config: Threshold config parsed: 0 rule(s) found
[1 - Suricata-Main] 2025-05-19 15:27:13 Info: detect: 42617 signatures processed. 1270 are IP-only rules, 4333 are inspecting packet payload, 36797 inspect application layer, 109 are decoder event only
[1 - Suricata-Main] 2025-05-19 15:27:13 Config: detect: building signature grouping structure, stage 1: preprocessing rules... complete
[1 - Suricata-Main] 2025-05-19 15:27:13 Perf: detect: TCP toserver: 41 port groups, 40 unique SGH's, 1 copies
[1 - Suricata-Main] 2025-05-19 15:27:13 Perf: detect: TCP toclient: 21 port groups, 21 unique SGH's, 0 copies
[1 - Suricata-Main] 2025-05-19 15:27:13 Perf: detect: UDP toserver: 41 port groups, 40 unique SGH's, 1 copies
[1 - Suricata-Main] 2025-05-19 15:27:13 Perf: detect: UDP toclient: 21 port groups, 17 unique SGH's, 4 copies
[1 - Suricata-Main] 2025-05-19 15:27:13 Perf: detect: OTHER toserver: 254 proto groups, 4 unique SGH's, 250 copies
[1 - Suricata-Main] 2025-05-19 15:27:13 Perf: detect: OTHER toclient: 254 proto groups, 0 unique SGH's, 254 copies
[1 - Suricata-Main] 2025-05-19 15:27:14 Perf: detect: Unique rule groups: 122
[1 - Suricata-Main] 2025-05-19 15:27:14 Perf: detect: Builtin MPM "toserver TCP packet": 31
[1 - Suricata-Main] 2025-05-19 15:27:14 Perf: detect: Builtin MPM "toclient TCP packet": 20
[1 - Suricata-Main] 2025-05-19 15:27:14 Perf: detect: Builtin MPM "toserver TCP stream": 34
[1 - Suricata-Main] 2025-05-19 15:27:14 Perf: detect: Builtin MPM "toclient TCP stream": 19
[1 - Suricata-Main] 2025-05-19 15:27:14 Perf: detect: Builtin MPM "toserver UDP packet": 40
[1 - Suricata-Main] 2025-05-19 15:27:14 Perf: detect: Builtin MPM "toclient UDP packet": 17
[1 - Suricata-Main] 2025-05-19 15:27:14 Perf: detect: Builtin MPM "other IP packet": 3
[1 - Suricata-Main] 2025-05-19 15:27:14 Perf: detect: AppLayer MPM "toserver http_uri (http)": 16
[1 - Suricata-Main] 2025-05-19 15:27:14 Perf: detect: AppLayer MPM "toserver http_uri (http2)": 16
[1 - Suricata-Main] 2025-05-19 15:27:14 Perf: detect: AppLayer MPM "toserver http_raw_uri (http)": 2
[1 - Suricata-Main] 2025-05-19 15:27:14 Perf: detect: AppLayer MPM "toserver http_raw_uri (http)": 2
[1 - Suricata-Main] 2025-05-19 15:27:14 Perf: detect: AppLayer MPM "toserver http_raw_uri (http2)": 2
[1 - Suricata-Main] 2025-05-19 15:27:14 Perf: detect: AppLayer MPM "toserver http_raw_uri (http2)": 2
[1 - Suricata-Main] 2025-05-19 15:27:14 Perf: detect: AppLayer MPM "toserver http_request_line (http)": 8
[1 - Suricata-Main] 2025-05-19 15:27:14 Perf: detect: AppLayer MPM "toserver http_request_line (http2)": 8
[1 - Suricata-Main] 2025-05-19 15:27:14 Perf: detect: AppLayer MPM "toserver http_client_body (http)": 14
[1 - Suricata-Main] 2025-05-19 15:27:14 Perf: detect: AppLayer MPM "toserver http_client_body (http)": 2
[1 - Suricata-Main] 2025-05-19 15:27:14 Perf: detect: AppLayer MPM "toserver http_client_body (http2)": 14
[1 - Suricata-Main] 2025-05-19 15:27:14 Perf: detect: AppLayer MPM "toserver http_client_body (http2)": 2
[1 - Suricata-Main] 2025-05-19 15:27:14 Perf: detect: AppLayer MPM "toclient http_response_line (http)": 2
[1 - Suricata-Main] 2025-05-19 15:27:14 Perf: detect: AppLayer MPM "toclient http_response_line (http2)": 2
[1 - Suricata-Main] 2025-05-19 15:27:14 Perf: detect: AppLayer MPM "toserver http_header (http)": 10
[1 - Suricata-Main] 2025-05-19 15:27:14 Perf: detect: AppLayer MPM "toserver http_header (http)": 1
[1 - Suricata-Main] 2025-05-19 15:27:14 Perf: detect: AppLayer MPM "toserver http_header (http)": 4
[1 - Suricata-Main] 2025-05-19 15:27:14 Perf: detect: AppLayer MPM "toserver http_header (http)": 4
[1 - Suricata-Main] 2025-05-19 15:27:14 Perf: detect: AppLayer MPM "toserver http_header (http)": 10
[1 - Suricata-Main] 2025-05-19 15:27:14 Perf: detect: AppLayer MPM "toclient http_header (http)": 10
[1 - Suricata-Main] 2025-05-19 15:27:14 Perf: detect: AppLayer MPM "toclient http_header (http)": 1
[1 - Suricata-Main] 2025-05-19 15:27:14 Perf: detect: AppLayer MPM "toclient http_header (http)": 4
[1 - Suricata-Main] 2025-05-19 15:27:14 Perf: detect: AppLayer MPM "toclient http_header (http)": 4
[1 - Suricata-Main] 2025-05-19 15:27:14 Perf: detect: AppLayer MPM "toclient http_header (http)": 10
[1 - Suricata-Main] 2025-05-19 15:27:14 Perf: detect: AppLayer MPM "toserver http_header (http2)": 10
[1 - Suricata-Main] 2025-05-19 15:27:14 Perf: detect: AppLayer MPM "toserver http_header (http2)": 1
[1 - Suricata-Main] 2025-05-19 15:27:14 Perf: detect: AppLayer MPM "toserver http_header (http2)": 4
[1 - Suricata-Main] 2025-05-19 15:27:14 Perf: detect: AppLayer MPM "toserver http_header (http2)": 4
[1 - Suricata-Main] 2025-05-19 15:27:14 Perf: detect: AppLayer MPM "toserver http_header (http2)": 10
[1 - Suricata-Main] 2025-05-19 15:27:14 Perf: detect: AppLayer MPM "toclient http_header (http2)": 10
[1 - Suricata-Main] 2025-05-19 15:27:14 Perf: detect: AppLayer MPM "toclient http_header (http2)": 1
[1 - Suricata-Main] 2025-05-19 15:27:14 Perf: detect: AppLayer MPM "toclient http_header (http2)": 4
[1 - Suricata-Main] 2025-05-19 15:27:14 Perf: detect: AppLayer MPM "toclient http_header (http2)": 4
[1 - Suricata-Main] 2025-05-19 15:27:14 Perf: detect: AppLayer MPM "toclient http_header (http2)": 10
[1 - Suricata-Main] 2025-05-19 15:27:14 Perf: detect: AppLayer MPM "toserver http_request_header (http2)": 2
[1 - Suricata-Main] 2025-05-19 15:27:14 Perf: detect: AppLayer MPM "toserver http_request_header (http2)": 4
[1 - Suricata-Main] 2025-05-19 15:27:14 Perf: detect: AppLayer MPM "toserver http_request_header (http)": 2
[1 - Suricata-Main] 2025-05-19 15:27:14 Perf: detect: AppLayer MPM "toserver http_request_header (http)": 4
[1 - Suricata-Main] 2025-05-19 15:27:14 Perf: detect: AppLayer MPM "toclient http_response_header (http2)": 2
[1 - Suricata-Main] 2025-05-19 15:27:14 Perf: detect: AppLayer MPM "toclient http_response_header (http2)": 2
[1 - Suricata-Main] 2025-05-19 15:27:14 Perf: detect: AppLayer MPM "toclient http_response_header (http2)": 2
[1 - Suricata-Main] 2025-05-19 15:27:14 Perf: detect: AppLayer MPM "toclient http_response_header (http2)": 2
[1 - Suricata-Main] 2025-05-19 15:27:14 Perf: detect: AppLayer MPM "toclient http_response_header (http)": 2
[1 - Suricata-Main] 2025-05-19 15:27:14 Perf: detect: AppLayer MPM "toclient http_response_header (http)": 2
[1 - Suricata-Main] 2025-05-19 15:27:14 Perf: detect: AppLayer MPM "toclient http_response_header (http)": 2
[1 - Suricata-Main] 2025-05-19 15:27:14 Perf: detect: AppLayer MPM "toclient http_response_header (http)": 2
[1 - Suricata-Main] 2025-05-19 15:27:14 Perf: detect: AppLayer MPM "toserver http_header_names (http)": 11
[1 - Suricata-Main] 2025-05-19 15:27:14 Perf: detect: AppLayer MPM "toserver http_header_names (http)": 1
[1 - Suricata-Main] 2025-05-19 15:27:14 Perf: detect: AppLayer MPM "toserver http_header_names (http)": 2
[1 - Suricata-Main] 2025-05-19 15:27:14 Perf: detect: AppLayer MPM "toserver http_header_names (http)": 4
[1 - Suricata-Main] 2025-05-19 15:27:14 Perf: detect: AppLayer MPM "toserver http_header_names (http)": 8
[1 - Suricata-Main] 2025-05-19 15:27:14 Perf: detect: AppLayer MPM "toclient http_header_names (http)": 11
[1 - Suricata-Main] 2025-05-19 15:27:14 Perf: detect: AppLayer MPM "toclient http_header_names (http)": 1
[1 - Suricata-Main] 2025-05-19 15:27:14 Perf: detect: AppLayer MPM "toclient http_header_names (http)": 2
[1 - Suricata-Main] 2025-05-19 15:27:14 Perf: detect: AppLayer MPM "toclient http_header_names (http)": 4
[1 - Suricata-Main] 2025-05-19 15:27:14 Perf: detect: AppLayer MPM "toclient http_header_names (http)": 8
[1 - Suricata-Main] 2025-05-19 15:27:14 Perf: detect: AppLayer MPM "toserver http_header_names (http2)": 11
[1 - Suricata-Main] 2025-05-19 15:27:14 Perf: detect: AppLayer MPM "toserver http_header_names (http2)": 1
[1 - Suricata-Main] 2025-05-19 15:27:14 Perf: detect: AppLayer MPM "toserver http_header_names (http2)": 2
[1 - Suricata-Main] 2025-05-19 15:27:14 Perf: detect: AppLayer MPM "toserver http_header_names (http2)": 4
[1 - Suricata-Main] 2025-05-19 15:27:14 Perf: detect: AppLayer MPM "toserver http_header_names (http2)": 8
[1 - Suricata-Main] 2025-05-19 15:27:14 Perf: detect: AppLayer MPM "toclient http_header_names (http2)": 11
[1 - Suricata-Main] 2025-05-19 15:27:14 Perf: detect: AppLayer MPM "toclient http_header_names (http2)": 1
[1 - Suricata-Main] 2025-05-19 15:27:14 Perf: detect: AppLayer MPM "toclient http_header_names (http2)": 2
[1 - Suricata-Main] 2025-05-19 15:27:14 Perf: detect: AppLayer MPM "toclient http_header_names (http2)": 4
[1 - Suricata-Main] 2025-05-19 15:27:14 Perf: detect: AppLayer MPM "toclient http_header_names (http2)": 8
[1 - Suricata-Main] 2025-05-19 15:27:14 Perf: detect: AppLayer MPM "toserver http_accept (http)": 8
[1 - Suricata-Main] 2025-05-19 15:27:14 Perf: detect: AppLayer MPM "toserver http_accept (http2)": 8
[1 - Suricata-Main] 2025-05-19 15:27:14 Perf: detect: AppLayer MPM "toserver http_accept_enc (http)": 2
[1 - Suricata-Main] 2025-05-19 15:27:14 Perf: detect: AppLayer MPM "toserver http_accept_enc (http2)": 2
[1 - Suricata-Main] 2025-05-19 15:27:14 Perf: detect: AppLayer MPM "toserver http_accept_lang (http)": 2
[1 - Suricata-Main] 2025-05-19 15:27:14 Perf: detect: AppLayer MPM "toserver http_accept_lang (http2)": 2
[1 - Suricata-Main] 2025-05-19 15:27:14 Perf: detect: AppLayer MPM "toserver http_referer (http)": 2
[1 - Suricata-Main] 2025-05-19 15:27:14 Perf: detect: AppLayer MPM "toserver http_referer (http2)": 2
[1 - Suricata-Main] 2025-05-19 15:27:14 Perf: detect: AppLayer MPM "toserver http_connection (http)": 2
[1 - Suricata-Main] 2025-05-19 15:27:14 Perf: detect: AppLayer MPM "toserver http_connection (http2)": 2
[1 - Suricata-Main] 2025-05-19 15:27:14 Perf: detect: AppLayer MPM "toclient http_connection (http)": 2
[1 - Suricata-Main] 2025-05-19 15:27:14 Perf: detect: AppLayer MPM "toclient http_connection (http2)": 2
[1 - Suricata-Main] 2025-05-19 15:27:14 Perf: detect: AppLayer MPM "toserver http_content_len (http)": 4
[1 - Suricata-Main] 2025-05-19 15:27:14 Perf: detect: AppLayer MPM "toserver http_content_len (http2)": 4
[1 - Suricata-Main] 2025-05-19 15:27:14 Perf: detect: AppLayer MPM "toclient http_content_len (http)": 4
[1 - Suricata-Main] 2025-05-19 15:27:14 Perf: detect: AppLayer MPM "toclient http_content_len (http2)": 4
[1 - Suricata-Main] 2025-05-19 15:27:14 Perf: detect: AppLayer MPM "toserver http_content_type (http)": 4
[1 - Suricata-Main] 2025-05-19 15:27:14 Perf: detect: AppLayer MPM "toserver http_content_type (http2)": 4
[1 - Suricata-Main] 2025-05-19 15:27:14 Perf: detect: AppLayer MPM "toclient http_content_type (http)": 4
[1 - Suricata-Main] 2025-05-19 15:27:14 Perf: detect: AppLayer MPM "toclient http_content_type (http2)": 4
[1 - Suricata-Main] 2025-05-19 15:27:14 Perf: detect: AppLayer MPM "toclient http.server (http)": 4
[1 - Suricata-Main] 2025-05-19 15:27:14 Perf: detect: AppLayer MPM "toclient http.server (http2)": 4
[1 - Suricata-Main] 2025-05-19 15:27:14 Perf: detect: AppLayer MPM "toclient http.location (http)": 2
[1 - Suricata-Main] 2025-05-19 15:27:14 Perf: detect: AppLayer MPM "toclient http.location (http2)": 2
[1 - Suricata-Main] 2025-05-19 15:27:14 Perf: detect: AppLayer MPM "toserver http_start (http)": 6
[1 - Suricata-Main] 2025-05-19 15:27:14 Perf: detect: AppLayer MPM "toclient http_start (http)": 6
[1 - Suricata-Main] 2025-05-19 15:27:14 Perf: detect: AppLayer MPM "toserver http_raw_header (http)": 4
[1 - Suricata-Main] 2025-05-19 15:27:14 Perf: detect: AppLayer MPM "toserver http_raw_header (http)": 2
[1 - Suricata-Main] 2025-05-19 15:27:14 Perf: detect: AppLayer MPM "toserver http_raw_header (http)": 4
[1 - Suricata-Main] 2025-05-19 15:27:14 Perf: detect: AppLayer MPM "toclient http_raw_header (http)": 4
[1 - Suricata-Main] 2025-05-19 15:27:14 Perf: detect: AppLayer MPM "toclient http_raw_header (http)": 2
[1 - Suricata-Main] 2025-05-19 15:27:14 Perf: detect: AppLayer MPM "toclient http_raw_header (http)": 4
[1 - Suricata-Main] 2025-05-19 15:27:14 Perf: detect: AppLayer MPM "toserver http_raw_header (http2)": 4
[1 - Suricata-Main] 2025-05-19 15:27:14 Perf: detect: AppLayer MPM "toserver http_raw_header (http2)": 2
[1 - Suricata-Main] 2025-05-19 15:27:14 Perf: detect: AppLayer MPM "toserver http_raw_header (http2)": 4
[1 - Suricata-Main] 2025-05-19 15:27:14 Perf: detect: AppLayer MPM "toclient http_raw_header (http2)": 4
[1 - Suricata-Main] 2025-05-19 15:27:14 Perf: detect: AppLayer MPM "toclient http_raw_header (http2)": 2
[1 - Suricata-Main] 2025-05-19 15:27:14 Perf: detect: AppLayer MPM "toclient http_raw_header (http2)": 4
[1 - Suricata-Main] 2025-05-19 15:27:14 Perf: detect: AppLayer MPM "toserver http_method (http)": 4
[1 - Suricata-Main] 2025-05-19 15:27:14 Perf: detect: AppLayer MPM "toserver http_method (http2)": 4
[1 - Suricata-Main] 2025-05-19 15:27:14 Perf: detect: AppLayer MPM "toserver http_cookie (http)": 8
[1 - Suricata-Main] 2025-05-19 15:27:14 Perf: detect: AppLayer MPM "toclient http_cookie (http)": 8
[1 - Suricata-Main] 2025-05-19 15:27:14 Perf: detect: AppLayer MPM "toserver http_cookie (http2)": 8
[1 - Suricata-Main] 2025-05-19 15:27:14 Perf: detect: AppLayer MPM "toclient http_cookie (http2)": 8
[1 - Suricata-Main] 2025-05-19 15:27:14 Perf: detect: AppLayer MPM "toserver http_user_agent (http)": 15
[1 - Suricata-Main] 2025-05-19 15:27:14 Perf: detect: AppLayer MPM "toserver http_user_agent (http2)": 15
[1 - Suricata-Main] 2025-05-19 15:27:14 Perf: detect: AppLayer MPM "toserver http_host (http)": 2
[1 - Suricata-Main] 2025-05-19 15:27:14 Perf: detect: AppLayer MPM "toserver http_host (http)": 4
[1 - Suricata-Main] 2025-05-19 15:27:14 Perf: detect: AppLayer MPM "toserver http_host (http2)": 2
[1 - Suricata-Main] 2025-05-19 15:27:14 Perf: detect: AppLayer MPM "toserver http_host (http2)": 4
[1 - Suricata-Main] 2025-05-19 15:27:14 Perf: detect: AppLayer MPM "toserver http_raw_host (http)": 2
[1 - Suricata-Main] 2025-05-19 15:27:14 Perf: detect: AppLayer MPM "toserver http_raw_host (http2)": 2
[1 - Suricata-Main] 2025-05-19 15:27:14 Perf: detect: AppLayer MPM "toclient http_stat_code (http)": 4
[1 - Suricata-Main] 2025-05-19 15:27:14 Perf: detect: AppLayer MPM "toclient http_stat_code (http2)": 4
[1 - Suricata-Main] 2025-05-19 15:27:14 Perf: detect: AppLayer MPM "toserver dns_query (dns)": 2
[1 - Suricata-Main] 2025-05-19 15:27:14 Perf: detect: AppLayer MPM "toserver dns_query (dns)": 1
[1 - Suricata-Main] 2025-05-19 15:27:14 Perf: detect: AppLayer MPM "toserver tls.sni (tls)": 3
[1 - Suricata-Main] 2025-05-19 15:27:14 Perf: detect: AppLayer MPM "toserver tls.sni (tls)": 1
[1 - Suricata-Main] 2025-05-19 15:27:14 Perf: detect: AppLayer MPM "toserver tls.cert_issuer (tls)": 6
[1 - Suricata-Main] 2025-05-19 15:27:14 Perf: detect: AppLayer MPM "toclient tls.cert_issuer (tls)": 6
[1 - Suricata-Main] 2025-05-19 15:27:14 Perf: detect: AppLayer MPM "toserver tls.cert_subject (tls)": 4
[1 - Suricata-Main] 2025-05-19 15:27:14 Perf: detect: AppLayer MPM "toclient tls.cert_subject (tls)": 4
[1 - Suricata-Main] 2025-05-19 15:27:14 Perf: detect: AppLayer MPM "toclient tls.cert_serial (tls)": 2
[1 - Suricata-Main] 2025-05-19 15:27:14 Perf: detect: AppLayer MPM "toserver tls.cert_serial (tls)": 2
[1 - Suricata-Main] 2025-05-19 15:27:14 Perf: detect: AppLayer MPM "toclient tls.cert_fingerprint (tls)": 1
[1 - Suricata-Main] 2025-05-19 15:27:14 Perf: detect: AppLayer MPM "toserver tls.cert_fingerprint (tls)": 1
[1 - Suricata-Main] 2025-05-19 15:27:14 Perf: detect: AppLayer MPM "toclient tls.certs (tls)": 2
[1 - Suricata-Main] 2025-05-19 15:27:14 Perf: detect: AppLayer MPM "toserver tls.certs (tls)": 2
[1 - Suricata-Main] 2025-05-19 15:27:14 Perf: detect: AppLayer MPM "toserver ja3.hash (tls)": 2
[1 - Suricata-Main] 2025-05-19 15:27:14 Perf: detect: AppLayer MPM "toserver ja3.hash (quic)": 2
[1 - Suricata-Main] 2025-05-19 15:27:14 Perf: detect: AppLayer MPM "toclient ja3s.hash (tls)": 1
[1 - Suricata-Main] 2025-05-19 15:27:14 Perf: detect: AppLayer MPM "toclient ja3s.hash (quic)": 1
[1 - Suricata-Main] 2025-05-19 15:27:14 Perf: detect: AppLayer MPM "toserver ssh.proto (ssh)": 1
[1 - Suricata-Main] 2025-05-19 15:27:14 Perf: detect: AppLayer MPM "toclient ssh.proto (ssh)": 1
[1 - Suricata-Main] 2025-05-19 15:27:14 Perf: detect: AppLayer MPM "toclient file_data (nfs)": 17
[1 - Suricata-Main] 2025-05-19 15:27:14 Perf: detect: AppLayer MPM "toclient file_data (nfs)": 2
[1 - Suricata-Main] 2025-05-19 15:27:14 Perf: detect: AppLayer MPM "toserver file_data (nfs)": 17
[1 - Suricata-Main] 2025-05-19 15:27:14 Perf: detect: AppLayer MPM "toserver file_data (nfs)": 2
[1 - Suricata-Main] 2025-05-19 15:27:14 Perf: detect: AppLayer MPM "toclient file_data (smb)": 17
[1 - Suricata-Main] 2025-05-19 15:27:14 Perf: detect: AppLayer MPM "toclient file_data (smb)": 2
[1 - Suricata-Main] 2025-05-19 15:27:14 Perf: detect: AppLayer MPM "toserver file_data (smb)": 17
[1 - Suricata-Main] 2025-05-19 15:27:14 Perf: detect: AppLayer MPM "toserver file_data (smb)": 2
[1 - Suricata-Main] 2025-05-19 15:27:14 Perf: detect: AppLayer MPM "toclient file_data (ftp)": 17
[1 - Suricata-Main] 2025-05-19 15:27:14 Perf: detect: AppLayer MPM "toclient file_data (ftp)": 2
[1 - Suricata-Main] 2025-05-19 15:27:14 Perf: detect: AppLayer MPM "toserver file_data (ftp)": 17
[1 - Suricata-Main] 2025-05-19 15:27:14 Perf: detect: AppLayer MPM "toserver file_data (ftp)": 2
[1 - Suricata-Main] 2025-05-19 15:27:14 Perf: detect: AppLayer MPM "toclient file_data (ftp-data)": 17
[1 - Suricata-Main] 2025-05-19 15:27:14 Perf: detect: AppLayer MPM "toclient file_data (ftp-data)": 2
[1 - Suricata-Main] 2025-05-19 15:27:14 Perf: detect: AppLayer MPM "toserver file_data (ftp-data)": 17
[1 - Suricata-Main] 2025-05-19 15:27:14 Perf: detect: AppLayer MPM "toserver file_data (ftp-data)": 2
[1 - Suricata-Main] 2025-05-19 15:27:14 Perf: detect: AppLayer MPM "toclient file_data (http)": 17
[1 - Suricata-Main] 2025-05-19 15:27:14 Perf: detect: AppLayer MPM "toclient file_data (http)": 2
[1 - Suricata-Main] 2025-05-19 15:27:14 Perf: detect: AppLayer MPM "toserver file_data (http)": 17
[1 - Suricata-Main] 2025-05-19 15:27:14 Perf: detect: AppLayer MPM "toserver file_data (http)": 2
[1 - Suricata-Main] 2025-05-19 15:27:14 Perf: detect: AppLayer MPM "toclient file_data (http2)": 17
[1 - Suricata-Main] 2025-05-19 15:27:14 Perf: detect: AppLayer MPM "toclient file_data (http2)": 2
[1 - Suricata-Main] 2025-05-19 15:27:14 Perf: detect: AppLayer MPM "toserver file_data (http2)": 17
[1 - Suricata-Main] 2025-05-19 15:27:14 Perf: detect: AppLayer MPM "toserver file_data (http2)": 2
[1 - Suricata-Main] 2025-05-19 15:27:14 Perf: detect: AppLayer MPM "toserver file_data (smtp)": 17
[1 - Suricata-Main] 2025-05-19 15:27:14 Perf: detect: AppLayer MPM "toserver file_data (smtp)": 2
[1 - Suricata-Main] 2025-05-19 15:27:14 Perf: detect: Pkt MPM "icmpv6.hdr": 1
[1 - Suricata-Main] 2025-05-19 15:27:14 Perf: detect: Pkt MPM "ipv6.hdr": 1
[1 - Suricata-Main] 2025-05-19 15:27:16 Config: af-packet: enp0s3: using flow cluster mode for AF_PACKET
[1 - Suricata-Main] 2025-05-19 15:27:16 Perf: af-packet: enp0s3: cluster_flow: 5 cores, using 5 threads
[1 - Suricata-Main] 2025-05-19 15:27:16 Warning: af-packet: enp0s3: AF_PACKET tpacket-v3 is recommended for non-inline operation
[1 - Suricata-Main] 2025-05-19 15:27:16 Info: runmodes: enp0s3: creating 5 threads
[1 - Suricata-Main] 2025-05-19 15:27:16 Config: flow-manager: using 1 flow manager threads
[1 - Suricata-Main] 2025-05-19 15:27:16 Config: flow-manager: using 1 flow recycler threads
[1 - Suricata-Main] 2025-05-19 15:27:16 Info: unix-manager: unix socket '/var/run/suricata/suricata-command.socket'
[12 - W#01-enp0s3] 2025-05-19 15:27:16 Config: af-packet: enp0s3: defrag enabled, setting snaplen to 9216
[12 - W#01-enp0s3] 2025-05-19 15:27:16 Perf: af-packet: enp0s3: rx ring: block_size=131072 block_nr=30 frame_size=9296 frame_nr=420
[13 - W#02-enp0s3] 2025-05-19 15:27:16 Config: af-packet: enp0s3: defrag enabled, setting snaplen to 9216
[13 - W#02-enp0s3] 2025-05-19 15:27:16 Perf: af-packet: enp0s3: rx ring: block_size=131072 block_nr=30 frame_size=9296 frame_nr=420
[14 - W#03-enp0s3] 2025-05-19 15:27:16 Config: af-packet: enp0s3: defrag enabled, setting snaplen to 9216
[14 - W#03-enp0s3] 2025-05-19 15:27:16 Perf: af-packet: enp0s3: rx ring: block_size=131072 block_nr=30 frame_size=9296 frame_nr=420
[15 - W#04-enp0s3] 2025-05-19 15:27:16 Config: af-packet: enp0s3: defrag enabled, setting snaplen to 9216
[15 - W#04-enp0s3] 2025-05-19 15:27:16 Perf: af-packet: enp0s3: rx ring: block_size=131072 block_nr=30 frame_size=9296 frame_nr=420
[16 - W#05-enp0s3] 2025-05-19 15:27:16 Config: af-packet: enp0s3: defrag enabled, setting snaplen to 9216
[16 - W#05-enp0s3] 2025-05-19 15:27:16 Perf: af-packet: enp0s3: rx ring: block_size=131072 block_nr=30 frame_size=9296 frame_nr=420
[1 - Suricata-Main] 2025-05-19 15:27:17 Notice: threads: Threads created -> W: 5 FM: 1 FR: 1   Engine started.
[1 - Suricata-Main] 2025-05-19 15:28:05 Notice: suricata: Signal Received.  Stopping engine.
[1 - Suricata-Main] 2025-05-19 15:28:06 Info: suricata: time elapsed 50.131s
[18 - FR#01] 2025-05-19 15:28:07 Perf: flow-manager: 119 flows processed
[12 - W#01-enp0s3] 2025-05-19 15:28:08 Perf: af-packet: enp0s3: (W#01-enp0s3) kernel: Packets 4473, dropped 0
[13 - W#02-enp0s3] 2025-05-19 15:28:08 Perf: af-packet: enp0s3: (W#02-enp0s3) kernel: Packets 114, dropped 0
[14 - W#03-enp0s3] 2025-05-19 15:28:08 Perf: af-packet: enp0s3: (W#03-enp0s3) kernel: Packets 331, dropped 0
[15 - W#04-enp0s3] 2025-05-19 15:28:08 Perf: af-packet: enp0s3: (W#04-enp0s3) kernel: Packets 330, dropped 0
[16 - W#05-enp0s3] 2025-05-19 15:28:08 Perf: af-packet: enp0s3: (W#05-enp0s3) kernel: Packets 219, dropped 0
[1 - Suricata-Main] 2025-05-19 15:28:08 Info: counters: Alerts: 4
[1 - Suricata-Main] 2025-05-19 15:28:08 Perf: ippair: ippair memory usage: 414144 bytes, maximum: 16777216
[1 - Suricata-Main] 2025-05-19 15:28:08 Perf: host: host memory usage: 398144 bytes, maximum: 33554432
[1 - Suricata-Main] 2025-05-19 15:28:08 Notice: device: enp0s3: packets: 5467, drops: 0 (0.00%), invalid chksum: 0
[1 - Suricata-Main] 2025-05-19 15:30:32 Notice: suricata: This is Suricata version 7.0.10 RELEASE running in SYSTEM mode
[1 - Suricata-Main] 2025-05-19 15:30:32 Info: cpu: CPUs/cores online: 5
[1 - Suricata-Main] 2025-05-19 15:30:32 Info: suricata: Setting engine mode to IDS mode by default
[1 - Suricata-Main] 2025-05-19 15:30:32 Info: exception-policy: master exception-policy set to: auto
[1 - Suricata-Main] 2025-05-19 15:30:32 Config: exception-policy: app-layer.error-policy: ignore (defined via 'exception-policy' master switch)
[1 - Suricata-Main] 2025-05-19 15:30:32 Config: app-layer-htp: 'default' server has 'request-body-minimal-inspect-size' set to 34318 and 'request-body-inspect-window' set to 3914 after randomization.
[1 - Suricata-Main] 2025-05-19 15:30:32 Config: app-layer-htp: 'default' server has 'response-body-minimal-inspect-size' set to 39076 and 'response-body-inspect-window' set to 15812 after randomization.
[1 - Suricata-Main] 2025-05-19 15:30:32 Config: smb: read: max record size: 16777216, max queued chunks 64, max queued size 67108864
[1 - Suricata-Main] 2025-05-19 15:30:32 Config: smb: write: max record size: 16777216, max queued chunks 64, max queued size 67108864
[1 - Suricata-Main] 2025-05-19 15:30:32 Config: app-layer-enip: Protocol detection and parser disabled for enip protocol.
[1 - Suricata-Main] 2025-05-19 15:30:32 Config: app-layer-dnp3: Protocol detection and parser disabled for DNP3.
[1 - Suricata-Main] 2025-05-19 15:30:32 Config: host: allocated 262144 bytes of memory for the host hash... 4096 buckets of size 64
[1 - Suricata-Main] 2025-05-19 15:30:32 Config: host: preallocated 1000 hosts of size 136
[1 - Suricata-Main] 2025-05-19 15:30:32 Config: host: host memory usage: 398144 bytes, maximum: 33554432
[1 - Suricata-Main] 2025-05-19 15:30:32 Config: coredump-config: Core dump size is unlimited.
[1 - Suricata-Main] 2025-05-19 15:30:32 Config: exception-policy: defrag.memcap-policy: ignore (defined via 'exception-policy' master switch)
[1 - Suricata-Main] 2025-05-19 15:30:32 Config: defrag-hash: allocated 3670016 bytes of memory for the defrag hash... 65536 buckets of size 56
[1 - Suricata-Main] 2025-05-19 15:30:32 Config: defrag-hash: preallocated 65535 defrag trackers of size 160
[1 - Suricata-Main] 2025-05-19 15:30:32 Config: defrag-hash: defrag memory usage: 14155616 bytes, maximum: 33554432
[1 - Suricata-Main] 2025-05-19 15:30:32 Config: exception-policy: flow.memcap-policy: ignore (defined via 'exception-policy' master switch)
[1 - Suricata-Main] 2025-05-19 15:30:32 Config: flow: flow size 304, memcap allows for 441505 flows. Per hash row in perfect conditions 6
[1 - Suricata-Main] 2025-05-19 15:30:32 Config: stream-tcp: stream "prealloc-sessions": 2048 (per thread)
[1 - Suricata-Main] 2025-05-19 15:30:32 Config: stream-tcp: stream "memcap": 67108864
[1 - Suricata-Main] 2025-05-19 15:30:32 Config: stream-tcp: stream "midstream" session pickups: disabled
[1 - Suricata-Main] 2025-05-19 15:30:32 Config: stream-tcp: stream "async-oneside": disabled
[1 - Suricata-Main] 2025-05-19 15:30:32 Config: stream-tcp: stream "checksum-validation": enabled
[1 - Suricata-Main] 2025-05-19 15:30:32 Config: exception-policy: stream.memcap-policy: ignore (defined via 'exception-policy' master switch)
[1 - Suricata-Main] 2025-05-19 15:30:32 Config: exception-policy: stream.reassembly.memcap-policy: ignore (defined via 'exception-policy' master switch)
[1 - Suricata-Main] 2025-05-19 15:30:32 Config: exception-policy: stream.midstream-policy: ignore (defined via 'exception-policy' master switch)
[1 - Suricata-Main] 2025-05-19 15:30:32 Config: stream-tcp: stream."inline": disabled
[1 - Suricata-Main] 2025-05-19 15:30:32 Config: stream-tcp: stream "bypass": disabled
[1 - Suricata-Main] 2025-05-19 15:30:32 Config: stream-tcp: stream.reassembly.urgent.policy": inline
[1 - Suricata-Main] 2025-05-19 15:30:32 Config: stream-tcp: stream "max-syn-queued": 10
[1 - Suricata-Main] 2025-05-19 15:30:32 Config: stream-tcp: stream "max-synack-queued": 5
[1 - Suricata-Main] 2025-05-19 15:30:32 Config: stream-tcp: stream.reassembly "memcap": 268435456
[1 - Suricata-Main] 2025-05-19 15:30:32 Config: stream-tcp: stream.reassembly "depth": 1048576
[1 - Suricata-Main] 2025-05-19 15:30:32 Config: stream-tcp: stream.reassembly "toserver-chunk-size": 2625
[1 - Suricata-Main] 2025-05-19 15:30:32 Config: stream-tcp: stream.reassembly "toclient-chunk-size": 2491
[1 - Suricata-Main] 2025-05-19 15:30:32 Config: stream-tcp: stream.reassembly.raw: enabled
[1 - Suricata-Main] 2025-05-19 15:30:32 Config: stream-tcp: stream.liberal-timestamps: disabled
[1 - Suricata-Main] 2025-05-19 15:30:32 Config: stream-tcp-reassemble: stream.reassembly "segment-prealloc": 2048
[1 - Suricata-Main] 2025-05-19 15:30:32 Config: stream-tcp-reassemble: stream.reassembly "max-regions": 8
[1 - Suricata-Main] 2025-05-19 15:30:32 Info: conf: Running in live mode, activating unix socket
[1 - Suricata-Main] 2025-05-19 15:30:32 Info: logopenfile: fast output device (regular) initialized: fast.log
[1 - Suricata-Main] 2025-05-19 15:30:32 Info: logopenfile: eve-log output device (regular) initialized: eve.json
[1 - Suricata-Main] 2025-05-19 15:30:32 Config: runmodes: enabling 'eve-log' module 'alert'
[1 - Suricata-Main] 2025-05-19 15:30:32 Config: runmodes: enabling 'eve-log' module 'frame'
[1 - Suricata-Main] 2025-05-19 15:30:32 Config: runmodes: enabling 'eve-log' module 'anomaly'
[1 - Suricata-Main] 2025-05-19 15:30:32 Config: runmodes: enabling 'eve-log' module 'http'
[1 - Suricata-Main] 2025-05-19 15:30:32 Config: runmodes: enabling 'eve-log' module 'dns'
[1 - Suricata-Main] 2025-05-19 15:30:32 Config: runmodes: enabling 'eve-log' module 'tls'
[1 - Suricata-Main] 2025-05-19 15:30:32 Config: runmodes: enabling 'eve-log' module 'files'
[1 - Suricata-Main] 2025-05-19 15:30:32 Config: runmodes: enabling 'eve-log' module 'smtp'
[1 - Suricata-Main] 2025-05-19 15:30:32 Config: runmodes: enabling 'eve-log' module 'ftp'
[1 - Suricata-Main] 2025-05-19 15:30:32 Config: runmodes: enabling 'eve-log' module 'rdp'
[1 - Suricata-Main] 2025-05-19 15:30:32 Config: runmodes: enabling 'eve-log' module 'nfs'
[1 - Suricata-Main] 2025-05-19 15:30:32 Config: runmodes: enabling 'eve-log' module 'smb'
[1 - Suricata-Main] 2025-05-19 15:30:32 Config: runmodes: enabling 'eve-log' module 'tftp'
[1 - Suricata-Main] 2025-05-19 15:30:32 Config: runmodes: enabling 'eve-log' module 'ike'
[1 - Suricata-Main] 2025-05-19 15:30:32 Config: runmodes: enabling 'eve-log' module 'dcerpc'
[1 - Suricata-Main] 2025-05-19 15:30:32 Config: runmodes: enabling 'eve-log' module 'krb5'
[1 - Suricata-Main] 2025-05-19 15:30:32 Config: runmodes: enabling 'eve-log' module 'bittorrent-dht'
[1 - Suricata-Main] 2025-05-19 15:30:32 Config: runmodes: enabling 'eve-log' module 'snmp'
[1 - Suricata-Main] 2025-05-19 15:30:32 Config: runmodes: enabling 'eve-log' module 'rfb'
[1 - Suricata-Main] 2025-05-19 15:30:32 Config: runmodes: enabling 'eve-log' module 'sip'
[1 - Suricata-Main] 2025-05-19 15:30:32 Config: runmodes: enabling 'eve-log' module 'quic'
[1 - Suricata-Main] 2025-05-19 15:30:32 Config: runmodes: enabling 'eve-log' module 'dhcp'
[1 - Suricata-Main] 2025-05-19 15:30:32 Config: runmodes: enabling 'eve-log' module 'ssh'
[1 - Suricata-Main] 2025-05-19 15:30:32 Config: runmodes: enabling 'eve-log' module 'mqtt'
[1 - Suricata-Main] 2025-05-19 15:30:32 Config: runmodes: enabling 'eve-log' module 'http2'
[1 - Suricata-Main] 2025-05-19 15:30:32 Config: runmodes: enabling 'eve-log' module 'pgsql'
[1 - Suricata-Main] 2025-05-19 15:30:32 Config: runmodes: enabling 'eve-log' module 'stats'
[1 - Suricata-Main] 2025-05-19 15:30:32 Config: runmodes: enabling 'eve-log' module 'flow'
[1 - Suricata-Main] 2025-05-19 15:30:32 Info: logopenfile: stats output device (regular) initialized: stats.log
[1 - Suricata-Main] 2025-05-19 15:30:32 Config: landlock: Landlock is not enabled in configuration
[1 - Suricata-Main] 2025-05-19 15:30:32 Config: suricata: Delayed detect disabled
[1 - Suricata-Main] 2025-05-19 15:30:32 Config: detect: pattern matchers: MPM: ac, SPM: bm
[1 - Suricata-Main] 2025-05-19 15:30:32 Config: detect: grouping: tcp-whitelist (default) 53, 80, 139, 443, 445, 1433, 3306, 3389, 6666, 6667, 8080
[1 - Suricata-Main] 2025-05-19 15:30:32 Config: detect: grouping: udp-whitelist (default) 53, 135, 5060
[1 - Suricata-Main] 2025-05-19 15:30:32 Config: detect: prefilter engines: MPM
[1 - Suricata-Main] 2025-05-19 15:30:32 Config: reputation: IP reputation disabled
[1 - Suricata-Main] 2025-05-19 15:30:32 Config: detect: Loading rule file: /var/lib/suricata/rules/suricata.rules
[1 - Suricata-Main] 2025-05-19 15:30:33 Info: detect-fast-pattern: fast_pattern is ineffective with base64_data
[1 - Suricata-Main] 2025-05-19 15:30:33 Info: detect-fast-pattern: fast_pattern is ineffective with base64_data
[1 - Suricata-Main] 2025-05-19 15:30:33 Info: detect: 1 rule files processed. 42614 rules successfully loaded, 0 rules failed, 0
[1 - Suricata-Main] 2025-05-19 15:30:33 Info: threshold-config: Threshold config parsed: 0 rule(s) found
[1 - Suricata-Main] 2025-05-19 15:30:33 Info: detect: 42617 signatures processed. 1270 are IP-only rules, 4333 are inspecting packet payload, 36797 inspect application layer, 109 are decoder event only
[1 - Suricata-Main] 2025-05-19 15:30:33 Config: detect: building signature grouping structure, stage 1: preprocessing rules... complete
[1 - Suricata-Main] 2025-05-19 15:30:34 Perf: detect: TCP toserver: 41 port groups, 40 unique SGH's, 1 copies
[1 - Suricata-Main] 2025-05-19 15:30:34 Perf: detect: TCP toclient: 21 port groups, 21 unique SGH's, 0 copies
[1 - Suricata-Main] 2025-05-19 15:30:34 Perf: detect: UDP toserver: 41 port groups, 40 unique SGH's, 1 copies
[1 - Suricata-Main] 2025-05-19 15:30:34 Perf: detect: UDP toclient: 21 port groups, 17 unique SGH's, 4 copies
[1 - Suricata-Main] 2025-05-19 15:30:34 Perf: detect: OTHER toserver: 254 proto groups, 4 unique SGH's, 250 copies
[1 - Suricata-Main] 2025-05-19 15:30:34 Perf: detect: OTHER toclient: 254 proto groups, 0 unique SGH's, 254 copies
[1 - Suricata-Main] 2025-05-19 15:30:34 Perf: detect: Unique rule groups: 122
[1 - Suricata-Main] 2025-05-19 15:30:34 Perf: detect: Builtin MPM "toserver TCP packet": 31
[1 - Suricata-Main] 2025-05-19 15:30:34 Perf: detect: Builtin MPM "toclient TCP packet": 20
[1 - Suricata-Main] 2025-05-19 15:30:34 Perf: detect: Builtin MPM "toserver TCP stream": 34
[1 - Suricata-Main] 2025-05-19 15:30:34 Perf: detect: Builtin MPM "toclient TCP stream": 19
[1 - Suricata-Main] 2025-05-19 15:30:34 Perf: detect: Builtin MPM "toserver UDP packet": 40
[1 - Suricata-Main] 2025-05-19 15:30:34 Perf: detect: Builtin MPM "toclient UDP packet": 17
[1 - Suricata-Main] 2025-05-19 15:30:34 Perf: detect: Builtin MPM "other IP packet": 3
[1 - Suricata-Main] 2025-05-19 15:30:34 Perf: detect: AppLayer MPM "toserver http_uri (http)": 16
[1 - Suricata-Main] 2025-05-19 15:30:34 Perf: detect: AppLayer MPM "toserver http_uri (http2)": 16
[1 - Suricata-Main] 2025-05-19 15:30:34 Perf: detect: AppLayer MPM "toserver http_raw_uri (http)": 2
[1 - Suricata-Main] 2025-05-19 15:30:34 Perf: detect: AppLayer MPM "toserver http_raw_uri (http)": 2
[1 - Suricata-Main] 2025-05-19 15:30:34 Perf: detect: AppLayer MPM "toserver http_raw_uri (http2)": 2
[1 - Suricata-Main] 2025-05-19 15:30:34 Perf: detect: AppLayer MPM "toserver http_raw_uri (http2)": 2
[1 - Suricata-Main] 2025-05-19 15:30:34 Perf: detect: AppLayer MPM "toserver http_request_line (http)": 8
[1 - Suricata-Main] 2025-05-19 15:30:34 Perf: detect: AppLayer MPM "toserver http_request_line (http2)": 8
[1 - Suricata-Main] 2025-05-19 15:30:34 Perf: detect: AppLayer MPM "toserver http_client_body (http)": 14
[1 - Suricata-Main] 2025-05-19 15:30:34 Perf: detect: AppLayer MPM "toserver http_client_body (http)": 2
[1 - Suricata-Main] 2025-05-19 15:30:34 Perf: detect: AppLayer MPM "toserver http_client_body (http2)": 14
[1 - Suricata-Main] 2025-05-19 15:30:34 Perf: detect: AppLayer MPM "toserver http_client_body (http2)": 2
[1 - Suricata-Main] 2025-05-19 15:30:34 Perf: detect: AppLayer MPM "toclient http_response_line (http)": 2
[1 - Suricata-Main] 2025-05-19 15:30:34 Perf: detect: AppLayer MPM "toclient http_response_line (http2)": 2
[1 - Suricata-Main] 2025-05-19 15:30:34 Perf: detect: AppLayer MPM "toserver http_header (http)": 10
[1 - Suricata-Main] 2025-05-19 15:30:34 Perf: detect: AppLayer MPM "toserver http_header (http)": 1
[1 - Suricata-Main] 2025-05-19 15:30:34 Perf: detect: AppLayer MPM "toserver http_header (http)": 4
[1 - Suricata-Main] 2025-05-19 15:30:34 Perf: detect: AppLayer MPM "toserver http_header (http)": 4
[1 - Suricata-Main] 2025-05-19 15:30:34 Perf: detect: AppLayer MPM "toserver http_header (http)": 10
[1 - Suricata-Main] 2025-05-19 15:30:34 Perf: detect: AppLayer MPM "toclient http_header (http)": 10
[1 - Suricata-Main] 2025-05-19 15:30:34 Perf: detect: AppLayer MPM "toclient http_header (http)": 1
[1 - Suricata-Main] 2025-05-19 15:30:34 Perf: detect: AppLayer MPM "toclient http_header (http)": 4
[1 - Suricata-Main] 2025-05-19 15:30:34 Perf: detect: AppLayer MPM "toclient http_header (http)": 4
[1 - Suricata-Main] 2025-05-19 15:30:34 Perf: detect: AppLayer MPM "toclient http_header (http)": 10
[1 - Suricata-Main] 2025-05-19 15:30:34 Perf: detect: AppLayer MPM "toserver http_header (http2)": 10
[1 - Suricata-Main] 2025-05-19 15:30:34 Perf: detect: AppLayer MPM "toserver http_header (http2)": 1
[1 - Suricata-Main] 2025-05-19 15:30:34 Perf: detect: AppLayer MPM "toserver http_header (http2)": 4
[1 - Suricata-Main] 2025-05-19 15:30:34 Perf: detect: AppLayer MPM "toserver http_header (http2)": 4
[1 - Suricata-Main] 2025-05-19 15:30:34 Perf: detect: AppLayer MPM "toserver http_header (http2)": 10
[1 - Suricata-Main] 2025-05-19 15:30:34 Perf: detect: AppLayer MPM "toclient http_header (http2)": 10
[1 - Suricata-Main] 2025-05-19 15:30:34 Perf: detect: AppLayer MPM "toclient http_header (http2)": 1
[1 - Suricata-Main] 2025-05-19 15:30:34 Perf: detect: AppLayer MPM "toclient http_header (http2)": 4
[1 - Suricata-Main] 2025-05-19 15:30:34 Perf: detect: AppLayer MPM "toclient http_header (http2)": 4
[1 - Suricata-Main] 2025-05-19 15:30:34 Perf: detect: AppLayer MPM "toclient http_header (http2)": 10
[1 - Suricata-Main] 2025-05-19 15:30:34 Perf: detect: AppLayer MPM "toserver http_request_header (http2)": 2
[1 - Suricata-Main] 2025-05-19 15:30:34 Perf: detect: AppLayer MPM "toserver http_request_header (http2)": 4
[1 - Suricata-Main] 2025-05-19 15:30:34 Perf: detect: AppLayer MPM "toserver http_request_header (http)": 2
[1 - Suricata-Main] 2025-05-19 15:30:34 Perf: detect: AppLayer MPM "toserver http_request_header (http)": 4
[1 - Suricata-Main] 2025-05-19 15:30:34 Perf: detect: AppLayer MPM "toclient http_response_header (http2)": 2
[1 - Suricata-Main] 2025-05-19 15:30:34 Perf: detect: AppLayer MPM "toclient http_response_header (http2)": 2
[1 - Suricata-Main] 2025-05-19 15:30:34 Perf: detect: AppLayer MPM "toclient http_response_header (http2)": 2
[1 - Suricata-Main] 2025-05-19 15:30:34 Perf: detect: AppLayer MPM "toclient http_response_header (http2)": 2
[1 - Suricata-Main] 2025-05-19 15:30:34 Perf: detect: AppLayer MPM "toclient http_response_header (http)": 2
[1 - Suricata-Main] 2025-05-19 15:30:34 Perf: detect: AppLayer MPM "toclient http_response_header (http)": 2
[1 - Suricata-Main] 2025-05-19 15:30:34 Perf: detect: AppLayer MPM "toclient http_response_header (http)": 2
[1 - Suricata-Main] 2025-05-19 15:30:34 Perf: detect: AppLayer MPM "toclient http_response_header (http)": 2
[1 - Suricata-Main] 2025-05-19 15:30:34 Perf: detect: AppLayer MPM "toserver http_header_names (http)": 11
[1 - Suricata-Main] 2025-05-19 15:30:34 Perf: detect: AppLayer MPM "toserver http_header_names (http)": 1
[1 - Suricata-Main] 2025-05-19 15:30:34 Perf: detect: AppLayer MPM "toserver http_header_names (http)": 2
[1 - Suricata-Main] 2025-05-19 15:30:34 Perf: detect: AppLayer MPM "toserver http_header_names (http)": 4
[1 - Suricata-Main] 2025-05-19 15:30:34 Perf: detect: AppLayer MPM "toserver http_header_names (http)": 8
[1 - Suricata-Main] 2025-05-19 15:30:34 Perf: detect: AppLayer MPM "toclient http_header_names (http)": 11
[1 - Suricata-Main] 2025-05-19 15:30:34 Perf: detect: AppLayer MPM "toclient http_header_names (http)": 1
[1 - Suricata-Main] 2025-05-19 15:30:34 Perf: detect: AppLayer MPM "toclient http_header_names (http)": 2
[1 - Suricata-Main] 2025-05-19 15:30:34 Perf: detect: AppLayer MPM "toclient http_header_names (http)": 4
[1 - Suricata-Main] 2025-05-19 15:30:34 Perf: detect: AppLayer MPM "toclient http_header_names (http)": 8
[1 - Suricata-Main] 2025-05-19 15:30:34 Perf: detect: AppLayer MPM "toserver http_header_names (http2)": 11
[1 - Suricata-Main] 2025-05-19 15:30:34 Perf: detect: AppLayer MPM "toserver http_header_names (http2)": 1
[1 - Suricata-Main] 2025-05-19 15:30:34 Perf: detect: AppLayer MPM "toserver http_header_names (http2)": 2
[1 - Suricata-Main] 2025-05-19 15:30:34 Perf: detect: AppLayer MPM "toserver http_header_names (http2)": 4
[1 - Suricata-Main] 2025-05-19 15:30:34 Perf: detect: AppLayer MPM "toserver http_header_names (http2)": 8
[1 - Suricata-Main] 2025-05-19 15:30:34 Perf: detect: AppLayer MPM "toclient http_header_names (http2)": 11
[1 - Suricata-Main] 2025-05-19 15:30:34 Perf: detect: AppLayer MPM "toclient http_header_names (http2)": 1
[1 - Suricata-Main] 2025-05-19 15:30:34 Perf: detect: AppLayer MPM "toclient http_header_names (http2)": 2
[1 - Suricata-Main] 2025-05-19 15:30:34 Perf: detect: AppLayer MPM "toclient http_header_names (http2)": 4
[1 - Suricata-Main] 2025-05-19 15:30:34 Perf: detect: AppLayer MPM "toclient http_header_names (http2)": 8
[1 - Suricata-Main] 2025-05-19 15:30:34 Perf: detect: AppLayer MPM "toserver http_accept (http)": 8
[1 - Suricata-Main] 2025-05-19 15:30:34 Perf: detect: AppLayer MPM "toserver http_accept (http2)": 8
[1 - Suricata-Main] 2025-05-19 15:30:34 Perf: detect: AppLayer MPM "toserver http_accept_enc (http)": 2
[1 - Suricata-Main] 2025-05-19 15:30:34 Perf: detect: AppLayer MPM "toserver http_accept_enc (http2)": 2
[1 - Suricata-Main] 2025-05-19 15:30:34 Perf: detect: AppLayer MPM "toserver http_accept_lang (http)": 2
[1 - Suricata-Main] 2025-05-19 15:30:34 Perf: detect: AppLayer MPM "toserver http_accept_lang (http2)": 2
[1 - Suricata-Main] 2025-05-19 15:30:34 Perf: detect: AppLayer MPM "toserver http_referer (http)": 2
[1 - Suricata-Main] 2025-05-19 15:30:34 Perf: detect: AppLayer MPM "toserver http_referer (http2)": 2
[1 - Suricata-Main] 2025-05-19 15:30:34 Perf: detect: AppLayer MPM "toserver http_connection (http)": 2
[1 - Suricata-Main] 2025-05-19 15:30:34 Perf: detect: AppLayer MPM "toserver http_connection (http2)": 2
[1 - Suricata-Main] 2025-05-19 15:30:34 Perf: detect: AppLayer MPM "toclient http_connection (http)": 2
[1 - Suricata-Main] 2025-05-19 15:30:34 Perf: detect: AppLayer MPM "toclient http_connection (http2)": 2
[1 - Suricata-Main] 2025-05-19 15:30:34 Perf: detect: AppLayer MPM "toserver http_content_len (http)": 4
[1 - Suricata-Main] 2025-05-19 15:30:34 Perf: detect: AppLayer MPM "toserver http_content_len (http2)": 4
[1 - Suricata-Main] 2025-05-19 15:30:34 Perf: detect: AppLayer MPM "toclient http_content_len (http)": 4
[1 - Suricata-Main] 2025-05-19 15:30:34 Perf: detect: AppLayer MPM "toclient http_content_len (http2)": 4
[1 - Suricata-Main] 2025-05-19 15:30:34 Perf: detect: AppLayer MPM "toserver http_content_type (http)": 4
[1 - Suricata-Main] 2025-05-19 15:30:34 Perf: detect: AppLayer MPM "toserver http_content_type (http2)": 4
[1 - Suricata-Main] 2025-05-19 15:30:34 Perf: detect: AppLayer MPM "toclient http_content_type (http)": 4
[1 - Suricata-Main] 2025-05-19 15:30:34 Perf: detect: AppLayer MPM "toclient http_content_type (http2)": 4
[1 - Suricata-Main] 2025-05-19 15:30:34 Perf: detect: AppLayer MPM "toclient http.server (http)": 4
[1 - Suricata-Main] 2025-05-19 15:30:34 Perf: detect: AppLayer MPM "toclient http.server (http2)": 4
[1 - Suricata-Main] 2025-05-19 15:30:34 Perf: detect: AppLayer MPM "toclient http.location (http)": 2
[1 - Suricata-Main] 2025-05-19 15:30:34 Perf: detect: AppLayer MPM "toclient http.location (http2)": 2
[1 - Suricata-Main] 2025-05-19 15:30:34 Perf: detect: AppLayer MPM "toserver http_start (http)": 6
[1 - Suricata-Main] 2025-05-19 15:30:34 Perf: detect: AppLayer MPM "toclient http_start (http)": 6
[1 - Suricata-Main] 2025-05-19 15:30:34 Perf: detect: AppLayer MPM "toserver http_raw_header (http)": 4
[1 - Suricata-Main] 2025-05-19 15:30:34 Perf: detect: AppLayer MPM "toserver http_raw_header (http)": 2
[1 - Suricata-Main] 2025-05-19 15:30:34 Perf: detect: AppLayer MPM "toserver http_raw_header (http)": 4
[1 - Suricata-Main] 2025-05-19 15:30:34 Perf: detect: AppLayer MPM "toclient http_raw_header (http)": 4
[1 - Suricata-Main] 2025-05-19 15:30:34 Perf: detect: AppLayer MPM "toclient http_raw_header (http)": 2
[1 - Suricata-Main] 2025-05-19 15:30:34 Perf: detect: AppLayer MPM "toclient http_raw_header (http)": 4
[1 - Suricata-Main] 2025-05-19 15:30:34 Perf: detect: AppLayer MPM "toserver http_raw_header (http2)": 4
[1 - Suricata-Main] 2025-05-19 15:30:34 Perf: detect: AppLayer MPM "toserver http_raw_header (http2)": 2
[1 - Suricata-Main] 2025-05-19 15:30:34 Perf: detect: AppLayer MPM "toserver http_raw_header (http2)": 4
[1 - Suricata-Main] 2025-05-19 15:30:34 Perf: detect: AppLayer MPM "toclient http_raw_header (http2)": 4
[1 - Suricata-Main] 2025-05-19 15:30:34 Perf: detect: AppLayer MPM "toclient http_raw_header (http2)": 2
[1 - Suricata-Main] 2025-05-19 15:30:34 Perf: detect: AppLayer MPM "toclient http_raw_header (http2)": 4
[1 - Suricata-Main] 2025-05-19 15:30:34 Perf: detect: AppLayer MPM "toserver http_method (http)": 4
[1 - Suricata-Main] 2025-05-19 15:30:34 Perf: detect: AppLayer MPM "toserver http_method (http2)": 4
[1 - Suricata-Main] 2025-05-19 15:30:34 Perf: detect: AppLayer MPM "toserver http_cookie (http)": 8
[1 - Suricata-Main] 2025-05-19 15:30:34 Perf: detect: AppLayer MPM "toclient http_cookie (http)": 8
[1 - Suricata-Main] 2025-05-19 15:30:34 Perf: detect: AppLayer MPM "toserver http_cookie (http2)": 8
[1 - Suricata-Main] 2025-05-19 15:30:34 Perf: detect: AppLayer MPM "toclient http_cookie (http2)": 8
[1 - Suricata-Main] 2025-05-19 15:30:34 Perf: detect: AppLayer MPM "toserver http_user_agent (http)": 15
[1 - Suricata-Main] 2025-05-19 15:30:34 Perf: detect: AppLayer MPM "toserver http_user_agent (http2)": 15
[1 - Suricata-Main] 2025-05-19 15:30:34 Perf: detect: AppLayer MPM "toserver http_host (http)": 2
[1 - Suricata-Main] 2025-05-19 15:30:34 Perf: detect: AppLayer MPM "toserver http_host (http)": 4
[1 - Suricata-Main] 2025-05-19 15:30:34 Perf: detect: AppLayer MPM "toserver http_host (http2)": 2
[1 - Suricata-Main] 2025-05-19 15:30:34 Perf: detect: AppLayer MPM "toserver http_host (http2)": 4
[1 - Suricata-Main] 2025-05-19 15:30:34 Perf: detect: AppLayer MPM "toserver http_raw_host (http)": 2
[1 - Suricata-Main] 2025-05-19 15:30:34 Perf: detect: AppLayer MPM "toserver http_raw_host (http2)": 2
[1 - Suricata-Main] 2025-05-19 15:30:34 Perf: detect: AppLayer MPM "toclient http_stat_code (http)": 4
[1 - Suricata-Main] 2025-05-19 15:30:34 Perf: detect: AppLayer MPM "toclient http_stat_code (http2)": 4
[1 - Suricata-Main] 2025-05-19 15:30:34 Perf: detect: AppLayer MPM "toserver dns_query (dns)": 2
[1 - Suricata-Main] 2025-05-19 15:30:34 Perf: detect: AppLayer MPM "toserver dns_query (dns)": 1
[1 - Suricata-Main] 2025-05-19 15:30:34 Perf: detect: AppLayer MPM "toserver tls.sni (tls)": 3
[1 - Suricata-Main] 2025-05-19 15:30:34 Perf: detect: AppLayer MPM "toserver tls.sni (tls)": 1
[1 - Suricata-Main] 2025-05-19 15:30:34 Perf: detect: AppLayer MPM "toserver tls.cert_issuer (tls)": 6
[1 - Suricata-Main] 2025-05-19 15:30:34 Perf: detect: AppLayer MPM "toclient tls.cert_issuer (tls)": 6
[1 - Suricata-Main] 2025-05-19 15:30:34 Perf: detect: AppLayer MPM "toserver tls.cert_subject (tls)": 4
[1 - Suricata-Main] 2025-05-19 15:30:34 Perf: detect: AppLayer MPM "toclient tls.cert_subject (tls)": 4
[1 - Suricata-Main] 2025-05-19 15:30:34 Perf: detect: AppLayer MPM "toclient tls.cert_serial (tls)": 2
[1 - Suricata-Main] 2025-05-19 15:30:34 Perf: detect: AppLayer MPM "toserver tls.cert_serial (tls)": 2
[1 - Suricata-Main] 2025-05-19 15:30:34 Perf: detect: AppLayer MPM "toclient tls.cert_fingerprint (tls)": 1
[1 - Suricata-Main] 2025-05-19 15:30:34 Perf: detect: AppLayer MPM "toserver tls.cert_fingerprint (tls)": 1
[1 - Suricata-Main] 2025-05-19 15:30:34 Perf: detect: AppLayer MPM "toclient tls.certs (tls)": 2
[1 - Suricata-Main] 2025-05-19 15:30:34 Perf: detect: AppLayer MPM "toserver tls.certs (tls)": 2
[1 - Suricata-Main] 2025-05-19 15:30:34 Perf: detect: AppLayer MPM "toserver ja3.hash (tls)": 2
[1 - Suricata-Main] 2025-05-19 15:30:34 Perf: detect: AppLayer MPM "toserver ja3.hash (quic)": 2
[1 - Suricata-Main] 2025-05-19 15:30:34 Perf: detect: AppLayer MPM "toclient ja3s.hash (tls)": 1
[1 - Suricata-Main] 2025-05-19 15:30:34 Perf: detect: AppLayer MPM "toclient ja3s.hash (quic)": 1
[1 - Suricata-Main] 2025-05-19 15:30:34 Perf: detect: AppLayer MPM "toserver ssh.proto (ssh)": 1
[1 - Suricata-Main] 2025-05-19 15:30:34 Perf: detect: AppLayer MPM "toclient ssh.proto (ssh)": 1
[1 - Suricata-Main] 2025-05-19 15:30:34 Perf: detect: AppLayer MPM "toclient file_data (nfs)": 17
[1 - Suricata-Main] 2025-05-19 15:30:34 Perf: detect: AppLayer MPM "toclient file_data (nfs)": 2
[1 - Suricata-Main] 2025-05-19 15:30:34 Perf: detect: AppLayer MPM "toserver file_data (nfs)": 17
[1 - Suricata-Main] 2025-05-19 15:30:34 Perf: detect: AppLayer MPM "toserver file_data (nfs)": 2
[1 - Suricata-Main] 2025-05-19 15:30:34 Perf: detect: AppLayer MPM "toclient file_data (smb)": 17
[1 - Suricata-Main] 2025-05-19 15:30:34 Perf: detect: AppLayer MPM "toclient file_data (smb)": 2
[1 - Suricata-Main] 2025-05-19 15:30:34 Perf: detect: AppLayer MPM "toserver file_data (smb)": 17
[1 - Suricata-Main] 2025-05-19 15:30:34 Perf: detect: AppLayer MPM "toserver file_data (smb)": 2
[1 - Suricata-Main] 2025-05-19 15:30:34 Perf: detect: AppLayer MPM "toclient file_data (ftp)": 17
[1 - Suricata-Main] 2025-05-19 15:30:34 Perf: detect: AppLayer MPM "toclient file_data (ftp)": 2
[1 - Suricata-Main] 2025-05-19 15:30:34 Perf: detect: AppLayer MPM "toserver file_data (ftp)": 17
[1 - Suricata-Main] 2025-05-19 15:30:34 Perf: detect: AppLayer MPM "toserver file_data (ftp)": 2
[1 - Suricata-Main] 2025-05-19 15:30:34 Perf: detect: AppLayer MPM "toclient file_data (ftp-data)": 17
[1 - Suricata-Main] 2025-05-19 15:30:34 Perf: detect: AppLayer MPM "toclient file_data (ftp-data)": 2
[1 - Suricata-Main] 2025-05-19 15:30:34 Perf: detect: AppLayer MPM "toserver file_data (ftp-data)": 17
[1 - Suricata-Main] 2025-05-19 15:30:34 Perf: detect: AppLayer MPM "toserver file_data (ftp-data)": 2
[1 - Suricata-Main] 2025-05-19 15:30:34 Perf: detect: AppLayer MPM "toclient file_data (http)": 17
[1 - Suricata-Main] 2025-05-19 15:30:34 Perf: detect: AppLayer MPM "toclient file_data (http)": 2
[1 - Suricata-Main] 2025-05-19 15:30:34 Perf: detect: AppLayer MPM "toserver file_data (http)": 17
[1 - Suricata-Main] 2025-05-19 15:30:34 Perf: detect: AppLayer MPM "toserver file_data (http)": 2
[1 - Suricata-Main] 2025-05-19 15:30:34 Perf: detect: AppLayer MPM "toclient file_data (http2)": 17
[1 - Suricata-Main] 2025-05-19 15:30:34 Perf: detect: AppLayer MPM "toclient file_data (http2)": 2
[1 - Suricata-Main] 2025-05-19 15:30:34 Perf: detect: AppLayer MPM "toserver file_data (http2)": 17
[1 - Suricata-Main] 2025-05-19 15:30:34 Perf: detect: AppLayer MPM "toserver file_data (http2)": 2
[1 - Suricata-Main] 2025-05-19 15:30:34 Perf: detect: AppLayer MPM "toserver file_data (smtp)": 17
[1 - Suricata-Main] 2025-05-19 15:30:34 Perf: detect: AppLayer MPM "toserver file_data (smtp)": 2
[1 - Suricata-Main] 2025-05-19 15:30:34 Perf: detect: Pkt MPM "icmpv6.hdr": 1
[1 - Suricata-Main] 2025-05-19 15:30:34 Perf: detect: Pkt MPM "ipv6.hdr": 1
[1 - Suricata-Main] 2025-05-19 15:30:37 Config: af-packet: enp0s3: using flow cluster mode for AF_PACKET
[1 - Suricata-Main] 2025-05-19 15:30:37 Perf: af-packet: enp0s3: cluster_flow: 5 cores, using 5 threads
[1 - Suricata-Main] 2025-05-19 15:30:37 Warning: af-packet: enp0s3: AF_PACKET tpacket-v3 is recommended for non-inline operation
[1 - Suricata-Main] 2025-05-19 15:30:37 Info: runmodes: enp0s3: creating 5 threads
[1 - Suricata-Main] 2025-05-19 15:30:37 Config: flow-manager: using 1 flow manager threads
[1 - Suricata-Main] 2025-05-19 15:30:37 Config: flow-manager: using 1 flow recycler threads
[1 - Suricata-Main] 2025-05-19 15:30:37 Info: unix-manager: unix socket '/var/run/suricata/suricata-command.socket'
[11 - W#01-enp0s3] 2025-05-19 15:30:37 Config: af-packet: enp0s3: defrag enabled, setting snaplen to 9216
[11 - W#01-enp0s3] 2025-05-19 15:30:37 Perf: af-packet: enp0s3: rx ring: block_size=131072 block_nr=30 frame_size=9296 frame_nr=420
[12 - W#02-enp0s3] 2025-05-19 15:30:37 Config: af-packet: enp0s3: defrag enabled, setting snaplen to 9216
[12 - W#02-enp0s3] 2025-05-19 15:30:37 Perf: af-packet: enp0s3: rx ring: block_size=131072 block_nr=30 frame_size=9296 frame_nr=420
[13 - W#03-enp0s3] 2025-05-19 15:30:37 Config: af-packet: enp0s3: defrag enabled, setting snaplen to 9216
[13 - W#03-enp0s3] 2025-05-19 15:30:37 Perf: af-packet: enp0s3: rx ring: block_size=131072 block_nr=30 frame_size=9296 frame_nr=420
[14 - W#04-enp0s3] 2025-05-19 15:30:37 Config: af-packet: enp0s3: defrag enabled, setting snaplen to 9216
[14 - W#04-enp0s3] 2025-05-19 15:30:37 Perf: af-packet: enp0s3: rx ring: block_size=131072 block_nr=30 frame_size=9296 frame_nr=420
[15 - W#05-enp0s3] 2025-05-19 15:30:37 Config: af-packet: enp0s3: defrag enabled, setting snaplen to 9216
[15 - W#05-enp0s3] 2025-05-19 15:30:37 Perf: af-packet: enp0s3: rx ring: block_size=131072 block_nr=30 frame_size=9296 frame_nr=420
[1 - Suricata-Main] 2025-05-19 15:30:37 Notice: threads: Threads created -> W: 5 FM: 1 FR: 1   Engine started.
[1 - Suricata-Main] 2025-05-19 15:44:44 Notice: suricata: Signal Received.  Stopping engine.
[1 - Suricata-Main] 2025-05-19 15:44:45 Info: suricata: time elapsed 847.886s
[17 - FR#01] 2025-05-19 15:44:46 Perf: flow-manager: 1679 flows processed
[11 - W#01-enp0s3] 2025-05-19 15:44:46 Perf: af-packet: enp0s3: (W#01-enp0s3) kernel: Packets 73183, dropped 0
[12 - W#02-enp0s3] 2025-05-19 15:44:46 Perf: af-packet: enp0s3: (W#02-enp0s3) kernel: Packets 9667, dropped 0
[13 - W#03-enp0s3] 2025-05-19 15:44:46 Perf: af-packet: enp0s3: (W#03-enp0s3) kernel: Packets 9246, dropped 0
[14 - W#04-enp0s3] 2025-05-19 15:44:46 Perf: af-packet: enp0s3: (W#04-enp0s3) kernel: Packets 3439, dropped 0
[15 - W#05-enp0s3] 2025-05-19 15:44:46 Perf: af-packet: enp0s3: (W#05-enp0s3) kernel: Packets 10595, dropped 0
[1 - Suricata-Main] 2025-05-19 15:44:46 Info: counters: Alerts: 43
[1 - Suricata-Main] 2025-05-19 15:44:46 Perf: ippair: ippair memory usage: 414144 bytes, maximum: 16777216
[1 - Suricata-Main] 2025-05-19 15:44:46 Perf: host: host memory usage: 398144 bytes, maximum: 33554432
[1 - Suricata-Main] 2025-05-19 15:44:46 Notice: device: enp0s3: packets: 106130, drops: 0 (0.00%), invalid chksum: 0
[1 - Suricata-Main] 2025-05-19 15:48:39 Notice: suricata: This is Suricata version 7.0.10 RELEASE running in SYSTEM mode
[1 - Suricata-Main] 2025-05-19 15:48:39 Info: cpu: CPUs/cores online: 5
[1 - Suricata-Main] 2025-05-19 15:48:39 Info: suricata: Setting engine mode to IDS mode by default
[1 - Suricata-Main] 2025-05-19 15:48:39 Info: exception-policy: master exception-policy set to: auto
[1 - Suricata-Main] 2025-05-19 15:48:39 Config: exception-policy: app-layer.error-policy: ignore (defined via 'exception-policy' master switch)
[1 - Suricata-Main] 2025-05-19 15:48:39 Config: app-layer-htp: 'default' server has 'request-body-minimal-inspect-size' set to 32944 and 'request-body-inspect-window' set to 3973 after randomization.
[1 - Suricata-Main] 2025-05-19 15:48:39 Config: app-layer-htp: 'default' server has 'response-body-minimal-inspect-size' set to 39740 and 'response-body-inspect-window' set to 17064 after randomization.
[1 - Suricata-Main] 2025-05-19 15:48:39 Config: smb: read: max record size: 16777216, max queued chunks 64, max queued size 67108864
[1 - Suricata-Main] 2025-05-19 15:48:39 Config: smb: write: max record size: 16777216, max queued chunks 64, max queued size 67108864
[1 - Suricata-Main] 2025-05-19 15:48:39 Config: app-layer-enip: Protocol detection and parser disabled for enip protocol.
[1 - Suricata-Main] 2025-05-19 15:48:39 Config: app-layer-dnp3: Protocol detection and parser disabled for DNP3.
[1 - Suricata-Main] 2025-05-19 15:48:39 Config: host: allocated 262144 bytes of memory for the host hash... 4096 buckets of size 64
[1 - Suricata-Main] 2025-05-19 15:48:39 Config: host: preallocated 1000 hosts of size 136
[1 - Suricata-Main] 2025-05-19 15:48:39 Config: host: host memory usage: 398144 bytes, maximum: 33554432
[1 - Suricata-Main] 2025-05-19 15:48:39 Config: coredump-config: Core dump size is unlimited.
[1 - Suricata-Main] 2025-05-19 15:48:39 Config: exception-policy: defrag.memcap-policy: ignore (defined via 'exception-policy' master switch)
[1 - Suricata-Main] 2025-05-19 15:48:39 Config: defrag-hash: allocated 3670016 bytes of memory for the defrag hash... 65536 buckets of size 56
[1 - Suricata-Main] 2025-05-19 15:48:39 Config: defrag-hash: preallocated 65535 defrag trackers of size 160
[1 - Suricata-Main] 2025-05-19 15:48:39 Config: defrag-hash: defrag memory usage: 14155616 bytes, maximum: 33554432
[1 - Suricata-Main] 2025-05-19 15:48:39 Config: exception-policy: flow.memcap-policy: ignore (defined via 'exception-policy' master switch)
[1 - Suricata-Main] 2025-05-19 15:48:39 Config: flow: flow size 304, memcap allows for 441505 flows. Per hash row in perfect conditions 6
[1 - Suricata-Main] 2025-05-19 15:48:39 Config: stream-tcp: stream "prealloc-sessions": 2048 (per thread)
[1 - Suricata-Main] 2025-05-19 15:48:39 Config: stream-tcp: stream "memcap": 67108864
[1 - Suricata-Main] 2025-05-19 15:48:39 Config: stream-tcp: stream "midstream" session pickups: disabled
[1 - Suricata-Main] 2025-05-19 15:48:39 Config: stream-tcp: stream "async-oneside": disabled
[1 - Suricata-Main] 2025-05-19 15:48:39 Config: stream-tcp: stream "checksum-validation": enabled
[1 - Suricata-Main] 2025-05-19 15:48:39 Config: exception-policy: stream.memcap-policy: ignore (defined via 'exception-policy' master switch)
[1 - Suricata-Main] 2025-05-19 15:48:39 Config: exception-policy: stream.reassembly.memcap-policy: ignore (defined via 'exception-policy' master switch)
[1 - Suricata-Main] 2025-05-19 15:48:39 Config: exception-policy: stream.midstream-policy: ignore (defined via 'exception-policy' master switch)
[1 - Suricata-Main] 2025-05-19 15:48:39 Config: stream-tcp: stream."inline": disabled
[1 - Suricata-Main] 2025-05-19 15:48:39 Config: stream-tcp: stream "bypass": disabled
[1 - Suricata-Main] 2025-05-19 15:48:39 Config: stream-tcp: stream.reassembly.urgent.policy": inline
[1 - Suricata-Main] 2025-05-19 15:48:39 Config: stream-tcp: stream "max-syn-queued": 10
[1 - Suricata-Main] 2025-05-19 15:48:39 Config: stream-tcp: stream "max-synack-queued": 5
[1 - Suricata-Main] 2025-05-19 15:48:39 Config: stream-tcp: stream.reassembly "memcap": 268435456
[1 - Suricata-Main] 2025-05-19 15:48:39 Config: stream-tcp: stream.reassembly "depth": 1048576
[1 - Suricata-Main] 2025-05-19 15:48:39 Config: stream-tcp: stream.reassembly "toserver-chunk-size": 2580
[1 - Suricata-Main] 2025-05-19 15:48:39 Config: stream-tcp: stream.reassembly "toclient-chunk-size": 2519
[1 - Suricata-Main] 2025-05-19 15:48:39 Config: stream-tcp: stream.reassembly.raw: enabled
[1 - Suricata-Main] 2025-05-19 15:48:39 Config: stream-tcp: stream.liberal-timestamps: disabled
[1 - Suricata-Main] 2025-05-19 15:48:39 Config: stream-tcp-reassemble: stream.reassembly "segment-prealloc": 2048
[1 - Suricata-Main] 2025-05-19 15:48:39 Config: stream-tcp-reassemble: stream.reassembly "max-regions": 8
[1 - Suricata-Main] 2025-05-19 15:48:39 Info: conf: Running in live mode, activating unix socket
[1 - Suricata-Main] 2025-05-19 15:48:39 Info: logopenfile: fast output device (regular) initialized: fast.log
[1 - Suricata-Main] 2025-05-19 15:48:39 Info: logopenfile: eve-log output device (regular) initialized: eve.json
[1 - Suricata-Main] 2025-05-19 15:48:39 Config: runmodes: enabling 'eve-log' module 'alert'
[1 - Suricata-Main] 2025-05-19 15:48:39 Config: runmodes: enabling 'eve-log' module 'frame'
[1 - Suricata-Main] 2025-05-19 15:48:39 Config: runmodes: enabling 'eve-log' module 'anomaly'
[1 - Suricata-Main] 2025-05-19 15:48:39 Config: runmodes: enabling 'eve-log' module 'http'
[1 - Suricata-Main] 2025-05-19 15:48:39 Config: runmodes: enabling 'eve-log' module 'dns'
[1 - Suricata-Main] 2025-05-19 15:48:39 Config: runmodes: enabling 'eve-log' module 'tls'
[1 - Suricata-Main] 2025-05-19 15:48:39 Config: runmodes: enabling 'eve-log' module 'files'
[1 - Suricata-Main] 2025-05-19 15:48:39 Config: runmodes: enabling 'eve-log' module 'smtp'
[1 - Suricata-Main] 2025-05-19 15:48:39 Config: runmodes: enabling 'eve-log' module 'ftp'
[1 - Suricata-Main] 2025-05-19 15:48:39 Config: runmodes: enabling 'eve-log' module 'rdp'
[1 - Suricata-Main] 2025-05-19 15:48:39 Config: runmodes: enabling 'eve-log' module 'nfs'
[1 - Suricata-Main] 2025-05-19 15:48:39 Config: runmodes: enabling 'eve-log' module 'smb'
[1 - Suricata-Main] 2025-05-19 15:48:39 Config: runmodes: enabling 'eve-log' module 'tftp'
[1 - Suricata-Main] 2025-05-19 15:48:39 Config: runmodes: enabling 'eve-log' module 'ike'
[1 - Suricata-Main] 2025-05-19 15:48:39 Config: runmodes: enabling 'eve-log' module 'dcerpc'
[1 - Suricata-Main] 2025-05-19 15:48:39 Config: runmodes: enabling 'eve-log' module 'krb5'
[1 - Suricata-Main] 2025-05-19 15:48:39 Config: runmodes: enabling 'eve-log' module 'bittorrent-dht'
[1 - Suricata-Main] 2025-05-19 15:48:39 Config: runmodes: enabling 'eve-log' module 'snmp'
[1 - Suricata-Main] 2025-05-19 15:48:39 Config: runmodes: enabling 'eve-log' module 'rfb'
[1 - Suricata-Main] 2025-05-19 15:48:39 Config: runmodes: enabling 'eve-log' module 'sip'
[1 - Suricata-Main] 2025-05-19 15:48:39 Config: runmodes: enabling 'eve-log' module 'quic'
[1 - Suricata-Main] 2025-05-19 15:48:39 Config: runmodes: enabling 'eve-log' module 'dhcp'
[1 - Suricata-Main] 2025-05-19 15:48:39 Config: runmodes: enabling 'eve-log' module 'ssh'
[1 - Suricata-Main] 2025-05-19 15:48:39 Config: runmodes: enabling 'eve-log' module 'mqtt'
[1 - Suricata-Main] 2025-05-19 15:48:39 Config: runmodes: enabling 'eve-log' module 'http2'
[1 - Suricata-Main] 2025-05-19 15:48:39 Config: runmodes: enabling 'eve-log' module 'pgsql'
[1 - Suricata-Main] 2025-05-19 15:48:39 Config: runmodes: enabling 'eve-log' module 'stats'
[1 - Suricata-Main] 2025-05-19 15:48:39 Config: runmodes: enabling 'eve-log' module 'flow'
[1 - Suricata-Main] 2025-05-19 15:48:39 Info: logopenfile: stats output device (regular) initialized: stats.log
[1 - Suricata-Main] 2025-05-19 15:48:39 Config: landlock: Landlock is not enabled in configuration
[1 - Suricata-Main] 2025-05-19 15:48:39 Config: suricata: Delayed detect disabled
[1 - Suricata-Main] 2025-05-19 15:48:39 Config: detect: pattern matchers: MPM: ac, SPM: bm
[1 - Suricata-Main] 2025-05-19 15:48:39 Config: detect: grouping: tcp-whitelist (default) 53, 80, 139, 443, 445, 1433, 3306, 3389, 6666, 6667, 8080
[1 - Suricata-Main] 2025-05-19 15:48:39 Config: detect: grouping: udp-whitelist (default) 53, 135, 5060
[1 - Suricata-Main] 2025-05-19 15:48:39 Config: detect: prefilter engines: MPM
[1 - Suricata-Main] 2025-05-19 15:48:39 Config: reputation: IP reputation disabled
[1 - Suricata-Main] 2025-05-19 15:48:39 Config: detect: Loading rule file: /var/lib/suricata/rules/suricata.rules
[1 - Suricata-Main] 2025-05-19 15:48:41 Info: detect-fast-pattern: fast_pattern is ineffective with base64_data
[1 - Suricata-Main] 2025-05-19 15:48:41 Info: detect-fast-pattern: fast_pattern is ineffective with base64_data
[1 - Suricata-Main] 2025-05-19 15:48:41 Info: detect: 1 rule files processed. 42614 rules successfully loaded, 0 rules failed, 0
[1 - Suricata-Main] 2025-05-19 15:48:41 Info: threshold-config: Threshold config parsed: 0 rule(s) found
[1 - Suricata-Main] 2025-05-19 15:48:41 Info: detect: 42617 signatures processed. 1270 are IP-only rules, 4333 are inspecting packet payload, 36797 inspect application layer, 109 are decoder event only
[1 - Suricata-Main] 2025-05-19 15:48:41 Config: detect: building signature grouping structure, stage 1: preprocessing rules... complete
[1 - Suricata-Main] 2025-05-19 15:48:41 Perf: detect: TCP toserver: 41 port groups, 40 unique SGH's, 1 copies
[1 - Suricata-Main] 2025-05-19 15:48:41 Perf: detect: TCP toclient: 21 port groups, 21 unique SGH's, 0 copies
[1 - Suricata-Main] 2025-05-19 15:48:41 Perf: detect: UDP toserver: 41 port groups, 40 unique SGH's, 1 copies
[1 - Suricata-Main] 2025-05-19 15:48:41 Perf: detect: UDP toclient: 21 port groups, 17 unique SGH's, 4 copies
[1 - Suricata-Main] 2025-05-19 15:48:41 Perf: detect: OTHER toserver: 254 proto groups, 4 unique SGH's, 250 copies
[1 - Suricata-Main] 2025-05-19 15:48:41 Perf: detect: OTHER toclient: 254 proto groups, 0 unique SGH's, 254 copies
[1 - Suricata-Main] 2025-05-19 15:48:42 Perf: detect: Unique rule groups: 122
[1 - Suricata-Main] 2025-05-19 15:48:42 Perf: detect: Builtin MPM "toserver TCP packet": 31
[1 - Suricata-Main] 2025-05-19 15:48:42 Perf: detect: Builtin MPM "toclient TCP packet": 20
[1 - Suricata-Main] 2025-05-19 15:48:42 Perf: detect: Builtin MPM "toserver TCP stream": 34
[1 - Suricata-Main] 2025-05-19 15:48:42 Perf: detect: Builtin MPM "toclient TCP stream": 19
[1 - Suricata-Main] 2025-05-19 15:48:42 Perf: detect: Builtin MPM "toserver UDP packet": 40
[1 - Suricata-Main] 2025-05-19 15:48:42 Perf: detect: Builtin MPM "toclient UDP packet": 17
[1 - Suricata-Main] 2025-05-19 15:48:42 Perf: detect: Builtin MPM "other IP packet": 3
[1 - Suricata-Main] 2025-05-19 15:48:42 Perf: detect: AppLayer MPM "toserver http_uri (http)": 16
[1 - Suricata-Main] 2025-05-19 15:48:42 Perf: detect: AppLayer MPM "toserver http_uri (http2)": 16
[1 - Suricata-Main] 2025-05-19 15:48:42 Perf: detect: AppLayer MPM "toserver http_raw_uri (http)": 2
[1 - Suricata-Main] 2025-05-19 15:48:42 Perf: detect: AppLayer MPM "toserver http_raw_uri (http)": 2
[1 - Suricata-Main] 2025-05-19 15:48:42 Perf: detect: AppLayer MPM "toserver http_raw_uri (http2)": 2
[1 - Suricata-Main] 2025-05-19 15:48:42 Perf: detect: AppLayer MPM "toserver http_raw_uri (http2)": 2
[1 - Suricata-Main] 2025-05-19 15:48:42 Perf: detect: AppLayer MPM "toserver http_request_line (http)": 8
[1 - Suricata-Main] 2025-05-19 15:48:42 Perf: detect: AppLayer MPM "toserver http_request_line (http2)": 8
[1 - Suricata-Main] 2025-05-19 15:48:42 Perf: detect: AppLayer MPM "toserver http_client_body (http)": 14
[1 - Suricata-Main] 2025-05-19 15:48:42 Perf: detect: AppLayer MPM "toserver http_client_body (http)": 2
[1 - Suricata-Main] 2025-05-19 15:48:42 Perf: detect: AppLayer MPM "toserver http_client_body (http2)": 14
[1 - Suricata-Main] 2025-05-19 15:48:42 Perf: detect: AppLayer MPM "toserver http_client_body (http2)": 2
[1 - Suricata-Main] 2025-05-19 15:48:42 Perf: detect: AppLayer MPM "toclient http_response_line (http)": 2
[1 - Suricata-Main] 2025-05-19 15:48:42 Perf: detect: AppLayer MPM "toclient http_response_line (http2)": 2
[1 - Suricata-Main] 2025-05-19 15:48:42 Perf: detect: AppLayer MPM "toserver http_header (http)": 10
[1 - Suricata-Main] 2025-05-19 15:48:42 Perf: detect: AppLayer MPM "toserver http_header (http)": 1
[1 - Suricata-Main] 2025-05-19 15:48:42 Perf: detect: AppLayer MPM "toserver http_header (http)": 4
[1 - Suricata-Main] 2025-05-19 15:48:42 Perf: detect: AppLayer MPM "toserver http_header (http)": 4
[1 - Suricata-Main] 2025-05-19 15:48:42 Perf: detect: AppLayer MPM "toserver http_header (http)": 10
[1 - Suricata-Main] 2025-05-19 15:48:42 Perf: detect: AppLayer MPM "toclient http_header (http)": 10
[1 - Suricata-Main] 2025-05-19 15:48:42 Perf: detect: AppLayer MPM "toclient http_header (http)": 1
[1 - Suricata-Main] 2025-05-19 15:48:42 Perf: detect: AppLayer MPM "toclient http_header (http)": 4
[1 - Suricata-Main] 2025-05-19 15:48:42 Perf: detect: AppLayer MPM "toclient http_header (http)": 4
[1 - Suricata-Main] 2025-05-19 15:48:42 Perf: detect: AppLayer MPM "toclient http_header (http)": 10
[1 - Suricata-Main] 2025-05-19 15:48:42 Perf: detect: AppLayer MPM "toserver http_header (http2)": 10
[1 - Suricata-Main] 2025-05-19 15:48:42 Perf: detect: AppLayer MPM "toserver http_header (http2)": 1
[1 - Suricata-Main] 2025-05-19 15:48:42 Perf: detect: AppLayer MPM "toserver http_header (http2)": 4
[1 - Suricata-Main] 2025-05-19 15:48:42 Perf: detect: AppLayer MPM "toserver http_header (http2)": 4
[1 - Suricata-Main] 2025-05-19 15:48:42 Perf: detect: AppLayer MPM "toserver http_header (http2)": 10
[1 - Suricata-Main] 2025-05-19 15:48:42 Perf: detect: AppLayer MPM "toclient http_header (http2)": 10
[1 - Suricata-Main] 2025-05-19 15:48:42 Perf: detect: AppLayer MPM "toclient http_header (http2)": 1
[1 - Suricata-Main] 2025-05-19 15:48:42 Perf: detect: AppLayer MPM "toclient http_header (http2)": 4
[1 - Suricata-Main] 2025-05-19 15:48:42 Perf: detect: AppLayer MPM "toclient http_header (http2)": 4
[1 - Suricata-Main] 2025-05-19 15:48:42 Perf: detect: AppLayer MPM "toclient http_header (http2)": 10
[1 - Suricata-Main] 2025-05-19 15:48:42 Perf: detect: AppLayer MPM "toserver http_request_header (http2)": 2
[1 - Suricata-Main] 2025-05-19 15:48:42 Perf: detect: AppLayer MPM "toserver http_request_header (http2)": 4
[1 - Suricata-Main] 2025-05-19 15:48:42 Perf: detect: AppLayer MPM "toserver http_request_header (http)": 2
[1 - Suricata-Main] 2025-05-19 15:48:42 Perf: detect: AppLayer MPM "toserver http_request_header (http)": 4
[1 - Suricata-Main] 2025-05-19 15:48:42 Perf: detect: AppLayer MPM "toclient http_response_header (http2)": 2
[1 - Suricata-Main] 2025-05-19 15:48:42 Perf: detect: AppLayer MPM "toclient http_response_header (http2)": 2
[1 - Suricata-Main] 2025-05-19 15:48:42 Perf: detect: AppLayer MPM "toclient http_response_header (http2)": 2
[1 - Suricata-Main] 2025-05-19 15:48:42 Perf: detect: AppLayer MPM "toclient http_response_header (http2)": 2
[1 - Suricata-Main] 2025-05-19 15:48:42 Perf: detect: AppLayer MPM "toclient http_response_header (http)": 2
[1 - Suricata-Main] 2025-05-19 15:48:42 Perf: detect: AppLayer MPM "toclient http_response_header (http)": 2
[1 - Suricata-Main] 2025-05-19 15:48:42 Perf: detect: AppLayer MPM "toclient http_response_header (http)": 2
[1 - Suricata-Main] 2025-05-19 15:48:42 Perf: detect: AppLayer MPM "toclient http_response_header (http)": 2
[1 - Suricata-Main] 2025-05-19 15:48:42 Perf: detect: AppLayer MPM "toserver http_header_names (http)": 11
[1 - Suricata-Main] 2025-05-19 15:48:42 Perf: detect: AppLayer MPM "toserver http_header_names (http)": 1
[1 - Suricata-Main] 2025-05-19 15:48:42 Perf: detect: AppLayer MPM "toserver http_header_names (http)": 2
[1 - Suricata-Main] 2025-05-19 15:48:42 Perf: detect: AppLayer MPM "toserver http_header_names (http)": 4
[1 - Suricata-Main] 2025-05-19 15:48:42 Perf: detect: AppLayer MPM "toserver http_header_names (http)": 8
[1 - Suricata-Main] 2025-05-19 15:48:42 Perf: detect: AppLayer MPM "toclient http_header_names (http)": 11
[1 - Suricata-Main] 2025-05-19 15:48:42 Perf: detect: AppLayer MPM "toclient http_header_names (http)": 1
[1 - Suricata-Main] 2025-05-19 15:48:42 Perf: detect: AppLayer MPM "toclient http_header_names (http)": 2
[1 - Suricata-Main] 2025-05-19 15:48:42 Perf: detect: AppLayer MPM "toclient http_header_names (http)": 4
[1 - Suricata-Main] 2025-05-19 15:48:42 Perf: detect: AppLayer MPM "toclient http_header_names (http)": 8
[1 - Suricata-Main] 2025-05-19 15:48:42 Perf: detect: AppLayer MPM "toserver http_header_names (http2)": 11
[1 - Suricata-Main] 2025-05-19 15:48:42 Perf: detect: AppLayer MPM "toserver http_header_names (http2)": 1
[1 - Suricata-Main] 2025-05-19 15:48:42 Perf: detect: AppLayer MPM "toserver http_header_names (http2)": 2
[1 - Suricata-Main] 2025-05-19 15:48:42 Perf: detect: AppLayer MPM "toserver http_header_names (http2)": 4
[1 - Suricata-Main] 2025-05-19 15:48:42 Perf: detect: AppLayer MPM "toserver http_header_names (http2)": 8
[1 - Suricata-Main] 2025-05-19 15:48:42 Perf: detect: AppLayer MPM "toclient http_header_names (http2)": 11
[1 - Suricata-Main] 2025-05-19 15:48:42 Perf: detect: AppLayer MPM "toclient http_header_names (http2)": 1
[1 - Suricata-Main] 2025-05-19 15:48:42 Perf: detect: AppLayer MPM "toclient http_header_names (http2)": 2
[1 - Suricata-Main] 2025-05-19 15:48:42 Perf: detect: AppLayer MPM "toclient http_header_names (http2)": 4
[1 - Suricata-Main] 2025-05-19 15:48:42 Perf: detect: AppLayer MPM "toclient http_header_names (http2)": 8
[1 - Suricata-Main] 2025-05-19 15:48:42 Perf: detect: AppLayer MPM "toserver http_accept (http)": 8
[1 - Suricata-Main] 2025-05-19 15:48:42 Perf: detect: AppLayer MPM "toserver http_accept (http2)": 8
[1 - Suricata-Main] 2025-05-19 15:48:42 Perf: detect: AppLayer MPM "toserver http_accept_enc (http)": 2
[1 - Suricata-Main] 2025-05-19 15:48:42 Perf: detect: AppLayer MPM "toserver http_accept_enc (http2)": 2
[1 - Suricata-Main] 2025-05-19 15:48:42 Perf: detect: AppLayer MPM "toserver http_accept_lang (http)": 2
[1 - Suricata-Main] 2025-05-19 15:48:42 Perf: detect: AppLayer MPM "toserver http_accept_lang (http2)": 2
[1 - Suricata-Main] 2025-05-19 15:48:42 Perf: detect: AppLayer MPM "toserver http_referer (http)": 2
[1 - Suricata-Main] 2025-05-19 15:48:42 Perf: detect: AppLayer MPM "toserver http_referer (http2)": 2
[1 - Suricata-Main] 2025-05-19 15:48:42 Perf: detect: AppLayer MPM "toserver http_connection (http)": 2
[1 - Suricata-Main] 2025-05-19 15:48:42 Perf: detect: AppLayer MPM "toserver http_connection (http2)": 2
[1 - Suricata-Main] 2025-05-19 15:48:42 Perf: detect: AppLayer MPM "toclient http_connection (http)": 2
[1 - Suricata-Main] 2025-05-19 15:48:42 Perf: detect: AppLayer MPM "toclient http_connection (http2)": 2
[1 - Suricata-Main] 2025-05-19 15:48:42 Perf: detect: AppLayer MPM "toserver http_content_len (http)": 4
[1 - Suricata-Main] 2025-05-19 15:48:42 Perf: detect: AppLayer MPM "toserver http_content_len (http2)": 4
[1 - Suricata-Main] 2025-05-19 15:48:42 Perf: detect: AppLayer MPM "toclient http_content_len (http)": 4
[1 - Suricata-Main] 2025-05-19 15:48:42 Perf: detect: AppLayer MPM "toclient http_content_len (http2)": 4
[1 - Suricata-Main] 2025-05-19 15:48:42 Perf: detect: AppLayer MPM "toserver http_content_type (http)": 4
[1 - Suricata-Main] 2025-05-19 15:48:42 Perf: detect: AppLayer MPM "toserver http_content_type (http2)": 4
[1 - Suricata-Main] 2025-05-19 15:48:42 Perf: detect: AppLayer MPM "toclient http_content_type (http)": 4
[1 - Suricata-Main] 2025-05-19 15:48:42 Perf: detect: AppLayer MPM "toclient http_content_type (http2)": 4
[1 - Suricata-Main] 2025-05-19 15:48:42 Perf: detect: AppLayer MPM "toclient http.server (http)": 4
[1 - Suricata-Main] 2025-05-19 15:48:42 Perf: detect: AppLayer MPM "toclient http.server (http2)": 4
[1 - Suricata-Main] 2025-05-19 15:48:42 Perf: detect: AppLayer MPM "toclient http.location (http)": 2
[1 - Suricata-Main] 2025-05-19 15:48:42 Perf: detect: AppLayer MPM "toclient http.location (http2)": 2
[1 - Suricata-Main] 2025-05-19 15:48:42 Perf: detect: AppLayer MPM "toserver http_start (http)": 6
[1 - Suricata-Main] 2025-05-19 15:48:42 Perf: detect: AppLayer MPM "toclient http_start (http)": 6
[1 - Suricata-Main] 2025-05-19 15:48:42 Perf: detect: AppLayer MPM "toserver http_raw_header (http)": 4
[1 - Suricata-Main] 2025-05-19 15:48:42 Perf: detect: AppLayer MPM "toserver http_raw_header (http)": 2
[1 - Suricata-Main] 2025-05-19 15:48:42 Perf: detect: AppLayer MPM "toserver http_raw_header (http)": 4
[1 - Suricata-Main] 2025-05-19 15:48:42 Perf: detect: AppLayer MPM "toclient http_raw_header (http)": 4
[1 - Suricata-Main] 2025-05-19 15:48:42 Perf: detect: AppLayer MPM "toclient http_raw_header (http)": 2
[1 - Suricata-Main] 2025-05-19 15:48:42 Perf: detect: AppLayer MPM "toclient http_raw_header (http)": 4
[1 - Suricata-Main] 2025-05-19 15:48:42 Perf: detect: AppLayer MPM "toserver http_raw_header (http2)": 4
[1 - Suricata-Main] 2025-05-19 15:48:42 Perf: detect: AppLayer MPM "toserver http_raw_header (http2)": 2
[1 - Suricata-Main] 2025-05-19 15:48:42 Perf: detect: AppLayer MPM "toserver http_raw_header (http2)": 4
[1 - Suricata-Main] 2025-05-19 15:48:42 Perf: detect: AppLayer MPM "toclient http_raw_header (http2)": 4
[1 - Suricata-Main] 2025-05-19 15:48:42 Perf: detect: AppLayer MPM "toclient http_raw_header (http2)": 2
[1 - Suricata-Main] 2025-05-19 15:48:42 Perf: detect: AppLayer MPM "toclient http_raw_header (http2)": 4
[1 - Suricata-Main] 2025-05-19 15:48:42 Perf: detect: AppLayer MPM "toserver http_method (http)": 4
[1 - Suricata-Main] 2025-05-19 15:48:42 Perf: detect: AppLayer MPM "toserver http_method (http2)": 4
[1 - Suricata-Main] 2025-05-19 15:48:42 Perf: detect: AppLayer MPM "toserver http_cookie (http)": 8
[1 - Suricata-Main] 2025-05-19 15:48:42 Perf: detect: AppLayer MPM "toclient http_cookie (http)": 8
[1 - Suricata-Main] 2025-05-19 15:48:42 Perf: detect: AppLayer MPM "toserver http_cookie (http2)": 8
[1 - Suricata-Main] 2025-05-19 15:48:42 Perf: detect: AppLayer MPM "toclient http_cookie (http2)": 8
[1 - Suricata-Main] 2025-05-19 15:48:42 Perf: detect: AppLayer MPM "toserver http_user_agent (http)": 15
[1 - Suricata-Main] 2025-05-19 15:48:42 Perf: detect: AppLayer MPM "toserver http_user_agent (http2)": 15
[1 - Suricata-Main] 2025-05-19 15:48:42 Perf: detect: AppLayer MPM "toserver http_host (http)": 2
[1 - Suricata-Main] 2025-05-19 15:48:42 Perf: detect: AppLayer MPM "toserver http_host (http)": 4
[1 - Suricata-Main] 2025-05-19 15:48:42 Perf: detect: AppLayer MPM "toserver http_host (http2)": 2
[1 - Suricata-Main] 2025-05-19 15:48:42 Perf: detect: AppLayer MPM "toserver http_host (http2)": 4
[1 - Suricata-Main] 2025-05-19 15:48:42 Perf: detect: AppLayer MPM "toserver http_raw_host (http)": 2
[1 - Suricata-Main] 2025-05-19 15:48:42 Perf: detect: AppLayer MPM "toserver http_raw_host (http2)": 2
[1 - Suricata-Main] 2025-05-19 15:48:42 Perf: detect: AppLayer MPM "toclient http_stat_code (http)": 4
[1 - Suricata-Main] 2025-05-19 15:48:42 Perf: detect: AppLayer MPM "toclient http_stat_code (http2)": 4
[1 - Suricata-Main] 2025-05-19 15:48:42 Perf: detect: AppLayer MPM "toserver dns_query (dns)": 2
[1 - Suricata-Main] 2025-05-19 15:48:42 Perf: detect: AppLayer MPM "toserver dns_query (dns)": 1
[1 - Suricata-Main] 2025-05-19 15:48:42 Perf: detect: AppLayer MPM "toserver tls.sni (tls)": 3
[1 - Suricata-Main] 2025-05-19 15:48:42 Perf: detect: AppLayer MPM "toserver tls.sni (tls)": 1
[1 - Suricata-Main] 2025-05-19 15:48:42 Perf: detect: AppLayer MPM "toserver tls.cert_issuer (tls)": 6
[1 - Suricata-Main] 2025-05-19 15:48:42 Perf: detect: AppLayer MPM "toclient tls.cert_issuer (tls)": 6
[1 - Suricata-Main] 2025-05-19 15:48:42 Perf: detect: AppLayer MPM "toserver tls.cert_subject (tls)": 4
[1 - Suricata-Main] 2025-05-19 15:48:42 Perf: detect: AppLayer MPM "toclient tls.cert_subject (tls)": 4
[1 - Suricata-Main] 2025-05-19 15:48:42 Perf: detect: AppLayer MPM "toclient tls.cert_serial (tls)": 2
[1 - Suricata-Main] 2025-05-19 15:48:42 Perf: detect: AppLayer MPM "toserver tls.cert_serial (tls)": 2
[1 - Suricata-Main] 2025-05-19 15:48:42 Perf: detect: AppLayer MPM "toclient tls.cert_fingerprint (tls)": 1
[1 - Suricata-Main] 2025-05-19 15:48:42 Perf: detect: AppLayer MPM "toserver tls.cert_fingerprint (tls)": 1
[1 - Suricata-Main] 2025-05-19 15:48:42 Perf: detect: AppLayer MPM "toclient tls.certs (tls)": 2
[1 - Suricata-Main] 2025-05-19 15:48:42 Perf: detect: AppLayer MPM "toserver tls.certs (tls)": 2
[1 - Suricata-Main] 2025-05-19 15:48:42 Perf: detect: AppLayer MPM "toserver ja3.hash (tls)": 2
[1 - Suricata-Main] 2025-05-19 15:48:42 Perf: detect: AppLayer MPM "toserver ja3.hash (quic)": 2
[1 - Suricata-Main] 2025-05-19 15:48:42 Perf: detect: AppLayer MPM "toclient ja3s.hash (tls)": 1
[1 - Suricata-Main] 2025-05-19 15:48:42 Perf: detect: AppLayer MPM "toclient ja3s.hash (quic)": 1
[1 - Suricata-Main] 2025-05-19 15:48:42 Perf: detect: AppLayer MPM "toserver ssh.proto (ssh)": 1
[1 - Suricata-Main] 2025-05-19 15:48:42 Perf: detect: AppLayer MPM "toclient ssh.proto (ssh)": 1
[1 - Suricata-Main] 2025-05-19 15:48:42 Perf: detect: AppLayer MPM "toclient file_data (nfs)": 17
[1 - Suricata-Main] 2025-05-19 15:48:42 Perf: detect: AppLayer MPM "toclient file_data (nfs)": 2
[1 - Suricata-Main] 2025-05-19 15:48:42 Perf: detect: AppLayer MPM "toserver file_data (nfs)": 17
[1 - Suricata-Main] 2025-05-19 15:48:42 Perf: detect: AppLayer MPM "toserver file_data (nfs)": 2
[1 - Suricata-Main] 2025-05-19 15:48:42 Perf: detect: AppLayer MPM "toclient file_data (smb)": 17
[1 - Suricata-Main] 2025-05-19 15:48:42 Perf: detect: AppLayer MPM "toclient file_data (smb)": 2
[1 - Suricata-Main] 2025-05-19 15:48:42 Perf: detect: AppLayer MPM "toserver file_data (smb)": 17
[1 - Suricata-Main] 2025-05-19 15:48:42 Perf: detect: AppLayer MPM "toserver file_data (smb)": 2
[1 - Suricata-Main] 2025-05-19 15:48:42 Perf: detect: AppLayer MPM "toclient file_data (ftp)": 17
[1 - Suricata-Main] 2025-05-19 15:48:42 Perf: detect: AppLayer MPM "toclient file_data (ftp)": 2
[1 - Suricata-Main] 2025-05-19 15:48:42 Perf: detect: AppLayer MPM "toserver file_data (ftp)": 17
[1 - Suricata-Main] 2025-05-19 15:48:42 Perf: detect: AppLayer MPM "toserver file_data (ftp)": 2
[1 - Suricata-Main] 2025-05-19 15:48:42 Perf: detect: AppLayer MPM "toclient file_data (ftp-data)": 17
[1 - Suricata-Main] 2025-05-19 15:48:42 Perf: detect: AppLayer MPM "toclient file_data (ftp-data)": 2
[1 - Suricata-Main] 2025-05-19 15:48:42 Perf: detect: AppLayer MPM "toserver file_data (ftp-data)": 17
[1 - Suricata-Main] 2025-05-19 15:48:42 Perf: detect: AppLayer MPM "toserver file_data (ftp-data)": 2
[1 - Suricata-Main] 2025-05-19 15:48:42 Perf: detect: AppLayer MPM "toclient file_data (http)": 17
[1 - Suricata-Main] 2025-05-19 15:48:42 Perf: detect: AppLayer MPM "toclient file_data (http)": 2
[1 - Suricata-Main] 2025-05-19 15:48:42 Perf: detect: AppLayer MPM "toserver file_data (http)": 17
[1 - Suricata-Main] 2025-05-19 15:48:42 Perf: detect: AppLayer MPM "toserver file_data (http)": 2
[1 - Suricata-Main] 2025-05-19 15:48:42 Perf: detect: AppLayer MPM "toclient file_data (http2)": 17
[1 - Suricata-Main] 2025-05-19 15:48:42 Perf: detect: AppLayer MPM "toclient file_data (http2)": 2
[1 - Suricata-Main] 2025-05-19 15:48:42 Perf: detect: AppLayer MPM "toserver file_data (http2)": 17
[1 - Suricata-Main] 2025-05-19 15:48:42 Perf: detect: AppLayer MPM "toserver file_data (http2)": 2
[1 - Suricata-Main] 2025-05-19 15:48:42 Perf: detect: AppLayer MPM "toserver file_data (smtp)": 17
[1 - Suricata-Main] 2025-05-19 15:48:42 Perf: detect: AppLayer MPM "toserver file_data (smtp)": 2
[1 - Suricata-Main] 2025-05-19 15:48:42 Perf: detect: Pkt MPM "icmpv6.hdr": 1
[1 - Suricata-Main] 2025-05-19 15:48:42 Perf: detect: Pkt MPM "ipv6.hdr": 1
[1 - Suricata-Main] 2025-05-19 15:48:45 Config: af-packet: enp0s3: using flow cluster mode for AF_PACKET
[1 - Suricata-Main] 2025-05-19 15:48:45 Perf: af-packet: enp0s3: cluster_flow: 5 cores, using 5 threads
[1 - Suricata-Main] 2025-05-19 15:48:45 Perf: ioctl: enp0s3: disabling gro offloading
[1 - Suricata-Main] 2025-05-19 15:48:45 Perf: ioctl: enp0s3: disabling tso offloading
[1 - Suricata-Main] 2025-05-19 15:48:45 Perf: ioctl: enp0s3: disabling gso offloading
[1 - Suricata-Main] 2025-05-19 15:48:45 Perf: ioctl: enp0s3: disabling sg offloading
[1 - Suricata-Main] 2025-05-19 15:48:45 Warning: af-packet: enp0s3: AF_PACKET tpacket-v3 is recommended for non-inline operation
[1 - Suricata-Main] 2025-05-19 15:48:45 Info: runmodes: enp0s3: creating 5 threads
[1 - Suricata-Main] 2025-05-19 15:48:45 Config: flow-manager: using 1 flow manager threads
[1 - Suricata-Main] 2025-05-19 15:48:45 Config: flow-manager: using 1 flow recycler threads
[1 - Suricata-Main] 2025-05-19 15:48:45 Info: unix-manager: unix socket '/var/run/suricata/suricata-command.socket'
[12 - W#01-enp0s3] 2025-05-19 15:48:45 Config: af-packet: enp0s3: defrag enabled, setting snaplen to 9216
[12 - W#01-enp0s3] 2025-05-19 15:48:45 Perf: af-packet: enp0s3: rx ring: block_size=131072 block_nr=30 frame_size=9296 frame_nr=420
[13 - W#02-enp0s3] 2025-05-19 15:48:45 Config: af-packet: enp0s3: defrag enabled, setting snaplen to 9216
[13 - W#02-enp0s3] 2025-05-19 15:48:45 Perf: af-packet: enp0s3: rx ring: block_size=131072 block_nr=30 frame_size=9296 frame_nr=420
[14 - W#03-enp0s3] 2025-05-19 15:48:45 Config: af-packet: enp0s3: defrag enabled, setting snaplen to 9216
[14 - W#03-enp0s3] 2025-05-19 15:48:45 Perf: af-packet: enp0s3: rx ring: block_size=131072 block_nr=30 frame_size=9296 frame_nr=420
[15 - W#04-enp0s3] 2025-05-19 15:48:45 Config: af-packet: enp0s3: defrag enabled, setting snaplen to 9216
[15 - W#04-enp0s3] 2025-05-19 15:48:45 Perf: af-packet: enp0s3: rx ring: block_size=131072 block_nr=30 frame_size=9296 frame_nr=420
[16 - W#05-enp0s3] 2025-05-19 15:48:45 Config: af-packet: enp0s3: defrag enabled, setting snaplen to 9216
[16 - W#05-enp0s3] 2025-05-19 15:48:45 Perf: af-packet: enp0s3: rx ring: block_size=131072 block_nr=30 frame_size=9296 frame_nr=420
[1 - Suricata-Main] 2025-05-19 15:48:45 Notice: threads: Threads created -> W: 5 FM: 1 FR: 1   Engine started.
[1 - Suricata-Main] 2025-05-19 15:59:52 Notice: suricata: Signal Received.  Stopping engine.
[1 - Suricata-Main] 2025-05-19 15:59:52 Info: suricata: time elapsed 667.196s
[18 - FR#01] 2025-05-19 15:59:53 Perf: flow-manager: 791 flows processed
[12 - W#01-enp0s3] 2025-05-19 15:59:53 Perf: af-packet: enp0s3: (W#01-enp0s3) kernel: Packets 49982, dropped 0
[13 - W#02-enp0s3] 2025-05-19 15:59:53 Perf: af-packet: enp0s3: (W#02-enp0s3) kernel: Packets 1252, dropped 0
[14 - W#03-enp0s3] 2025-05-19 15:59:53 Perf: af-packet: enp0s3: (W#03-enp0s3) kernel: Packets 1104, dropped 0
[15 - W#04-enp0s3] 2025-05-19 15:59:53 Perf: af-packet: enp0s3: (W#04-enp0s3) kernel: Packets 10782, dropped 0
[16 - W#05-enp0s3] 2025-05-19 15:59:53 Perf: af-packet: enp0s3: (W#05-enp0s3) kernel: Packets 1190, dropped 0
[1 - Suricata-Main] 2025-05-19 15:59:53 Info: counters: Alerts: 0
[1 - Suricata-Main] 2025-05-19 15:59:53 Perf: ippair: ippair memory usage: 414144 bytes, maximum: 16777216
[1 - Suricata-Main] 2025-05-19 15:59:53 Perf: host: host memory usage: 398144 bytes, maximum: 33554432
[1 - Suricata-Main] 2025-05-19 15:59:54 Notice: device: enp0s3: packets: 64310, drops: 0 (0.00%), invalid chksum: 0
[1 - Suricata-Main] 2025-05-19 15:59:54 Perf: ioctl: enp0s3: restoring gro offloading
[1 - Suricata-Main] 2025-05-19 15:59:54 Perf: ioctl: enp0s3: restoring tso offloading
[1 - Suricata-Main] 2025-05-19 15:59:54 Perf: ioctl: enp0s3: restoring gso offloading
[1 - Suricata-Main] 2025-05-19 15:59:54 Perf: ioctl: enp0s3: restoring sg offloading
[1 - Suricata-Main] 2025-05-19 16:00:12 Notice: suricata: This is Suricata version 7.0.10 RELEASE running in SYSTEM mode
[1 - Suricata-Main] 2025-05-19 16:00:12 Info: cpu: CPUs/cores online: 5
[1 - Suricata-Main] 2025-05-19 16:00:12 Info: suricata: Setting engine mode to IDS mode by default
[1 - Suricata-Main] 2025-05-19 16:00:12 Info: exception-policy: master exception-policy set to: auto
[1 - Suricata-Main] 2025-05-19 16:00:12 Config: exception-policy: app-layer.error-policy: ignore (defined via 'exception-policy' master switch)
[1 - Suricata-Main] 2025-05-19 16:00:12 Config: app-layer-htp: 'default' server has 'request-body-minimal-inspect-size' set to 31474 and 'request-body-inspect-window' set to 4114 after randomization.
[1 - Suricata-Main] 2025-05-19 16:00:12 Config: app-layer-htp: 'default' server has 'response-body-minimal-inspect-size' set to 41717 and 'response-body-inspect-window' set to 16032 after randomization.
[1 - Suricata-Main] 2025-05-19 16:00:12 Config: smb: read: max record size: 16777216, max queued chunks 64, max queued size 67108864
[1 - Suricata-Main] 2025-05-19 16:00:12 Config: smb: write: max record size: 16777216, max queued chunks 64, max queued size 67108864
[1 - Suricata-Main] 2025-05-19 16:00:12 Config: app-layer-enip: Protocol detection and parser disabled for enip protocol.
[1 - Suricata-Main] 2025-05-19 16:00:12 Config: app-layer-dnp3: Protocol detection and parser disabled for DNP3.
[1 - Suricata-Main] 2025-05-19 16:00:12 Config: host: allocated 262144 bytes of memory for the host hash... 4096 buckets of size 64
[1 - Suricata-Main] 2025-05-19 16:00:12 Config: host: preallocated 1000 hosts of size 136
[1 - Suricata-Main] 2025-05-19 16:00:12 Config: host: host memory usage: 398144 bytes, maximum: 33554432
[1 - Suricata-Main] 2025-05-19 16:00:12 Config: coredump-config: Core dump size is unlimited.
[1 - Suricata-Main] 2025-05-19 16:00:12 Config: exception-policy: defrag.memcap-policy: ignore (defined via 'exception-policy' master switch)
[1 - Suricata-Main] 2025-05-19 16:00:12 Config: defrag-hash: allocated 3670016 bytes of memory for the defrag hash... 65536 buckets of size 56
[1 - Suricata-Main] 2025-05-19 16:00:12 Config: defrag-hash: preallocated 65535 defrag trackers of size 160
[1 - Suricata-Main] 2025-05-19 16:00:12 Config: defrag-hash: defrag memory usage: 14155616 bytes, maximum: 33554432
[1 - Suricata-Main] 2025-05-19 16:00:12 Config: exception-policy: flow.memcap-policy: ignore (defined via 'exception-policy' master switch)
[1 - Suricata-Main] 2025-05-19 16:00:12 Config: flow: flow size 304, memcap allows for 441505 flows. Per hash row in perfect conditions 6
[1 - Suricata-Main] 2025-05-19 16:00:12 Config: stream-tcp: stream "prealloc-sessions": 2048 (per thread)
[1 - Suricata-Main] 2025-05-19 16:00:12 Config: stream-tcp: stream "memcap": 67108864
[1 - Suricata-Main] 2025-05-19 16:00:12 Config: stream-tcp: stream "midstream" session pickups: disabled
[1 - Suricata-Main] 2025-05-19 16:00:12 Config: stream-tcp: stream "async-oneside": disabled
[1 - Suricata-Main] 2025-05-19 16:00:12 Config: stream-tcp: stream "checksum-validation": enabled
[1 - Suricata-Main] 2025-05-19 16:00:12 Config: exception-policy: stream.memcap-policy: ignore (defined via 'exception-policy' master switch)
[1 - Suricata-Main] 2025-05-19 16:00:12 Config: exception-policy: stream.reassembly.memcap-policy: ignore (defined via 'exception-policy' master switch)
[1 - Suricata-Main] 2025-05-19 16:00:12 Config: exception-policy: stream.midstream-policy: ignore (defined via 'exception-policy' master switch)
[1 - Suricata-Main] 2025-05-19 16:00:12 Config: stream-tcp: stream."inline": disabled
[1 - Suricata-Main] 2025-05-19 16:00:12 Config: stream-tcp: stream "bypass": disabled
[1 - Suricata-Main] 2025-05-19 16:00:12 Config: stream-tcp: stream.reassembly.urgent.policy": inline
[1 - Suricata-Main] 2025-05-19 16:00:12 Config: stream-tcp: stream "max-syn-queued": 10
[1 - Suricata-Main] 2025-05-19 16:00:12 Config: stream-tcp: stream "max-synack-queued": 5
[1 - Suricata-Main] 2025-05-19 16:00:12 Config: stream-tcp: stream.reassembly "memcap": 268435456
[1 - Suricata-Main] 2025-05-19 16:00:12 Config: stream-tcp: stream.reassembly "depth": 1048576
[1 - Suricata-Main] 2025-05-19 16:00:12 Config: stream-tcp: stream.reassembly "toserver-chunk-size": 2453
[1 - Suricata-Main] 2025-05-19 16:00:12 Config: stream-tcp: stream.reassembly "toclient-chunk-size": 2473
[1 - Suricata-Main] 2025-05-19 16:00:12 Config: stream-tcp: stream.reassembly.raw: enabled
[1 - Suricata-Main] 2025-05-19 16:00:12 Config: stream-tcp: stream.liberal-timestamps: disabled
[1 - Suricata-Main] 2025-05-19 16:00:12 Config: stream-tcp-reassemble: stream.reassembly "segment-prealloc": 2048
[1 - Suricata-Main] 2025-05-19 16:00:12 Config: stream-tcp-reassemble: stream.reassembly "max-regions": 8
[1 - Suricata-Main] 2025-05-19 16:00:12 Info: conf: Running in live mode, activating unix socket
[1 - Suricata-Main] 2025-05-19 16:00:12 Info: logopenfile: fast output device (regular) initialized: fast.log
[1 - Suricata-Main] 2025-05-19 16:00:12 Info: logopenfile: eve-log output device (regular) initialized: eve.json
[1 - Suricata-Main] 2025-05-19 16:00:12 Config: runmodes: enabling 'eve-log' module 'alert'
[1 - Suricata-Main] 2025-05-19 16:00:12 Config: runmodes: enabling 'eve-log' module 'frame'
[1 - Suricata-Main] 2025-05-19 16:00:12 Config: runmodes: enabling 'eve-log' module 'anomaly'
[1 - Suricata-Main] 2025-05-19 16:00:12 Config: runmodes: enabling 'eve-log' module 'http'
[1 - Suricata-Main] 2025-05-19 16:00:12 Config: runmodes: enabling 'eve-log' module 'dns'
[1 - Suricata-Main] 2025-05-19 16:00:12 Config: runmodes: enabling 'eve-log' module 'tls'
[1 - Suricata-Main] 2025-05-19 16:00:12 Config: runmodes: enabling 'eve-log' module 'files'
[1 - Suricata-Main] 2025-05-19 16:00:12 Config: runmodes: enabling 'eve-log' module 'smtp'
[1 - Suricata-Main] 2025-05-19 16:00:12 Config: runmodes: enabling 'eve-log' module 'ftp'
[1 - Suricata-Main] 2025-05-19 16:00:12 Config: runmodes: enabling 'eve-log' module 'rdp'
[1 - Suricata-Main] 2025-05-19 16:00:12 Config: runmodes: enabling 'eve-log' module 'nfs'
[1 - Suricata-Main] 2025-05-19 16:00:12 Config: runmodes: enabling 'eve-log' module 'smb'
[1 - Suricata-Main] 2025-05-19 16:00:12 Config: runmodes: enabling 'eve-log' module 'tftp'
[1 - Suricata-Main] 2025-05-19 16:00:12 Config: runmodes: enabling 'eve-log' module 'ike'
[1 - Suricata-Main] 2025-05-19 16:00:12 Config: runmodes: enabling 'eve-log' module 'dcerpc'
[1 - Suricata-Main] 2025-05-19 16:00:12 Config: runmodes: enabling 'eve-log' module 'krb5'
[1 - Suricata-Main] 2025-05-19 16:00:12 Config: runmodes: enabling 'eve-log' module 'bittorrent-dht'
[1 - Suricata-Main] 2025-05-19 16:00:12 Config: runmodes: enabling 'eve-log' module 'snmp'
[1 - Suricata-Main] 2025-05-19 16:00:12 Config: runmodes: enabling 'eve-log' module 'rfb'
[1 - Suricata-Main] 2025-05-19 16:00:12 Config: runmodes: enabling 'eve-log' module 'sip'
[1 - Suricata-Main] 2025-05-19 16:00:12 Config: runmodes: enabling 'eve-log' module 'quic'
[1 - Suricata-Main] 2025-05-19 16:00:12 Config: runmodes: enabling 'eve-log' module 'dhcp'
[1 - Suricata-Main] 2025-05-19 16:00:12 Config: runmodes: enabling 'eve-log' module 'ssh'
[1 - Suricata-Main] 2025-05-19 16:00:12 Config: runmodes: enabling 'eve-log' module 'mqtt'
[1 - Suricata-Main] 2025-05-19 16:00:12 Config: runmodes: enabling 'eve-log' module 'http2'
[1 - Suricata-Main] 2025-05-19 16:00:12 Config: runmodes: enabling 'eve-log' module 'pgsql'
[1 - Suricata-Main] 2025-05-19 16:00:12 Config: runmodes: enabling 'eve-log' module 'stats'
[1 - Suricata-Main] 2025-05-19 16:00:12 Config: runmodes: enabling 'eve-log' module 'flow'
[1 - Suricata-Main] 2025-05-19 16:00:12 Info: logopenfile: stats output device (regular) initialized: stats.log
[1 - Suricata-Main] 2025-05-19 16:00:12 Config: landlock: Landlock is not enabled in configuration
[1 - Suricata-Main] 2025-05-19 16:00:12 Config: suricata: Delayed detect disabled
[1 - Suricata-Main] 2025-05-19 16:00:12 Config: detect: pattern matchers: MPM: ac, SPM: bm
[1 - Suricata-Main] 2025-05-19 16:00:12 Config: detect: grouping: tcp-whitelist (default) 53, 80, 139, 443, 445, 1433, 3306, 3389, 6666, 6667, 8080
[1 - Suricata-Main] 2025-05-19 16:00:12 Config: detect: grouping: udp-whitelist (default) 53, 135, 5060
[1 - Suricata-Main] 2025-05-19 16:00:12 Config: detect: prefilter engines: MPM
[1 - Suricata-Main] 2025-05-19 16:00:12 Config: reputation: IP reputation disabled
[1 - Suricata-Main] 2025-05-19 16:00:12 Config: detect: Loading rule file: /var/lib/suricata/rules/suricata.rules
[1 - Suricata-Main] 2025-05-19 16:00:13 Info: detect-fast-pattern: fast_pattern is ineffective with base64_data
[1 - Suricata-Main] 2025-05-19 16:00:13 Info: detect-fast-pattern: fast_pattern is ineffective with base64_data
[1 - Suricata-Main] 2025-05-19 16:00:14 Info: detect: 1 rule files processed. 42614 rules successfully loaded, 0 rules failed, 0
[1 - Suricata-Main] 2025-05-19 16:00:14 Info: threshold-config: Threshold config parsed: 0 rule(s) found
[1 - Suricata-Main] 2025-05-19 16:00:14 Info: detect: 42617 signatures processed. 1270 are IP-only rules, 4333 are inspecting packet payload, 36797 inspect application layer, 109 are decoder event only
[1 - Suricata-Main] 2025-05-19 16:00:14 Config: detect: building signature grouping structure, stage 1: preprocessing rules... complete
[1 - Suricata-Main] 2025-05-19 16:00:14 Perf: detect: TCP toserver: 41 port groups, 40 unique SGH's, 1 copies
[1 - Suricata-Main] 2025-05-19 16:00:14 Perf: detect: TCP toclient: 21 port groups, 21 unique SGH's, 0 copies
[1 - Suricata-Main] 2025-05-19 16:00:14 Perf: detect: UDP toserver: 41 port groups, 40 unique SGH's, 1 copies
[1 - Suricata-Main] 2025-05-19 16:00:14 Perf: detect: UDP toclient: 21 port groups, 17 unique SGH's, 4 copies
[1 - Suricata-Main] 2025-05-19 16:00:14 Perf: detect: OTHER toserver: 254 proto groups, 4 unique SGH's, 250 copies
[1 - Suricata-Main] 2025-05-19 16:00:14 Perf: detect: OTHER toclient: 254 proto groups, 0 unique SGH's, 254 copies
[1 - Suricata-Main] 2025-05-19 16:00:14 Perf: detect: Unique rule groups: 122
[1 - Suricata-Main] 2025-05-19 16:00:14 Perf: detect: Builtin MPM "toserver TCP packet": 31
[1 - Suricata-Main] 2025-05-19 16:00:14 Perf: detect: Builtin MPM "toclient TCP packet": 20
[1 - Suricata-Main] 2025-05-19 16:00:14 Perf: detect: Builtin MPM "toserver TCP stream": 34
[1 - Suricata-Main] 2025-05-19 16:00:14 Perf: detect: Builtin MPM "toclient TCP stream": 19
[1 - Suricata-Main] 2025-05-19 16:00:14 Perf: detect: Builtin MPM "toserver UDP packet": 40
[1 - Suricata-Main] 2025-05-19 16:00:14 Perf: detect: Builtin MPM "toclient UDP packet": 17
[1 - Suricata-Main] 2025-05-19 16:00:14 Perf: detect: Builtin MPM "other IP packet": 3
[1 - Suricata-Main] 2025-05-19 16:00:14 Perf: detect: AppLayer MPM "toserver http_uri (http)": 16
[1 - Suricata-Main] 2025-05-19 16:00:14 Perf: detect: AppLayer MPM "toserver http_uri (http2)": 16
[1 - Suricata-Main] 2025-05-19 16:00:14 Perf: detect: AppLayer MPM "toserver http_raw_uri (http)": 2
[1 - Suricata-Main] 2025-05-19 16:00:14 Perf: detect: AppLayer MPM "toserver http_raw_uri (http)": 2
[1 - Suricata-Main] 2025-05-19 16:00:14 Perf: detect: AppLayer MPM "toserver http_raw_uri (http2)": 2
[1 - Suricata-Main] 2025-05-19 16:00:14 Perf: detect: AppLayer MPM "toserver http_raw_uri (http2)": 2
[1 - Suricata-Main] 2025-05-19 16:00:14 Perf: detect: AppLayer MPM "toserver http_request_line (http)": 8
[1 - Suricata-Main] 2025-05-19 16:00:14 Perf: detect: AppLayer MPM "toserver http_request_line (http2)": 8
[1 - Suricata-Main] 2025-05-19 16:00:14 Perf: detect: AppLayer MPM "toserver http_client_body (http)": 14
[1 - Suricata-Main] 2025-05-19 16:00:14 Perf: detect: AppLayer MPM "toserver http_client_body (http)": 2
[1 - Suricata-Main] 2025-05-19 16:00:14 Perf: detect: AppLayer MPM "toserver http_client_body (http2)": 14
[1 - Suricata-Main] 2025-05-19 16:00:14 Perf: detect: AppLayer MPM "toserver http_client_body (http2)": 2
[1 - Suricata-Main] 2025-05-19 16:00:14 Perf: detect: AppLayer MPM "toclient http_response_line (http)": 2
[1 - Suricata-Main] 2025-05-19 16:00:14 Perf: detect: AppLayer MPM "toclient http_response_line (http2)": 2
[1 - Suricata-Main] 2025-05-19 16:00:14 Perf: detect: AppLayer MPM "toserver http_header (http)": 10
[1 - Suricata-Main] 2025-05-19 16:00:14 Perf: detect: AppLayer MPM "toserver http_header (http)": 1
[1 - Suricata-Main] 2025-05-19 16:00:14 Perf: detect: AppLayer MPM "toserver http_header (http)": 4
[1 - Suricata-Main] 2025-05-19 16:00:14 Perf: detect: AppLayer MPM "toserver http_header (http)": 4
[1 - Suricata-Main] 2025-05-19 16:00:14 Perf: detect: AppLayer MPM "toserver http_header (http)": 10
[1 - Suricata-Main] 2025-05-19 16:00:14 Perf: detect: AppLayer MPM "toclient http_header (http)": 10
[1 - Suricata-Main] 2025-05-19 16:00:14 Perf: detect: AppLayer MPM "toclient http_header (http)": 1
[1 - Suricata-Main] 2025-05-19 16:00:14 Perf: detect: AppLayer MPM "toclient http_header (http)": 4
[1 - Suricata-Main] 2025-05-19 16:00:14 Perf: detect: AppLayer MPM "toclient http_header (http)": 4
[1 - Suricata-Main] 2025-05-19 16:00:14 Perf: detect: AppLayer MPM "toclient http_header (http)": 10
[1 - Suricata-Main] 2025-05-19 16:00:14 Perf: detect: AppLayer MPM "toserver http_header (http2)": 10
[1 - Suricata-Main] 2025-05-19 16:00:14 Perf: detect: AppLayer MPM "toserver http_header (http2)": 1
[1 - Suricata-Main] 2025-05-19 16:00:14 Perf: detect: AppLayer MPM "toserver http_header (http2)": 4
[1 - Suricata-Main] 2025-05-19 16:00:14 Perf: detect: AppLayer MPM "toserver http_header (http2)": 4
[1 - Suricata-Main] 2025-05-19 16:00:14 Perf: detect: AppLayer MPM "toserver http_header (http2)": 10
[1 - Suricata-Main] 2025-05-19 16:00:14 Perf: detect: AppLayer MPM "toclient http_header (http2)": 10
[1 - Suricata-Main] 2025-05-19 16:00:14 Perf: detect: AppLayer MPM "toclient http_header (http2)": 1
[1 - Suricata-Main] 2025-05-19 16:00:14 Perf: detect: AppLayer MPM "toclient http_header (http2)": 4
[1 - Suricata-Main] 2025-05-19 16:00:14 Perf: detect: AppLayer MPM "toclient http_header (http2)": 4
[1 - Suricata-Main] 2025-05-19 16:00:14 Perf: detect: AppLayer MPM "toclient http_header (http2)": 10
[1 - Suricata-Main] 2025-05-19 16:00:14 Perf: detect: AppLayer MPM "toserver http_request_header (http2)": 2
[1 - Suricata-Main] 2025-05-19 16:00:14 Perf: detect: AppLayer MPM "toserver http_request_header (http2)": 4
[1 - Suricata-Main] 2025-05-19 16:00:14 Perf: detect: AppLayer MPM "toserver http_request_header (http)": 2
[1 - Suricata-Main] 2025-05-19 16:00:14 Perf: detect: AppLayer MPM "toserver http_request_header (http)": 4
[1 - Suricata-Main] 2025-05-19 16:00:14 Perf: detect: AppLayer MPM "toclient http_response_header (http2)": 2
[1 - Suricata-Main] 2025-05-19 16:00:14 Perf: detect: AppLayer MPM "toclient http_response_header (http2)": 2
[1 - Suricata-Main] 2025-05-19 16:00:14 Perf: detect: AppLayer MPM "toclient http_response_header (http2)": 2
[1 - Suricata-Main] 2025-05-19 16:00:14 Perf: detect: AppLayer MPM "toclient http_response_header (http2)": 2
[1 - Suricata-Main] 2025-05-19 16:00:14 Perf: detect: AppLayer MPM "toclient http_response_header (http)": 2
[1 - Suricata-Main] 2025-05-19 16:00:14 Perf: detect: AppLayer MPM "toclient http_response_header (http)": 2
[1 - Suricata-Main] 2025-05-19 16:00:14 Perf: detect: AppLayer MPM "toclient http_response_header (http)": 2
[1 - Suricata-Main] 2025-05-19 16:00:14 Perf: detect: AppLayer MPM "toclient http_response_header (http)": 2
[1 - Suricata-Main] 2025-05-19 16:00:14 Perf: detect: AppLayer MPM "toserver http_header_names (http)": 11
[1 - Suricata-Main] 2025-05-19 16:00:14 Perf: detect: AppLayer MPM "toserver http_header_names (http)": 1
[1 - Suricata-Main] 2025-05-19 16:00:14 Perf: detect: AppLayer MPM "toserver http_header_names (http)": 2
[1 - Suricata-Main] 2025-05-19 16:00:14 Perf: detect: AppLayer MPM "toserver http_header_names (http)": 4
[1 - Suricata-Main] 2025-05-19 16:00:14 Perf: detect: AppLayer MPM "toserver http_header_names (http)": 8
[1 - Suricata-Main] 2025-05-19 16:00:14 Perf: detect: AppLayer MPM "toclient http_header_names (http)": 11
[1 - Suricata-Main] 2025-05-19 16:00:14 Perf: detect: AppLayer MPM "toclient http_header_names (http)": 1
[1 - Suricata-Main] 2025-05-19 16:00:14 Perf: detect: AppLayer MPM "toclient http_header_names (http)": 2
[1 - Suricata-Main] 2025-05-19 16:00:14 Perf: detect: AppLayer MPM "toclient http_header_names (http)": 4
[1 - Suricata-Main] 2025-05-19 16:00:14 Perf: detect: AppLayer MPM "toclient http_header_names (http)": 8
[1 - Suricata-Main] 2025-05-19 16:00:14 Perf: detect: AppLayer MPM "toserver http_header_names (http2)": 11
[1 - Suricata-Main] 2025-05-19 16:00:14 Perf: detect: AppLayer MPM "toserver http_header_names (http2)": 1
[1 - Suricata-Main] 2025-05-19 16:00:14 Perf: detect: AppLayer MPM "toserver http_header_names (http2)": 2
[1 - Suricata-Main] 2025-05-19 16:00:14 Perf: detect: AppLayer MPM "toserver http_header_names (http2)": 4
[1 - Suricata-Main] 2025-05-19 16:00:14 Perf: detect: AppLayer MPM "toserver http_header_names (http2)": 8
[1 - Suricata-Main] 2025-05-19 16:00:14 Perf: detect: AppLayer MPM "toclient http_header_names (http2)": 11
[1 - Suricata-Main] 2025-05-19 16:00:14 Perf: detect: AppLayer MPM "toclient http_header_names (http2)": 1
[1 - Suricata-Main] 2025-05-19 16:00:14 Perf: detect: AppLayer MPM "toclient http_header_names (http2)": 2
[1 - Suricata-Main] 2025-05-19 16:00:14 Perf: detect: AppLayer MPM "toclient http_header_names (http2)": 4
[1 - Suricata-Main] 2025-05-19 16:00:14 Perf: detect: AppLayer MPM "toclient http_header_names (http2)": 8
[1 - Suricata-Main] 2025-05-19 16:00:14 Perf: detect: AppLayer MPM "toserver http_accept (http)": 8
[1 - Suricata-Main] 2025-05-19 16:00:14 Perf: detect: AppLayer MPM "toserver http_accept (http2)": 8
[1 - Suricata-Main] 2025-05-19 16:00:14 Perf: detect: AppLayer MPM "toserver http_accept_enc (http)": 2
[1 - Suricata-Main] 2025-05-19 16:00:14 Perf: detect: AppLayer MPM "toserver http_accept_enc (http2)": 2
[1 - Suricata-Main] 2025-05-19 16:00:14 Perf: detect: AppLayer MPM "toserver http_accept_lang (http)": 2
[1 - Suricata-Main] 2025-05-19 16:00:14 Perf: detect: AppLayer MPM "toserver http_accept_lang (http2)": 2
[1 - Suricata-Main] 2025-05-19 16:00:14 Perf: detect: AppLayer MPM "toserver http_referer (http)": 2
[1 - Suricata-Main] 2025-05-19 16:00:14 Perf: detect: AppLayer MPM "toserver http_referer (http2)": 2
[1 - Suricata-Main] 2025-05-19 16:00:14 Perf: detect: AppLayer MPM "toserver http_connection (http)": 2
[1 - Suricata-Main] 2025-05-19 16:00:14 Perf: detect: AppLayer MPM "toserver http_connection (http2)": 2
[1 - Suricata-Main] 2025-05-19 16:00:14 Perf: detect: AppLayer MPM "toclient http_connection (http)": 2
[1 - Suricata-Main] 2025-05-19 16:00:14 Perf: detect: AppLayer MPM "toclient http_connection (http2)": 2
[1 - Suricata-Main] 2025-05-19 16:00:14 Perf: detect: AppLayer MPM "toserver http_content_len (http)": 4
[1 - Suricata-Main] 2025-05-19 16:00:14 Perf: detect: AppLayer MPM "toserver http_content_len (http2)": 4
[1 - Suricata-Main] 2025-05-19 16:00:14 Perf: detect: AppLayer MPM "toclient http_content_len (http)": 4
[1 - Suricata-Main] 2025-05-19 16:00:14 Perf: detect: AppLayer MPM "toclient http_content_len (http2)": 4
[1 - Suricata-Main] 2025-05-19 16:00:14 Perf: detect: AppLayer MPM "toserver http_content_type (http)": 4
[1 - Suricata-Main] 2025-05-19 16:00:14 Perf: detect: AppLayer MPM "toserver http_content_type (http2)": 4
[1 - Suricata-Main] 2025-05-19 16:00:14 Perf: detect: AppLayer MPM "toclient http_content_type (http)": 4
[1 - Suricata-Main] 2025-05-19 16:00:14 Perf: detect: AppLayer MPM "toclient http_content_type (http2)": 4
[1 - Suricata-Main] 2025-05-19 16:00:14 Perf: detect: AppLayer MPM "toclient http.server (http)": 4
[1 - Suricata-Main] 2025-05-19 16:00:14 Perf: detect: AppLayer MPM "toclient http.server (http2)": 4
[1 - Suricata-Main] 2025-05-19 16:00:14 Perf: detect: AppLayer MPM "toclient http.location (http)": 2
[1 - Suricata-Main] 2025-05-19 16:00:14 Perf: detect: AppLayer MPM "toclient http.location (http2)": 2
[1 - Suricata-Main] 2025-05-19 16:00:14 Perf: detect: AppLayer MPM "toserver http_start (http)": 6
[1 - Suricata-Main] 2025-05-19 16:00:14 Perf: detect: AppLayer MPM "toclient http_start (http)": 6
[1 - Suricata-Main] 2025-05-19 16:00:14 Perf: detect: AppLayer MPM "toserver http_raw_header (http)": 4
[1 - Suricata-Main] 2025-05-19 16:00:14 Perf: detect: AppLayer MPM "toserver http_raw_header (http)": 2
[1 - Suricata-Main] 2025-05-19 16:00:14 Perf: detect: AppLayer MPM "toserver http_raw_header (http)": 4
[1 - Suricata-Main] 2025-05-19 16:00:14 Perf: detect: AppLayer MPM "toclient http_raw_header (http)": 4
[1 - Suricata-Main] 2025-05-19 16:00:14 Perf: detect: AppLayer MPM "toclient http_raw_header (http)": 2
[1 - Suricata-Main] 2025-05-19 16:00:14 Perf: detect: AppLayer MPM "toclient http_raw_header (http)": 4
[1 - Suricata-Main] 2025-05-19 16:00:14 Perf: detect: AppLayer MPM "toserver http_raw_header (http2)": 4
[1 - Suricata-Main] 2025-05-19 16:00:14 Perf: detect: AppLayer MPM "toserver http_raw_header (http2)": 2
[1 - Suricata-Main] 2025-05-19 16:00:14 Perf: detect: AppLayer MPM "toserver http_raw_header (http2)": 4
[1 - Suricata-Main] 2025-05-19 16:00:14 Perf: detect: AppLayer MPM "toclient http_raw_header (http2)": 4
[1 - Suricata-Main] 2025-05-19 16:00:14 Perf: detect: AppLayer MPM "toclient http_raw_header (http2)": 2
[1 - Suricata-Main] 2025-05-19 16:00:14 Perf: detect: AppLayer MPM "toclient http_raw_header (http2)": 4
[1 - Suricata-Main] 2025-05-19 16:00:14 Perf: detect: AppLayer MPM "toserver http_method (http)": 4
[1 - Suricata-Main] 2025-05-19 16:00:14 Perf: detect: AppLayer MPM "toserver http_method (http2)": 4
[1 - Suricata-Main] 2025-05-19 16:00:14 Perf: detect: AppLayer MPM "toserver http_cookie (http)": 8
[1 - Suricata-Main] 2025-05-19 16:00:14 Perf: detect: AppLayer MPM "toclient http_cookie (http)": 8
[1 - Suricata-Main] 2025-05-19 16:00:14 Perf: detect: AppLayer MPM "toserver http_cookie (http2)": 8
[1 - Suricata-Main] 2025-05-19 16:00:14 Perf: detect: AppLayer MPM "toclient http_cookie (http2)": 8
[1 - Suricata-Main] 2025-05-19 16:00:14 Perf: detect: AppLayer MPM "toserver http_user_agent (http)": 15
[1 - Suricata-Main] 2025-05-19 16:00:14 Perf: detect: AppLayer MPM "toserver http_user_agent (http2)": 15
[1 - Suricata-Main] 2025-05-19 16:00:14 Perf: detect: AppLayer MPM "toserver http_host (http)": 2
[1 - Suricata-Main] 2025-05-19 16:00:14 Perf: detect: AppLayer MPM "toserver http_host (http)": 4
[1 - Suricata-Main] 2025-05-19 16:00:14 Perf: detect: AppLayer MPM "toserver http_host (http2)": 2
[1 - Suricata-Main] 2025-05-19 16:00:14 Perf: detect: AppLayer MPM "toserver http_host (http2)": 4
[1 - Suricata-Main] 2025-05-19 16:00:14 Perf: detect: AppLayer MPM "toserver http_raw_host (http)": 2
[1 - Suricata-Main] 2025-05-19 16:00:14 Perf: detect: AppLayer MPM "toserver http_raw_host (http2)": 2
[1 - Suricata-Main] 2025-05-19 16:00:14 Perf: detect: AppLayer MPM "toclient http_stat_code (http)": 4
[1 - Suricata-Main] 2025-05-19 16:00:14 Perf: detect: AppLayer MPM "toclient http_stat_code (http2)": 4
[1 - Suricata-Main] 2025-05-19 16:00:14 Perf: detect: AppLayer MPM "toserver dns_query (dns)": 2
[1 - Suricata-Main] 2025-05-19 16:00:14 Perf: detect: AppLayer MPM "toserver dns_query (dns)": 1
[1 - Suricata-Main] 2025-05-19 16:00:14 Perf: detect: AppLayer MPM "toserver tls.sni (tls)": 3
[1 - Suricata-Main] 2025-05-19 16:00:14 Perf: detect: AppLayer MPM "toserver tls.sni (tls)": 1
[1 - Suricata-Main] 2025-05-19 16:00:14 Perf: detect: AppLayer MPM "toserver tls.cert_issuer (tls)": 6
[1 - Suricata-Main] 2025-05-19 16:00:14 Perf: detect: AppLayer MPM "toclient tls.cert_issuer (tls)": 6
[1 - Suricata-Main] 2025-05-19 16:00:14 Perf: detect: AppLayer MPM "toserver tls.cert_subject (tls)": 4
[1 - Suricata-Main] 2025-05-19 16:00:14 Perf: detect: AppLayer MPM "toclient tls.cert_subject (tls)": 4
[1 - Suricata-Main] 2025-05-19 16:00:14 Perf: detect: AppLayer MPM "toclient tls.cert_serial (tls)": 2
[1 - Suricata-Main] 2025-05-19 16:00:14 Perf: detect: AppLayer MPM "toserver tls.cert_serial (tls)": 2
[1 - Suricata-Main] 2025-05-19 16:00:14 Perf: detect: AppLayer MPM "toclient tls.cert_fingerprint (tls)": 1
[1 - Suricata-Main] 2025-05-19 16:00:14 Perf: detect: AppLayer MPM "toserver tls.cert_fingerprint (tls)": 1
[1 - Suricata-Main] 2025-05-19 16:00:14 Perf: detect: AppLayer MPM "toclient tls.certs (tls)": 2
[1 - Suricata-Main] 2025-05-19 16:00:14 Perf: detect: AppLayer MPM "toserver tls.certs (tls)": 2
[1 - Suricata-Main] 2025-05-19 16:00:14 Perf: detect: AppLayer MPM "toserver ja3.hash (tls)": 2
[1 - Suricata-Main] 2025-05-19 16:00:14 Perf: detect: AppLayer MPM "toserver ja3.hash (quic)": 2
[1 - Suricata-Main] 2025-05-19 16:00:14 Perf: detect: AppLayer MPM "toclient ja3s.hash (tls)": 1
[1 - Suricata-Main] 2025-05-19 16:00:14 Perf: detect: AppLayer MPM "toclient ja3s.hash (quic)": 1
[1 - Suricata-Main] 2025-05-19 16:00:14 Perf: detect: AppLayer MPM "toserver ssh.proto (ssh)": 1
[1 - Suricata-Main] 2025-05-19 16:00:14 Perf: detect: AppLayer MPM "toclient ssh.proto (ssh)": 1
[1 - Suricata-Main] 2025-05-19 16:00:14 Perf: detect: AppLayer MPM "toclient file_data (nfs)": 17
[1 - Suricata-Main] 2025-05-19 16:00:14 Perf: detect: AppLayer MPM "toclient file_data (nfs)": 2
[1 - Suricata-Main] 2025-05-19 16:00:14 Perf: detect: AppLayer MPM "toserver file_data (nfs)": 17
[1 - Suricata-Main] 2025-05-19 16:00:14 Perf: detect: AppLayer MPM "toserver file_data (nfs)": 2
[1 - Suricata-Main] 2025-05-19 16:00:14 Perf: detect: AppLayer MPM "toclient file_data (smb)": 17
[1 - Suricata-Main] 2025-05-19 16:00:14 Perf: detect: AppLayer MPM "toclient file_data (smb)": 2
[1 - Suricata-Main] 2025-05-19 16:00:14 Perf: detect: AppLayer MPM "toserver file_data (smb)": 17
[1 - Suricata-Main] 2025-05-19 16:00:14 Perf: detect: AppLayer MPM "toserver file_data (smb)": 2
[1 - Suricata-Main] 2025-05-19 16:00:14 Perf: detect: AppLayer MPM "toclient file_data (ftp)": 17
[1 - Suricata-Main] 2025-05-19 16:00:14 Perf: detect: AppLayer MPM "toclient file_data (ftp)": 2
[1 - Suricata-Main] 2025-05-19 16:00:14 Perf: detect: AppLayer MPM "toserver file_data (ftp)": 17
[1 - Suricata-Main] 2025-05-19 16:00:14 Perf: detect: AppLayer MPM "toserver file_data (ftp)": 2
[1 - Suricata-Main] 2025-05-19 16:00:14 Perf: detect: AppLayer MPM "toclient file_data (ftp-data)": 17
[1 - Suricata-Main] 2025-05-19 16:00:14 Perf: detect: AppLayer MPM "toclient file_data (ftp-data)": 2
[1 - Suricata-Main] 2025-05-19 16:00:14 Perf: detect: AppLayer MPM "toserver file_data (ftp-data)": 17
[1 - Suricata-Main] 2025-05-19 16:00:14 Perf: detect: AppLayer MPM "toserver file_data (ftp-data)": 2
[1 - Suricata-Main] 2025-05-19 16:00:14 Perf: detect: AppLayer MPM "toclient file_data (http)": 17
[1 - Suricata-Main] 2025-05-19 16:00:14 Perf: detect: AppLayer MPM "toclient file_data (http)": 2
[1 - Suricata-Main] 2025-05-19 16:00:14 Perf: detect: AppLayer MPM "toserver file_data (http)": 17
[1 - Suricata-Main] 2025-05-19 16:00:14 Perf: detect: AppLayer MPM "toserver file_data (http)": 2
[1 - Suricata-Main] 2025-05-19 16:00:14 Perf: detect: AppLayer MPM "toclient file_data (http2)": 17
[1 - Suricata-Main] 2025-05-19 16:00:14 Perf: detect: AppLayer MPM "toclient file_data (http2)": 2
[1 - Suricata-Main] 2025-05-19 16:00:14 Perf: detect: AppLayer MPM "toserver file_data (http2)": 17
[1 - Suricata-Main] 2025-05-19 16:00:14 Perf: detect: AppLayer MPM "toserver file_data (http2)": 2
[1 - Suricata-Main] 2025-05-19 16:00:14 Perf: detect: AppLayer MPM "toserver file_data (smtp)": 17
[1 - Suricata-Main] 2025-05-19 16:00:14 Perf: detect: AppLayer MPM "toserver file_data (smtp)": 2
[1 - Suricata-Main] 2025-05-19 16:00:14 Perf: detect: Pkt MPM "icmpv6.hdr": 1
[1 - Suricata-Main] 2025-05-19 16:00:14 Perf: detect: Pkt MPM "ipv6.hdr": 1
[1 - Suricata-Main] 2025-05-19 16:00:17 Config: af-packet: enp0s3: using flow cluster mode for AF_PACKET
[1 - Suricata-Main] 2025-05-19 16:00:17 Perf: af-packet: enp0s3: cluster_flow: 5 cores, using 5 threads
[1 - Suricata-Main] 2025-05-19 16:00:17 Perf: ioctl: enp0s3: disabling gro offloading
[1 - Suricata-Main] 2025-05-19 16:00:17 Perf: ioctl: enp0s3: disabling tso offloading
[1 - Suricata-Main] 2025-05-19 16:00:17 Perf: ioctl: enp0s3: disabling gso offloading
[1 - Suricata-Main] 2025-05-19 16:00:17 Perf: ioctl: enp0s3: disabling sg offloading
[1 - Suricata-Main] 2025-05-19 16:00:17 Warning: af-packet: enp0s3: AF_PACKET tpacket-v3 is recommended for non-inline operation
[1 - Suricata-Main] 2025-05-19 16:00:17 Info: runmodes: enp0s3: creating 5 threads
[1 - Suricata-Main] 2025-05-19 16:00:17 Config: flow-manager: using 1 flow manager threads
[1 - Suricata-Main] 2025-05-19 16:00:17 Config: flow-manager: using 1 flow recycler threads
[1 - Suricata-Main] 2025-05-19 16:00:17 Info: unix-manager: unix socket '/var/run/suricata/suricata-command.socket'
[12 - W#01-enp0s3] 2025-05-19 16:00:17 Config: af-packet: enp0s3: defrag enabled, setting snaplen to 9216
[12 - W#01-enp0s3] 2025-05-19 16:00:17 Perf: af-packet: enp0s3: rx ring: block_size=131072 block_nr=30 frame_size=9296 frame_nr=420
[13 - W#02-enp0s3] 2025-05-19 16:00:17 Config: af-packet: enp0s3: defrag enabled, setting snaplen to 9216
[13 - W#02-enp0s3] 2025-05-19 16:00:17 Perf: af-packet: enp0s3: rx ring: block_size=131072 block_nr=30 frame_size=9296 frame_nr=420
[14 - W#03-enp0s3] 2025-05-19 16:00:17 Config: af-packet: enp0s3: defrag enabled, setting snaplen to 9216
[14 - W#03-enp0s3] 2025-05-19 16:00:17 Perf: af-packet: enp0s3: rx ring: block_size=131072 block_nr=30 frame_size=9296 frame_nr=420
[15 - W#04-enp0s3] 2025-05-19 16:00:17 Config: af-packet: enp0s3: defrag enabled, setting snaplen to 9216
[15 - W#04-enp0s3] 2025-05-19 16:00:17 Perf: af-packet: enp0s3: rx ring: block_size=131072 block_nr=30 frame_size=9296 frame_nr=420
[16 - W#05-enp0s3] 2025-05-19 16:00:17 Config: af-packet: enp0s3: defrag enabled, setting snaplen to 9216
[16 - W#05-enp0s3] 2025-05-19 16:00:17 Perf: af-packet: enp0s3: rx ring: block_size=131072 block_nr=30 frame_size=9296 frame_nr=420
[1 - Suricata-Main] 2025-05-19 16:00:18 Notice: threads: Threads created -> W: 5 FM: 1 FR: 1   Engine started.
[1 - Suricata-Main] 2025-05-19 16:03:46 Notice: suricata: Signal Received.  Stopping engine.
[1 - Suricata-Main] 2025-05-19 16:03:47 Info: suricata: time elapsed 210.169s
[18 - FR#01] 2025-05-19 16:03:48 Perf: flow-manager: 285 flows processed
[12 - W#01-enp0s3] 2025-05-19 16:03:48 Perf: af-packet: enp0s3: (W#01-enp0s3) kernel: Packets 17445, dropped 0
[13 - W#02-enp0s3] 2025-05-19 16:03:48 Perf: af-packet: enp0s3: (W#02-enp0s3) kernel: Packets 281, dropped 0
[14 - W#03-enp0s3] 2025-05-19 16:03:48 Perf: af-packet: enp0s3: (W#03-enp0s3) kernel: Packets 493, dropped 0
[15 - W#04-enp0s3] 2025-05-19 16:03:48 Perf: af-packet: enp0s3: (W#04-enp0s3) kernel: Packets 2842, dropped 0
[16 - W#05-enp0s3] 2025-05-19 16:03:48 Perf: af-packet: enp0s3: (W#05-enp0s3) kernel: Packets 407, dropped 0
[1 - Suricata-Main] 2025-05-19 16:03:48 Info: counters: Alerts: 0
[1 - Suricata-Main] 2025-05-19 16:03:48 Perf: ippair: ippair memory usage: 414144 bytes, maximum: 16777216
[1 - Suricata-Main] 2025-05-19 16:03:49 Perf: host: host memory usage: 398144 bytes, maximum: 33554432
[1 - Suricata-Main] 2025-05-19 16:03:49 Notice: device: enp0s3: packets: 21468, drops: 0 (0.00%), invalid chksum: 0
[1 - Suricata-Main] 2025-05-19 16:03:49 Perf: ioctl: enp0s3: restoring gro offloading
[1 - Suricata-Main] 2025-05-19 16:03:49 Perf: ioctl: enp0s3: restoring tso offloading
[1 - Suricata-Main] 2025-05-19 16:03:49 Perf: ioctl: enp0s3: restoring gso offloading
[1 - Suricata-Main] 2025-05-19 16:03:49 Perf: ioctl: enp0s3: restoring sg offloading
[1 - Suricata-Main] 2025-05-19 16:04:26 Notice: suricata: This is Suricata version 7.0.10 RELEASE running in SYSTEM mode
[1 - Suricata-Main] 2025-05-19 16:04:26 Info: cpu: CPUs/cores online: 5
[1 - Suricata-Main] 2025-05-19 16:04:26 Info: suricata: Setting engine mode to IDS mode by default
[1 - Suricata-Main] 2025-05-19 16:04:26 Info: exception-policy: master exception-policy set to: auto
[1 - Suricata-Main] 2025-05-19 16:04:26 Config: exception-policy: app-layer.error-policy: ignore (defined via 'exception-policy' master switch)
[1 - Suricata-Main] 2025-05-19 16:04:26 Config: app-layer-htp: 'default' server has 'request-body-minimal-inspect-size' set to 33797 and 'request-body-inspect-window' set to 4087 after randomization.
[1 - Suricata-Main] 2025-05-19 16:04:26 Config: app-layer-htp: 'default' server has 'response-body-minimal-inspect-size' set to 40513 and 'response-body-inspect-window' set to 15864 after randomization.
[1 - Suricata-Main] 2025-05-19 16:04:26 Config: smb: read: max record size: 16777216, max queued chunks 64, max queued size 67108864
[1 - Suricata-Main] 2025-05-19 16:04:26 Config: smb: write: max record size: 16777216, max queued chunks 64, max queued size 67108864
[1 - Suricata-Main] 2025-05-19 16:04:26 Config: app-layer-enip: Protocol detection and parser disabled for enip protocol.
[1 - Suricata-Main] 2025-05-19 16:04:26 Config: app-layer-dnp3: Protocol detection and parser disabled for DNP3.
[1 - Suricata-Main] 2025-05-19 16:04:26 Config: host: allocated 262144 bytes of memory for the host hash... 4096 buckets of size 64
[1 - Suricata-Main] 2025-05-19 16:04:26 Config: host: preallocated 1000 hosts of size 136
[1 - Suricata-Main] 2025-05-19 16:04:26 Config: host: host memory usage: 398144 bytes, maximum: 33554432
[1 - Suricata-Main] 2025-05-19 16:04:26 Config: coredump-config: Core dump size is unlimited.
[1 - Suricata-Main] 2025-05-19 16:04:26 Config: exception-policy: defrag.memcap-policy: ignore (defined via 'exception-policy' master switch)
[1 - Suricata-Main] 2025-05-19 16:04:26 Config: defrag-hash: allocated 3670016 bytes of memory for the defrag hash... 65536 buckets of size 56
[1 - Suricata-Main] 2025-05-19 16:04:26 Config: defrag-hash: preallocated 65535 defrag trackers of size 160
[1 - Suricata-Main] 2025-05-19 16:04:26 Config: defrag-hash: defrag memory usage: 14155616 bytes, maximum: 33554432
[1 - Suricata-Main] 2025-05-19 16:04:26 Config: exception-policy: flow.memcap-policy: ignore (defined via 'exception-policy' master switch)
[1 - Suricata-Main] 2025-05-19 16:04:26 Config: flow: flow size 304, memcap allows for 441505 flows. Per hash row in perfect conditions 6
[1 - Suricata-Main] 2025-05-19 16:04:26 Config: stream-tcp: stream "prealloc-sessions": 2048 (per thread)
[1 - Suricata-Main] 2025-05-19 16:04:26 Config: stream-tcp: stream "memcap": 67108864
[1 - Suricata-Main] 2025-05-19 16:04:26 Config: stream-tcp: stream "midstream" session pickups: disabled
[1 - Suricata-Main] 2025-05-19 16:04:26 Config: stream-tcp: stream "async-oneside": disabled
[1 - Suricata-Main] 2025-05-19 16:04:26 Config: stream-tcp: stream "checksum-validation": enabled
[1 - Suricata-Main] 2025-05-19 16:04:26 Config: exception-policy: stream.memcap-policy: ignore (defined via 'exception-policy' master switch)
[1 - Suricata-Main] 2025-05-19 16:04:26 Config: exception-policy: stream.reassembly.memcap-policy: ignore (defined via 'exception-policy' master switch)
[1 - Suricata-Main] 2025-05-19 16:04:26 Config: exception-policy: stream.midstream-policy: ignore (defined via 'exception-policy' master switch)
[1 - Suricata-Main] 2025-05-19 16:04:26 Config: stream-tcp: stream."inline": disabled
[1 - Suricata-Main] 2025-05-19 16:04:26 Config: stream-tcp: stream "bypass": disabled
[1 - Suricata-Main] 2025-05-19 16:04:26 Config: stream-tcp: stream.reassembly.urgent.policy": inline
[1 - Suricata-Main] 2025-05-19 16:04:26 Config: stream-tcp: stream "max-syn-queued": 10
[1 - Suricata-Main] 2025-05-19 16:04:26 Config: stream-tcp: stream "max-synack-queued": 5
[1 - Suricata-Main] 2025-05-19 16:04:26 Config: stream-tcp: stream.reassembly "memcap": 268435456
[1 - Suricata-Main] 2025-05-19 16:04:26 Config: stream-tcp: stream.reassembly "depth": 1048576
[1 - Suricata-Main] 2025-05-19 16:04:26 Config: stream-tcp: stream.reassembly "toserver-chunk-size": 2446
[1 - Suricata-Main] 2025-05-19 16:04:26 Config: stream-tcp: stream.reassembly "toclient-chunk-size": 2632
[1 - Suricata-Main] 2025-05-19 16:04:26 Config: stream-tcp: stream.reassembly.raw: enabled
[1 - Suricata-Main] 2025-05-19 16:04:26 Config: stream-tcp: stream.liberal-timestamps: disabled
[1 - Suricata-Main] 2025-05-19 16:04:26 Config: stream-tcp-reassemble: stream.reassembly "segment-prealloc": 2048
[1 - Suricata-Main] 2025-05-19 16:04:26 Config: stream-tcp-reassemble: stream.reassembly "max-regions": 8
[1 - Suricata-Main] 2025-05-19 16:04:26 Info: conf: Running in live mode, activating unix socket
[1 - Suricata-Main] 2025-05-19 16:04:26 Info: logopenfile: fast output device (regular) initialized: fast.log
[1 - Suricata-Main] 2025-05-19 16:04:26 Info: logopenfile: eve-log output device (regular) initialized: eve.json
[1 - Suricata-Main] 2025-05-19 16:04:26 Config: runmodes: enabling 'eve-log' module 'alert'
[1 - Suricata-Main] 2025-05-19 16:04:26 Config: runmodes: enabling 'eve-log' module 'frame'
[1 - Suricata-Main] 2025-05-19 16:04:26 Config: runmodes: enabling 'eve-log' module 'anomaly'
[1 - Suricata-Main] 2025-05-19 16:04:26 Config: runmodes: enabling 'eve-log' module 'http'
[1 - Suricata-Main] 2025-05-19 16:04:26 Config: runmodes: enabling 'eve-log' module 'dns'
[1 - Suricata-Main] 2025-05-19 16:04:26 Config: runmodes: enabling 'eve-log' module 'tls'
[1 - Suricata-Main] 2025-05-19 16:04:26 Config: runmodes: enabling 'eve-log' module 'files'
[1 - Suricata-Main] 2025-05-19 16:04:26 Config: runmodes: enabling 'eve-log' module 'smtp'
[1 - Suricata-Main] 2025-05-19 16:04:26 Config: runmodes: enabling 'eve-log' module 'ftp'
[1 - Suricata-Main] 2025-05-19 16:04:26 Config: runmodes: enabling 'eve-log' module 'rdp'
[1 - Suricata-Main] 2025-05-19 16:04:26 Config: runmodes: enabling 'eve-log' module 'nfs'
[1 - Suricata-Main] 2025-05-19 16:04:26 Config: runmodes: enabling 'eve-log' module 'smb'
[1 - Suricata-Main] 2025-05-19 16:04:26 Config: runmodes: enabling 'eve-log' module 'tftp'
[1 - Suricata-Main] 2025-05-19 16:04:26 Config: runmodes: enabling 'eve-log' module 'ike'
[1 - Suricata-Main] 2025-05-19 16:04:26 Config: runmodes: enabling 'eve-log' module 'dcerpc'
[1 - Suricata-Main] 2025-05-19 16:04:26 Config: runmodes: enabling 'eve-log' module 'krb5'
[1 - Suricata-Main] 2025-05-19 16:04:26 Config: runmodes: enabling 'eve-log' module 'bittorrent-dht'
[1 - Suricata-Main] 2025-05-19 16:04:26 Config: runmodes: enabling 'eve-log' module 'snmp'
[1 - Suricata-Main] 2025-05-19 16:04:26 Config: runmodes: enabling 'eve-log' module 'rfb'
[1 - Suricata-Main] 2025-05-19 16:04:26 Config: runmodes: enabling 'eve-log' module 'sip'
[1 - Suricata-Main] 2025-05-19 16:04:26 Config: runmodes: enabling 'eve-log' module 'quic'
[1 - Suricata-Main] 2025-05-19 16:04:26 Config: runmodes: enabling 'eve-log' module 'dhcp'
[1 - Suricata-Main] 2025-05-19 16:04:26 Config: runmodes: enabling 'eve-log' module 'ssh'
[1 - Suricata-Main] 2025-05-19 16:04:26 Config: runmodes: enabling 'eve-log' module 'mqtt'
[1 - Suricata-Main] 2025-05-19 16:04:26 Config: runmodes: enabling 'eve-log' module 'http2'
[1 - Suricata-Main] 2025-05-19 16:04:26 Config: runmodes: enabling 'eve-log' module 'pgsql'
[1 - Suricata-Main] 2025-05-19 16:04:26 Config: runmodes: enabling 'eve-log' module 'stats'
[1 - Suricata-Main] 2025-05-19 16:04:26 Config: runmodes: enabling 'eve-log' module 'flow'
[1 - Suricata-Main] 2025-05-19 16:04:26 Info: logopenfile: stats output device (regular) initialized: stats.log
[1 - Suricata-Main] 2025-05-19 16:04:26 Config: landlock: Landlock is not enabled in configuration
[1 - Suricata-Main] 2025-05-19 16:04:26 Config: suricata: Delayed detect disabled
[1 - Suricata-Main] 2025-05-19 16:04:26 Config: detect: pattern matchers: MPM: ac, SPM: bm
[1 - Suricata-Main] 2025-05-19 16:04:26 Config: detect: grouping: tcp-whitelist (default) 53, 80, 139, 443, 445, 1433, 3306, 3389, 6666, 6667, 8080
[1 - Suricata-Main] 2025-05-19 16:04:26 Config: detect: grouping: udp-whitelist (default) 53, 135, 5060
[1 - Suricata-Main] 2025-05-19 16:04:26 Config: detect: prefilter engines: MPM
[1 - Suricata-Main] 2025-05-19 16:04:26 Config: reputation: IP reputation disabled
[1 - Suricata-Main] 2025-05-19 16:04:26 Config: detect: Loading rule file: /var/lib/suricata/rules/suricata.rules
[1 - Suricata-Main] 2025-05-19 16:04:27 Info: detect-fast-pattern: fast_pattern is ineffective with base64_data
[1 - Suricata-Main] 2025-05-19 16:04:27 Info: detect-fast-pattern: fast_pattern is ineffective with base64_data
[1 - Suricata-Main] 2025-05-19 16:04:27 Info: detect: 1 rule files processed. 42614 rules successfully loaded, 0 rules failed, 0
[1 - Suricata-Main] 2025-05-19 16:04:27 Info: threshold-config: Threshold config parsed: 0 rule(s) found
[1 - Suricata-Main] 2025-05-19 16:04:27 Info: detect: 42617 signatures processed. 1270 are IP-only rules, 4333 are inspecting packet payload, 36797 inspect application layer, 109 are decoder event only
[1 - Suricata-Main] 2025-05-19 16:04:27 Config: detect: building signature grouping structure, stage 1: preprocessing rules... complete
[1 - Suricata-Main] 2025-05-19 16:04:28 Perf: detect: TCP toserver: 41 port groups, 40 unique SGH's, 1 copies
[1 - Suricata-Main] 2025-05-19 16:04:28 Perf: detect: TCP toclient: 21 port groups, 21 unique SGH's, 0 copies
[1 - Suricata-Main] 2025-05-19 16:04:28 Perf: detect: UDP toserver: 41 port groups, 40 unique SGH's, 1 copies
[1 - Suricata-Main] 2025-05-19 16:04:28 Perf: detect: UDP toclient: 21 port groups, 17 unique SGH's, 4 copies
[1 - Suricata-Main] 2025-05-19 16:04:28 Perf: detect: OTHER toserver: 254 proto groups, 4 unique SGH's, 250 copies
[1 - Suricata-Main] 2025-05-19 16:04:28 Perf: detect: OTHER toclient: 254 proto groups, 0 unique SGH's, 254 copies
[1 - Suricata-Main] 2025-05-19 16:04:28 Perf: detect: Unique rule groups: 122
[1 - Suricata-Main] 2025-05-19 16:04:28 Perf: detect: Builtin MPM "toserver TCP packet": 31
[1 - Suricata-Main] 2025-05-19 16:04:28 Perf: detect: Builtin MPM "toclient TCP packet": 20
[1 - Suricata-Main] 2025-05-19 16:04:28 Perf: detect: Builtin MPM "toserver TCP stream": 34
[1 - Suricata-Main] 2025-05-19 16:04:28 Perf: detect: Builtin MPM "toclient TCP stream": 19
[1 - Suricata-Main] 2025-05-19 16:04:28 Perf: detect: Builtin MPM "toserver UDP packet": 40
[1 - Suricata-Main] 2025-05-19 16:04:28 Perf: detect: Builtin MPM "toclient UDP packet": 17
[1 - Suricata-Main] 2025-05-19 16:04:28 Perf: detect: Builtin MPM "other IP packet": 3
[1 - Suricata-Main] 2025-05-19 16:04:28 Perf: detect: AppLayer MPM "toserver http_uri (http)": 16
[1 - Suricata-Main] 2025-05-19 16:04:28 Perf: detect: AppLayer MPM "toserver http_uri (http2)": 16
[1 - Suricata-Main] 2025-05-19 16:04:28 Perf: detect: AppLayer MPM "toserver http_raw_uri (http)": 2
[1 - Suricata-Main] 2025-05-19 16:04:28 Perf: detect: AppLayer MPM "toserver http_raw_uri (http)": 2
[1 - Suricata-Main] 2025-05-19 16:04:28 Perf: detect: AppLayer MPM "toserver http_raw_uri (http2)": 2
[1 - Suricata-Main] 2025-05-19 16:04:28 Perf: detect: AppLayer MPM "toserver http_raw_uri (http2)": 2
[1 - Suricata-Main] 2025-05-19 16:04:28 Perf: detect: AppLayer MPM "toserver http_request_line (http)": 8
[1 - Suricata-Main] 2025-05-19 16:04:28 Perf: detect: AppLayer MPM "toserver http_request_line (http2)": 8
[1 - Suricata-Main] 2025-05-19 16:04:28 Perf: detect: AppLayer MPM "toserver http_client_body (http)": 14
[1 - Suricata-Main] 2025-05-19 16:04:28 Perf: detect: AppLayer MPM "toserver http_client_body (http)": 2
[1 - Suricata-Main] 2025-05-19 16:04:28 Perf: detect: AppLayer MPM "toserver http_client_body (http2)": 14
[1 - Suricata-Main] 2025-05-19 16:04:28 Perf: detect: AppLayer MPM "toserver http_client_body (http2)": 2
[1 - Suricata-Main] 2025-05-19 16:04:28 Perf: detect: AppLayer MPM "toclient http_response_line (http)": 2
[1 - Suricata-Main] 2025-05-19 16:04:28 Perf: detect: AppLayer MPM "toclient http_response_line (http2)": 2
[1 - Suricata-Main] 2025-05-19 16:04:28 Perf: detect: AppLayer MPM "toserver http_header (http)": 10
[1 - Suricata-Main] 2025-05-19 16:04:28 Perf: detect: AppLayer MPM "toserver http_header (http)": 1
[1 - Suricata-Main] 2025-05-19 16:04:28 Perf: detect: AppLayer MPM "toserver http_header (http)": 4
[1 - Suricata-Main] 2025-05-19 16:04:28 Perf: detect: AppLayer MPM "toserver http_header (http)": 4
[1 - Suricata-Main] 2025-05-19 16:04:28 Perf: detect: AppLayer MPM "toserver http_header (http)": 10
[1 - Suricata-Main] 2025-05-19 16:04:28 Perf: detect: AppLayer MPM "toclient http_header (http)": 10
[1 - Suricata-Main] 2025-05-19 16:04:28 Perf: detect: AppLayer MPM "toclient http_header (http)": 1
[1 - Suricata-Main] 2025-05-19 16:04:28 Perf: detect: AppLayer MPM "toclient http_header (http)": 4
[1 - Suricata-Main] 2025-05-19 16:04:28 Perf: detect: AppLayer MPM "toclient http_header (http)": 4
[1 - Suricata-Main] 2025-05-19 16:04:28 Perf: detect: AppLayer MPM "toclient http_header (http)": 10
[1 - Suricata-Main] 2025-05-19 16:04:28 Perf: detect: AppLayer MPM "toserver http_header (http2)": 10
[1 - Suricata-Main] 2025-05-19 16:04:28 Perf: detect: AppLayer MPM "toserver http_header (http2)": 1
[1 - Suricata-Main] 2025-05-19 16:04:28 Perf: detect: AppLayer MPM "toserver http_header (http2)": 4
[1 - Suricata-Main] 2025-05-19 16:04:28 Perf: detect: AppLayer MPM "toserver http_header (http2)": 4
[1 - Suricata-Main] 2025-05-19 16:04:28 Perf: detect: AppLayer MPM "toserver http_header (http2)": 10
[1 - Suricata-Main] 2025-05-19 16:04:28 Perf: detect: AppLayer MPM "toclient http_header (http2)": 10
[1 - Suricata-Main] 2025-05-19 16:04:28 Perf: detect: AppLayer MPM "toclient http_header (http2)": 1
[1 - Suricata-Main] 2025-05-19 16:04:28 Perf: detect: AppLayer MPM "toclient http_header (http2)": 4
[1 - Suricata-Main] 2025-05-19 16:04:28 Perf: detect: AppLayer MPM "toclient http_header (http2)": 4
[1 - Suricata-Main] 2025-05-19 16:04:28 Perf: detect: AppLayer MPM "toclient http_header (http2)": 10
[1 - Suricata-Main] 2025-05-19 16:04:28 Perf: detect: AppLayer MPM "toserver http_request_header (http2)": 2
[1 - Suricata-Main] 2025-05-19 16:04:28 Perf: detect: AppLayer MPM "toserver http_request_header (http2)": 4
[1 - Suricata-Main] 2025-05-19 16:04:28 Perf: detect: AppLayer MPM "toserver http_request_header (http)": 2
[1 - Suricata-Main] 2025-05-19 16:04:28 Perf: detect: AppLayer MPM "toserver http_request_header (http)": 4
[1 - Suricata-Main] 2025-05-19 16:04:28 Perf: detect: AppLayer MPM "toclient http_response_header (http2)": 2
[1 - Suricata-Main] 2025-05-19 16:04:28 Perf: detect: AppLayer MPM "toclient http_response_header (http2)": 2
[1 - Suricata-Main] 2025-05-19 16:04:28 Perf: detect: AppLayer MPM "toclient http_response_header (http2)": 2
[1 - Suricata-Main] 2025-05-19 16:04:28 Perf: detect: AppLayer MPM "toclient http_response_header (http2)": 2
[1 - Suricata-Main] 2025-05-19 16:04:28 Perf: detect: AppLayer MPM "toclient http_response_header (http)": 2
[1 - Suricata-Main] 2025-05-19 16:04:28 Perf: detect: AppLayer MPM "toclient http_response_header (http)": 2
[1 - Suricata-Main] 2025-05-19 16:04:28 Perf: detect: AppLayer MPM "toclient http_response_header (http)": 2
[1 - Suricata-Main] 2025-05-19 16:04:28 Perf: detect: AppLayer MPM "toclient http_response_header (http)": 2
[1 - Suricata-Main] 2025-05-19 16:04:28 Perf: detect: AppLayer MPM "toserver http_header_names (http)": 11
[1 - Suricata-Main] 2025-05-19 16:04:28 Perf: detect: AppLayer MPM "toserver http_header_names (http)": 1
[1 - Suricata-Main] 2025-05-19 16:04:28 Perf: detect: AppLayer MPM "toserver http_header_names (http)": 2
[1 - Suricata-Main] 2025-05-19 16:04:28 Perf: detect: AppLayer MPM "toserver http_header_names (http)": 4
[1 - Suricata-Main] 2025-05-19 16:04:28 Perf: detect: AppLayer MPM "toserver http_header_names (http)": 8
[1 - Suricata-Main] 2025-05-19 16:04:28 Perf: detect: AppLayer MPM "toclient http_header_names (http)": 11
[1 - Suricata-Main] 2025-05-19 16:04:28 Perf: detect: AppLayer MPM "toclient http_header_names (http)": 1
[1 - Suricata-Main] 2025-05-19 16:04:28 Perf: detect: AppLayer MPM "toclient http_header_names (http)": 2
[1 - Suricata-Main] 2025-05-19 16:04:28 Perf: detect: AppLayer MPM "toclient http_header_names (http)": 4
[1 - Suricata-Main] 2025-05-19 16:04:28 Perf: detect: AppLayer MPM "toclient http_header_names (http)": 8
[1 - Suricata-Main] 2025-05-19 16:04:28 Perf: detect: AppLayer MPM "toserver http_header_names (http2)": 11
[1 - Suricata-Main] 2025-05-19 16:04:28 Perf: detect: AppLayer MPM "toserver http_header_names (http2)": 1
[1 - Suricata-Main] 2025-05-19 16:04:28 Perf: detect: AppLayer MPM "toserver http_header_names (http2)": 2
[1 - Suricata-Main] 2025-05-19 16:04:28 Perf: detect: AppLayer MPM "toserver http_header_names (http2)": 4
[1 - Suricata-Main] 2025-05-19 16:04:28 Perf: detect: AppLayer MPM "toserver http_header_names (http2)": 8
[1 - Suricata-Main] 2025-05-19 16:04:28 Perf: detect: AppLayer MPM "toclient http_header_names (http2)": 11
[1 - Suricata-Main] 2025-05-19 16:04:28 Perf: detect: AppLayer MPM "toclient http_header_names (http2)": 1
[1 - Suricata-Main] 2025-05-19 16:04:28 Perf: detect: AppLayer MPM "toclient http_header_names (http2)": 2
[1 - Suricata-Main] 2025-05-19 16:04:28 Perf: detect: AppLayer MPM "toclient http_header_names (http2)": 4
[1 - Suricata-Main] 2025-05-19 16:04:28 Perf: detect: AppLayer MPM "toclient http_header_names (http2)": 8
[1 - Suricata-Main] 2025-05-19 16:04:28 Perf: detect: AppLayer MPM "toserver http_accept (http)": 8
[1 - Suricata-Main] 2025-05-19 16:04:28 Perf: detect: AppLayer MPM "toserver http_accept (http2)": 8
[1 - Suricata-Main] 2025-05-19 16:04:28 Perf: detect: AppLayer MPM "toserver http_accept_enc (http)": 2
[1 - Suricata-Main] 2025-05-19 16:04:28 Perf: detect: AppLayer MPM "toserver http_accept_enc (http2)": 2
[1 - Suricata-Main] 2025-05-19 16:04:28 Perf: detect: AppLayer MPM "toserver http_accept_lang (http)": 2
[1 - Suricata-Main] 2025-05-19 16:04:28 Perf: detect: AppLayer MPM "toserver http_accept_lang (http2)": 2
[1 - Suricata-Main] 2025-05-19 16:04:28 Perf: detect: AppLayer MPM "toserver http_referer (http)": 2
[1 - Suricata-Main] 2025-05-19 16:04:28 Perf: detect: AppLayer MPM "toserver http_referer (http2)": 2
[1 - Suricata-Main] 2025-05-19 16:04:28 Perf: detect: AppLayer MPM "toserver http_connection (http)": 2
[1 - Suricata-Main] 2025-05-19 16:04:28 Perf: detect: AppLayer MPM "toserver http_connection (http2)": 2
[1 - Suricata-Main] 2025-05-19 16:04:28 Perf: detect: AppLayer MPM "toclient http_connection (http)": 2
[1 - Suricata-Main] 2025-05-19 16:04:28 Perf: detect: AppLayer MPM "toclient http_connection (http2)": 2
[1 - Suricata-Main] 2025-05-19 16:04:28 Perf: detect: AppLayer MPM "toserver http_content_len (http)": 4
[1 - Suricata-Main] 2025-05-19 16:04:28 Perf: detect: AppLayer MPM "toserver http_content_len (http2)": 4
[1 - Suricata-Main] 2025-05-19 16:04:28 Perf: detect: AppLayer MPM "toclient http_content_len (http)": 4
[1 - Suricata-Main] 2025-05-19 16:04:28 Perf: detect: AppLayer MPM "toclient http_content_len (http2)": 4
[1 - Suricata-Main] 2025-05-19 16:04:28 Perf: detect: AppLayer MPM "toserver http_content_type (http)": 4
[1 - Suricata-Main] 2025-05-19 16:04:28 Perf: detect: AppLayer MPM "toserver http_content_type (http2)": 4
[1 - Suricata-Main] 2025-05-19 16:04:28 Perf: detect: AppLayer MPM "toclient http_content_type (http)": 4
[1 - Suricata-Main] 2025-05-19 16:04:28 Perf: detect: AppLayer MPM "toclient http_content_type (http2)": 4
[1 - Suricata-Main] 2025-05-19 16:04:28 Perf: detect: AppLayer MPM "toclient http.server (http)": 4
[1 - Suricata-Main] 2025-05-19 16:04:28 Perf: detect: AppLayer MPM "toclient http.server (http2)": 4
[1 - Suricata-Main] 2025-05-19 16:04:28 Perf: detect: AppLayer MPM "toclient http.location (http)": 2
[1 - Suricata-Main] 2025-05-19 16:04:28 Perf: detect: AppLayer MPM "toclient http.location (http2)": 2
[1 - Suricata-Main] 2025-05-19 16:04:28 Perf: detect: AppLayer MPM "toserver http_start (http)": 6
[1 - Suricata-Main] 2025-05-19 16:04:28 Perf: detect: AppLayer MPM "toclient http_start (http)": 6
[1 - Suricata-Main] 2025-05-19 16:04:28 Perf: detect: AppLayer MPM "toserver http_raw_header (http)": 4
[1 - Suricata-Main] 2025-05-19 16:04:28 Perf: detect: AppLayer MPM "toserver http_raw_header (http)": 2
[1 - Suricata-Main] 2025-05-19 16:04:28 Perf: detect: AppLayer MPM "toserver http_raw_header (http)": 4
[1 - Suricata-Main] 2025-05-19 16:04:28 Perf: detect: AppLayer MPM "toclient http_raw_header (http)": 4
[1 - Suricata-Main] 2025-05-19 16:04:28 Perf: detect: AppLayer MPM "toclient http_raw_header (http)": 2
[1 - Suricata-Main] 2025-05-19 16:04:28 Perf: detect: AppLayer MPM "toclient http_raw_header (http)": 4
[1 - Suricata-Main] 2025-05-19 16:04:28 Perf: detect: AppLayer MPM "toserver http_raw_header (http2)": 4
[1 - Suricata-Main] 2025-05-19 16:04:28 Perf: detect: AppLayer MPM "toserver http_raw_header (http2)": 2
[1 - Suricata-Main] 2025-05-19 16:04:28 Perf: detect: AppLayer MPM "toserver http_raw_header (http2)": 4
[1 - Suricata-Main] 2025-05-19 16:04:28 Perf: detect: AppLayer MPM "toclient http_raw_header (http2)": 4
[1 - Suricata-Main] 2025-05-19 16:04:28 Perf: detect: AppLayer MPM "toclient http_raw_header (http2)": 2
[1 - Suricata-Main] 2025-05-19 16:04:28 Perf: detect: AppLayer MPM "toclient http_raw_header (http2)": 4
[1 - Suricata-Main] 2025-05-19 16:04:28 Perf: detect: AppLayer MPM "toserver http_method (http)": 4
[1 - Suricata-Main] 2025-05-19 16:04:28 Perf: detect: AppLayer MPM "toserver http_method (http2)": 4
[1 - Suricata-Main] 2025-05-19 16:04:28 Perf: detect: AppLayer MPM "toserver http_cookie (http)": 8
[1 - Suricata-Main] 2025-05-19 16:04:28 Perf: detect: AppLayer MPM "toclient http_cookie (http)": 8
[1 - Suricata-Main] 2025-05-19 16:04:28 Perf: detect: AppLayer MPM "toserver http_cookie (http2)": 8
[1 - Suricata-Main] 2025-05-19 16:04:28 Perf: detect: AppLayer MPM "toclient http_cookie (http2)": 8
[1 - Suricata-Main] 2025-05-19 16:04:28 Perf: detect: AppLayer MPM "toserver http_user_agent (http)": 15
[1 - Suricata-Main] 2025-05-19 16:04:28 Perf: detect: AppLayer MPM "toserver http_user_agent (http2)": 15
[1 - Suricata-Main] 2025-05-19 16:04:28 Perf: detect: AppLayer MPM "toserver http_host (http)": 2
[1 - Suricata-Main] 2025-05-19 16:04:28 Perf: detect: AppLayer MPM "toserver http_host (http)": 4
[1 - Suricata-Main] 2025-05-19 16:04:28 Perf: detect: AppLayer MPM "toserver http_host (http2)": 2
[1 - Suricata-Main] 2025-05-19 16:04:28 Perf: detect: AppLayer MPM "toserver http_host (http2)": 4
[1 - Suricata-Main] 2025-05-19 16:04:28 Perf: detect: AppLayer MPM "toserver http_raw_host (http)": 2
[1 - Suricata-Main] 2025-05-19 16:04:28 Perf: detect: AppLayer MPM "toserver http_raw_host (http2)": 2
[1 - Suricata-Main] 2025-05-19 16:04:28 Perf: detect: AppLayer MPM "toclient http_stat_code (http)": 4
[1 - Suricata-Main] 2025-05-19 16:04:28 Perf: detect: AppLayer MPM "toclient http_stat_code (http2)": 4
[1 - Suricata-Main] 2025-05-19 16:04:28 Perf: detect: AppLayer MPM "toserver dns_query (dns)": 2
[1 - Suricata-Main] 2025-05-19 16:04:28 Perf: detect: AppLayer MPM "toserver dns_query (dns)": 1
[1 - Suricata-Main] 2025-05-19 16:04:28 Perf: detect: AppLayer MPM "toserver tls.sni (tls)": 3
[1 - Suricata-Main] 2025-05-19 16:04:28 Perf: detect: AppLayer MPM "toserver tls.sni (tls)": 1
[1 - Suricata-Main] 2025-05-19 16:04:28 Perf: detect: AppLayer MPM "toserver tls.cert_issuer (tls)": 6
[1 - Suricata-Main] 2025-05-19 16:04:28 Perf: detect: AppLayer MPM "toclient tls.cert_issuer (tls)": 6
[1 - Suricata-Main] 2025-05-19 16:04:28 Perf: detect: AppLayer MPM "toserver tls.cert_subject (tls)": 4
[1 - Suricata-Main] 2025-05-19 16:04:28 Perf: detect: AppLayer MPM "toclient tls.cert_subject (tls)": 4
[1 - Suricata-Main] 2025-05-19 16:04:28 Perf: detect: AppLayer MPM "toclient tls.cert_serial (tls)": 2
[1 - Suricata-Main] 2025-05-19 16:04:28 Perf: detect: AppLayer MPM "toserver tls.cert_serial (tls)": 2
[1 - Suricata-Main] 2025-05-19 16:04:28 Perf: detect: AppLayer MPM "toclient tls.cert_fingerprint (tls)": 1
[1 - Suricata-Main] 2025-05-19 16:04:28 Perf: detect: AppLayer MPM "toserver tls.cert_fingerprint (tls)": 1
[1 - Suricata-Main] 2025-05-19 16:04:28 Perf: detect: AppLayer MPM "toclient tls.certs (tls)": 2
[1 - Suricata-Main] 2025-05-19 16:04:28 Perf: detect: AppLayer MPM "toserver tls.certs (tls)": 2
[1 - Suricata-Main] 2025-05-19 16:04:28 Perf: detect: AppLayer MPM "toserver ja3.hash (tls)": 2
[1 - Suricata-Main] 2025-05-19 16:04:28 Perf: detect: AppLayer MPM "toserver ja3.hash (quic)": 2
[1 - Suricata-Main] 2025-05-19 16:04:28 Perf: detect: AppLayer MPM "toclient ja3s.hash (tls)": 1
[1 - Suricata-Main] 2025-05-19 16:04:28 Perf: detect: AppLayer MPM "toclient ja3s.hash (quic)": 1
[1 - Suricata-Main] 2025-05-19 16:04:28 Perf: detect: AppLayer MPM "toserver ssh.proto (ssh)": 1
[1 - Suricata-Main] 2025-05-19 16:04:28 Perf: detect: AppLayer MPM "toclient ssh.proto (ssh)": 1
[1 - Suricata-Main] 2025-05-19 16:04:28 Perf: detect: AppLayer MPM "toclient file_data (nfs)": 17
[1 - Suricata-Main] 2025-05-19 16:04:28 Perf: detect: AppLayer MPM "toclient file_data (nfs)": 2
[1 - Suricata-Main] 2025-05-19 16:04:28 Perf: detect: AppLayer MPM "toserver file_data (nfs)": 17
[1 - Suricata-Main] 2025-05-19 16:04:28 Perf: detect: AppLayer MPM "toserver file_data (nfs)": 2
[1 - Suricata-Main] 2025-05-19 16:04:28 Perf: detect: AppLayer MPM "toclient file_data (smb)": 17
[1 - Suricata-Main] 2025-05-19 16:04:28 Perf: detect: AppLayer MPM "toclient file_data (smb)": 2
[1 - Suricata-Main] 2025-05-19 16:04:28 Perf: detect: AppLayer MPM "toserver file_data (smb)": 17
[1 - Suricata-Main] 2025-05-19 16:04:28 Perf: detect: AppLayer MPM "toserver file_data (smb)": 2
[1 - Suricata-Main] 2025-05-19 16:04:28 Perf: detect: AppLayer MPM "toclient file_data (ftp)": 17
[1 - Suricata-Main] 2025-05-19 16:04:28 Perf: detect: AppLayer MPM "toclient file_data (ftp)": 2
[1 - Suricata-Main] 2025-05-19 16:04:28 Perf: detect: AppLayer MPM "toserver file_data (ftp)": 17
[1 - Suricata-Main] 2025-05-19 16:04:28 Perf: detect: AppLayer MPM "toserver file_data (ftp)": 2
[1 - Suricata-Main] 2025-05-19 16:04:28 Perf: detect: AppLayer MPM "toclient file_data (ftp-data)": 17
[1 - Suricata-Main] 2025-05-19 16:04:28 Perf: detect: AppLayer MPM "toclient file_data (ftp-data)": 2
[1 - Suricata-Main] 2025-05-19 16:04:28 Perf: detect: AppLayer MPM "toserver file_data (ftp-data)": 17
[1 - Suricata-Main] 2025-05-19 16:04:28 Perf: detect: AppLayer MPM "toserver file_data (ftp-data)": 2
[1 - Suricata-Main] 2025-05-19 16:04:28 Perf: detect: AppLayer MPM "toclient file_data (http)": 17
[1 - Suricata-Main] 2025-05-19 16:04:28 Perf: detect: AppLayer MPM "toclient file_data (http)": 2
[1 - Suricata-Main] 2025-05-19 16:04:28 Perf: detect: AppLayer MPM "toserver file_data (http)": 17
[1 - Suricata-Main] 2025-05-19 16:04:28 Perf: detect: AppLayer MPM "toserver file_data (http)": 2
[1 - Suricata-Main] 2025-05-19 16:04:28 Perf: detect: AppLayer MPM "toclient file_data (http2)": 17
[1 - Suricata-Main] 2025-05-19 16:04:28 Perf: detect: AppLayer MPM "toclient file_data (http2)": 2
[1 - Suricata-Main] 2025-05-19 16:04:28 Perf: detect: AppLayer MPM "toserver file_data (http2)": 17
[1 - Suricata-Main] 2025-05-19 16:04:28 Perf: detect: AppLayer MPM "toserver file_data (http2)": 2
[1 - Suricata-Main] 2025-05-19 16:04:28 Perf: detect: AppLayer MPM "toserver file_data (smtp)": 17
[1 - Suricata-Main] 2025-05-19 16:04:28 Perf: detect: AppLayer MPM "toserver file_data (smtp)": 2
[1 - Suricata-Main] 2025-05-19 16:04:28 Perf: detect: Pkt MPM "icmpv6.hdr": 1
[1 - Suricata-Main] 2025-05-19 16:04:28 Perf: detect: Pkt MPM "ipv6.hdr": 1
[1 - Suricata-Main] 2025-05-19 16:04:30 Config: af-packet: enp0s3: using flow cluster mode for AF_PACKET
[1 - Suricata-Main] 2025-05-19 16:04:30 Perf: af-packet: enp0s3: cluster_flow: 5 cores, using 5 threads
[1 - Suricata-Main] 2025-05-19 16:04:30 Perf: ioctl: enp0s3: disabling gro offloading
[1 - Suricata-Main] 2025-05-19 16:04:30 Perf: ioctl: enp0s3: disabling tso offloading
[1 - Suricata-Main] 2025-05-19 16:04:30 Perf: ioctl: enp0s3: disabling gso offloading
[1 - Suricata-Main] 2025-05-19 16:04:30 Perf: ioctl: enp0s3: disabling sg offloading
[1 - Suricata-Main] 2025-05-19 16:04:30 Warning: af-packet: enp0s3: AF_PACKET tpacket-v3 is recommended for non-inline operation
[1 - Suricata-Main] 2025-05-19 16:04:30 Info: runmodes: enp0s3: creating 5 threads
[1 - Suricata-Main] 2025-05-19 16:04:30 Config: flow-manager: using 1 flow manager threads
[1 - Suricata-Main] 2025-05-19 16:04:30 Config: flow-manager: using 1 flow recycler threads
[1 - Suricata-Main] 2025-05-19 16:04:30 Info: unix-manager: unix socket '/var/run/suricata/suricata-command.socket'
[12 - W#01-enp0s3] 2025-05-19 16:04:30 Config: af-packet: enp0s3: defrag enabled, setting snaplen to 9216
[12 - W#01-enp0s3] 2025-05-19 16:04:30 Perf: af-packet: enp0s3: rx ring: block_size=131072 block_nr=30 frame_size=9296 frame_nr=420
[13 - W#02-enp0s3] 2025-05-19 16:04:30 Config: af-packet: enp0s3: defrag enabled, setting snaplen to 9216
[13 - W#02-enp0s3] 2025-05-19 16:04:30 Perf: af-packet: enp0s3: rx ring: block_size=131072 block_nr=30 frame_size=9296 frame_nr=420
[14 - W#03-enp0s3] 2025-05-19 16:04:30 Config: af-packet: enp0s3: defrag enabled, setting snaplen to 9216
[14 - W#03-enp0s3] 2025-05-19 16:04:30 Perf: af-packet: enp0s3: rx ring: block_size=131072 block_nr=30 frame_size=9296 frame_nr=420
[15 - W#04-enp0s3] 2025-05-19 16:04:30 Config: af-packet: enp0s3: defrag enabled, setting snaplen to 9216
[15 - W#04-enp0s3] 2025-05-19 16:04:30 Perf: af-packet: enp0s3: rx ring: block_size=131072 block_nr=30 frame_size=9296 frame_nr=420
[16 - W#05-enp0s3] 2025-05-19 16:04:30 Config: af-packet: enp0s3: defrag enabled, setting snaplen to 9216
[16 - W#05-enp0s3] 2025-05-19 16:04:30 Perf: af-packet: enp0s3: rx ring: block_size=131072 block_nr=30 frame_size=9296 frame_nr=420
[1 - Suricata-Main] 2025-05-19 16:04:31 Notice: threads: Threads created -> W: 5 FM: 1 FR: 1   Engine started.
[1 - Suricata-Main] 2025-05-19 16:07:08 Notice: suricata: Signal Received.  Stopping engine.
[1 - Suricata-Main] 2025-05-19 16:07:08 Info: suricata: time elapsed 157.921s
[18 - FR#01] 2025-05-19 16:07:09 Perf: flow-manager: 586 flows processed
[12 - W#01-enp0s3] 2025-05-19 16:07:09 Perf: af-packet: enp0s3: (W#01-enp0s3) kernel: Packets 15098, dropped 0
[13 - W#02-enp0s3] 2025-05-19 16:07:09 Perf: af-packet: enp0s3: (W#02-enp0s3) kernel: Packets 1101, dropped 0
[14 - W#03-enp0s3] 2025-05-19 16:07:09 Perf: af-packet: enp0s3: (W#03-enp0s3) kernel: Packets 2154, dropped 0
[15 - W#04-enp0s3] 2025-05-19 16:07:09 Perf: af-packet: enp0s3: (W#04-enp0s3) kernel: Packets 2991, dropped 0
[16 - W#05-enp0s3] 2025-05-19 16:07:09 Perf: af-packet: enp0s3: (W#05-enp0s3) kernel: Packets 1336, dropped 0
[1 - Suricata-Main] 2025-05-19 16:07:09 Info: counters: Alerts: 4
[1 - Suricata-Main] 2025-05-19 16:07:09 Perf: ippair: ippair memory usage: 414144 bytes, maximum: 16777216
[1 - Suricata-Main] 2025-05-19 16:07:09 Perf: host: host memory usage: 398144 bytes, maximum: 33554432
[1 - Suricata-Main] 2025-05-19 16:07:09 Notice: device: enp0s3: packets: 22680, drops: 0 (0.00%), invalid chksum: 0
[1 - Suricata-Main] 2025-05-19 16:07:09 Perf: ioctl: enp0s3: restoring gro offloading
[1 - Suricata-Main] 2025-05-19 16:07:09 Perf: ioctl: enp0s3: restoring tso offloading
[1 - Suricata-Main] 2025-05-19 16:07:09 Perf: ioctl: enp0s3: restoring gso offloading
[1 - Suricata-Main] 2025-05-19 16:07:09 Perf: ioctl: enp0s3: restoring sg offloading
[1 - Suricata-Main] 2025-05-19 16:08:55 Notice: suricata: This is Suricata version 7.0.10 RELEASE running in SYSTEM mode
[1 - Suricata-Main] 2025-05-19 16:08:55 Info: cpu: CPUs/cores online: 5
[1 - Suricata-Main] 2025-05-19 16:08:55 Info: suricata: Setting engine mode to IDS mode by default
[1 - Suricata-Main] 2025-05-19 16:08:55 Info: exception-policy: master exception-policy set to: auto
[1 - Suricata-Main] 2025-05-19 16:08:55 Config: exception-policy: app-layer.error-policy: ignore (defined via 'exception-policy' master switch)
[1 - Suricata-Main] 2025-05-19 16:08:55 Config: app-layer-htp: 'default' server has 'request-body-minimal-inspect-size' set to 32729 and 'request-body-inspect-window' set to 4285 after randomization.
[1 - Suricata-Main] 2025-05-19 16:08:55 Config: app-layer-htp: 'default' server has 'response-body-minimal-inspect-size' set to 41160 and 'response-body-inspect-window' set to 16583 after randomization.
[1 - Suricata-Main] 2025-05-19 16:08:55 Config: smb: read: max record size: 16777216, max queued chunks 64, max queued size 67108864
[1 - Suricata-Main] 2025-05-19 16:08:55 Config: smb: write: max record size: 16777216, max queued chunks 64, max queued size 67108864
[1 - Suricata-Main] 2025-05-19 16:08:55 Config: app-layer-enip: Protocol detection and parser disabled for enip protocol.
[1 - Suricata-Main] 2025-05-19 16:08:55 Config: app-layer-dnp3: Protocol detection and parser disabled for DNP3.
[1 - Suricata-Main] 2025-05-19 16:08:55 Config: host: allocated 262144 bytes of memory for the host hash... 4096 buckets of size 64
[1 - Suricata-Main] 2025-05-19 16:08:55 Config: host: preallocated 1000 hosts of size 136
[1 - Suricata-Main] 2025-05-19 16:08:55 Config: host: host memory usage: 398144 bytes, maximum: 33554432
[1 - Suricata-Main] 2025-05-19 16:08:55 Config: coredump-config: Core dump size is unlimited.
[1 - Suricata-Main] 2025-05-19 16:08:55 Config: exception-policy: defrag.memcap-policy: ignore (defined via 'exception-policy' master switch)
[1 - Suricata-Main] 2025-05-19 16:08:55 Config: defrag-hash: allocated 3670016 bytes of memory for the defrag hash... 65536 buckets of size 56
[1 - Suricata-Main] 2025-05-19 16:08:55 Config: defrag-hash: preallocated 65535 defrag trackers of size 160
[1 - Suricata-Main] 2025-05-19 16:08:55 Config: defrag-hash: defrag memory usage: 14155616 bytes, maximum: 33554432
[1 - Suricata-Main] 2025-05-19 16:08:55 Config: exception-policy: flow.memcap-policy: ignore (defined via 'exception-policy' master switch)
[1 - Suricata-Main] 2025-05-19 16:08:55 Config: flow: flow size 304, memcap allows for 441505 flows. Per hash row in perfect conditions 6
[1 - Suricata-Main] 2025-05-19 16:08:55 Config: stream-tcp: stream "prealloc-sessions": 2048 (per thread)
[1 - Suricata-Main] 2025-05-19 16:08:55 Config: stream-tcp: stream "memcap": 67108864
[1 - Suricata-Main] 2025-05-19 16:08:55 Config: stream-tcp: stream "midstream" session pickups: disabled
[1 - Suricata-Main] 2025-05-19 16:08:55 Config: stream-tcp: stream "async-oneside": disabled
[1 - Suricata-Main] 2025-05-19 16:08:55 Config: stream-tcp: stream "checksum-validation": enabled
[1 - Suricata-Main] 2025-05-19 16:08:55 Config: exception-policy: stream.memcap-policy: ignore (defined via 'exception-policy' master switch)
[1 - Suricata-Main] 2025-05-19 16:08:55 Config: exception-policy: stream.reassembly.memcap-policy: ignore (defined via 'exception-policy' master switch)
[1 - Suricata-Main] 2025-05-19 16:08:55 Config: exception-policy: stream.midstream-policy: ignore (defined via 'exception-policy' master switch)
[1 - Suricata-Main] 2025-05-19 16:08:55 Config: stream-tcp: stream."inline": disabled
[1 - Suricata-Main] 2025-05-19 16:08:55 Config: stream-tcp: stream "bypass": disabled
[1 - Suricata-Main] 2025-05-19 16:08:55 Config: stream-tcp: stream.reassembly.urgent.policy": inline
[1 - Suricata-Main] 2025-05-19 16:08:55 Config: stream-tcp: stream "max-syn-queued": 10
[1 - Suricata-Main] 2025-05-19 16:08:55 Config: stream-tcp: stream "max-synack-queued": 5
[1 - Suricata-Main] 2025-05-19 16:08:55 Config: stream-tcp: stream.reassembly "memcap": 268435456
[1 - Suricata-Main] 2025-05-19 16:08:55 Config: stream-tcp: stream.reassembly "depth": 1048576
[1 - Suricata-Main] 2025-05-19 16:08:55 Config: stream-tcp: stream.reassembly "toserver-chunk-size": 2535
[1 - Suricata-Main] 2025-05-19 16:08:55 Config: stream-tcp: stream.reassembly "toclient-chunk-size": 2458
[1 - Suricata-Main] 2025-05-19 16:08:55 Config: stream-tcp: stream.reassembly.raw: enabled
[1 - Suricata-Main] 2025-05-19 16:08:55 Config: stream-tcp: stream.liberal-timestamps: disabled
[1 - Suricata-Main] 2025-05-19 16:08:55 Config: stream-tcp-reassemble: stream.reassembly "segment-prealloc": 2048
[1 - Suricata-Main] 2025-05-19 16:08:55 Config: stream-tcp-reassemble: stream.reassembly "max-regions": 8
[1 - Suricata-Main] 2025-05-19 16:08:55 Info: conf: Running in live mode, activating unix socket
[1 - Suricata-Main] 2025-05-19 16:08:55 Info: logopenfile: fast output device (regular) initialized: fast.log
[1 - Suricata-Main] 2025-05-19 16:08:55 Info: logopenfile: eve-log output device (regular) initialized: eve.json
[1 - Suricata-Main] 2025-05-19 16:08:55 Config: runmodes: enabling 'eve-log' module 'alert'
[1 - Suricata-Main] 2025-05-19 16:08:55 Config: runmodes: enabling 'eve-log' module 'frame'
[1 - Suricata-Main] 2025-05-19 16:08:55 Config: runmodes: enabling 'eve-log' module 'anomaly'
[1 - Suricata-Main] 2025-05-19 16:08:55 Config: runmodes: enabling 'eve-log' module 'http'
[1 - Suricata-Main] 2025-05-19 16:08:55 Config: runmodes: enabling 'eve-log' module 'dns'
[1 - Suricata-Main] 2025-05-19 16:08:55 Config: runmodes: enabling 'eve-log' module 'tls'
[1 - Suricata-Main] 2025-05-19 16:08:55 Config: runmodes: enabling 'eve-log' module 'files'
[1 - Suricata-Main] 2025-05-19 16:08:55 Config: runmodes: enabling 'eve-log' module 'smtp'
[1 - Suricata-Main] 2025-05-19 16:08:55 Config: runmodes: enabling 'eve-log' module 'ftp'
[1 - Suricata-Main] 2025-05-19 16:08:55 Config: runmodes: enabling 'eve-log' module 'rdp'
[1 - Suricata-Main] 2025-05-19 16:08:55 Config: runmodes: enabling 'eve-log' module 'nfs'
[1 - Suricata-Main] 2025-05-19 16:08:55 Config: runmodes: enabling 'eve-log' module 'smb'
[1 - Suricata-Main] 2025-05-19 16:08:55 Config: runmodes: enabling 'eve-log' module 'tftp'
[1 - Suricata-Main] 2025-05-19 16:08:55 Config: runmodes: enabling 'eve-log' module 'ike'
[1 - Suricata-Main] 2025-05-19 16:08:55 Config: runmodes: enabling 'eve-log' module 'dcerpc'
[1 - Suricata-Main] 2025-05-19 16:08:55 Config: runmodes: enabling 'eve-log' module 'krb5'
[1 - Suricata-Main] 2025-05-19 16:08:55 Config: runmodes: enabling 'eve-log' module 'bittorrent-dht'
[1 - Suricata-Main] 2025-05-19 16:08:55 Config: runmodes: enabling 'eve-log' module 'snmp'
[1 - Suricata-Main] 2025-05-19 16:08:55 Config: runmodes: enabling 'eve-log' module 'rfb'
[1 - Suricata-Main] 2025-05-19 16:08:55 Config: runmodes: enabling 'eve-log' module 'sip'
[1 - Suricata-Main] 2025-05-19 16:08:55 Config: runmodes: enabling 'eve-log' module 'quic'
[1 - Suricata-Main] 2025-05-19 16:08:55 Config: runmodes: enabling 'eve-log' module 'dhcp'
[1 - Suricata-Main] 2025-05-19 16:08:55 Config: runmodes: enabling 'eve-log' module 'ssh'
[1 - Suricata-Main] 2025-05-19 16:08:55 Config: runmodes: enabling 'eve-log' module 'mqtt'
[1 - Suricata-Main] 2025-05-19 16:08:55 Config: runmodes: enabling 'eve-log' module 'http2'
[1 - Suricata-Main] 2025-05-19 16:08:55 Config: runmodes: enabling 'eve-log' module 'pgsql'
[1 - Suricata-Main] 2025-05-19 16:08:55 Config: runmodes: enabling 'eve-log' module 'stats'
[1 - Suricata-Main] 2025-05-19 16:08:55 Config: runmodes: enabling 'eve-log' module 'flow'
[1 - Suricata-Main] 2025-05-19 16:08:55 Info: logopenfile: stats output device (regular) initialized: stats.log
[1 - Suricata-Main] 2025-05-19 16:08:55 Config: landlock: Landlock is not enabled in configuration
[1 - Suricata-Main] 2025-05-19 16:08:55 Config: suricata: Delayed detect disabled
[1 - Suricata-Main] 2025-05-19 16:08:55 Config: detect: pattern matchers: MPM: ac, SPM: bm
[1 - Suricata-Main] 2025-05-19 16:08:55 Config: detect: grouping: tcp-whitelist (default) 53, 80, 139, 443, 445, 1433, 3306, 3389, 6666, 6667, 8080
[1 - Suricata-Main] 2025-05-19 16:08:55 Config: detect: grouping: udp-whitelist (default) 53, 135, 5060
[1 - Suricata-Main] 2025-05-19 16:08:55 Config: detect: prefilter engines: MPM
[1 - Suricata-Main] 2025-05-19 16:08:55 Config: reputation: IP reputation disabled
[1 - Suricata-Main] 2025-05-19 16:08:55 Config: detect: Loading rule file: /var/lib/suricata/rules/suricata.rules
[1 - Suricata-Main] 2025-05-19 16:08:57 Info: detect-fast-pattern: fast_pattern is ineffective with base64_data
[1 - Suricata-Main] 2025-05-19 16:08:57 Info: detect-fast-pattern: fast_pattern is ineffective with base64_data
[1 - Suricata-Main] 2025-05-19 16:08:57 Info: detect: 1 rule files processed. 42614 rules successfully loaded, 0 rules failed, 0
[1 - Suricata-Main] 2025-05-19 16:08:57 Info: threshold-config: Threshold config parsed: 0 rule(s) found
[1 - Suricata-Main] 2025-05-19 16:08:57 Info: detect: 42617 signatures processed. 1270 are IP-only rules, 4333 are inspecting packet payload, 36797 inspect application layer, 109 are decoder event only
[1 - Suricata-Main] 2025-05-19 16:08:57 Config: detect: building signature grouping structure, stage 1: preprocessing rules... complete
[1 - Suricata-Main] 2025-05-19 16:08:57 Perf: detect: TCP toserver: 41 port groups, 40 unique SGH's, 1 copies
[1 - Suricata-Main] 2025-05-19 16:08:57 Perf: detect: TCP toclient: 21 port groups, 21 unique SGH's, 0 copies
[1 - Suricata-Main] 2025-05-19 16:08:57 Perf: detect: UDP toserver: 41 port groups, 40 unique SGH's, 1 copies
[1 - Suricata-Main] 2025-05-19 16:08:57 Perf: detect: UDP toclient: 21 port groups, 17 unique SGH's, 4 copies
[1 - Suricata-Main] 2025-05-19 16:08:57 Perf: detect: OTHER toserver: 254 proto groups, 4 unique SGH's, 250 copies
[1 - Suricata-Main] 2025-05-19 16:08:57 Perf: detect: OTHER toclient: 254 proto groups, 0 unique SGH's, 254 copies
[1 - Suricata-Main] 2025-05-19 16:08:57 Perf: detect: Unique rule groups: 122
[1 - Suricata-Main] 2025-05-19 16:08:57 Perf: detect: Builtin MPM "toserver TCP packet": 31
[1 - Suricata-Main] 2025-05-19 16:08:57 Perf: detect: Builtin MPM "toclient TCP packet": 20
[1 - Suricata-Main] 2025-05-19 16:08:57 Perf: detect: Builtin MPM "toserver TCP stream": 34
[1 - Suricata-Main] 2025-05-19 16:08:57 Perf: detect: Builtin MPM "toclient TCP stream": 19
[1 - Suricata-Main] 2025-05-19 16:08:57 Perf: detect: Builtin MPM "toserver UDP packet": 40
[1 - Suricata-Main] 2025-05-19 16:08:57 Perf: detect: Builtin MPM "toclient UDP packet": 17
[1 - Suricata-Main] 2025-05-19 16:08:57 Perf: detect: Builtin MPM "other IP packet": 3
[1 - Suricata-Main] 2025-05-19 16:08:57 Perf: detect: AppLayer MPM "toserver http_uri (http)": 16
[1 - Suricata-Main] 2025-05-19 16:08:57 Perf: detect: AppLayer MPM "toserver http_uri (http2)": 16
[1 - Suricata-Main] 2025-05-19 16:08:57 Perf: detect: AppLayer MPM "toserver http_raw_uri (http)": 2
[1 - Suricata-Main] 2025-05-19 16:08:57 Perf: detect: AppLayer MPM "toserver http_raw_uri (http)": 2
[1 - Suricata-Main] 2025-05-19 16:08:57 Perf: detect: AppLayer MPM "toserver http_raw_uri (http2)": 2
[1 - Suricata-Main] 2025-05-19 16:08:57 Perf: detect: AppLayer MPM "toserver http_raw_uri (http2)": 2
[1 - Suricata-Main] 2025-05-19 16:08:57 Perf: detect: AppLayer MPM "toserver http_request_line (http)": 8
[1 - Suricata-Main] 2025-05-19 16:08:57 Perf: detect: AppLayer MPM "toserver http_request_line (http2)": 8
[1 - Suricata-Main] 2025-05-19 16:08:57 Perf: detect: AppLayer MPM "toserver http_client_body (http)": 14
[1 - Suricata-Main] 2025-05-19 16:08:57 Perf: detect: AppLayer MPM "toserver http_client_body (http)": 2
[1 - Suricata-Main] 2025-05-19 16:08:57 Perf: detect: AppLayer MPM "toserver http_client_body (http2)": 14
[1 - Suricata-Main] 2025-05-19 16:08:57 Perf: detect: AppLayer MPM "toserver http_client_body (http2)": 2
[1 - Suricata-Main] 2025-05-19 16:08:57 Perf: detect: AppLayer MPM "toclient http_response_line (http)": 2
[1 - Suricata-Main] 2025-05-19 16:08:57 Perf: detect: AppLayer MPM "toclient http_response_line (http2)": 2
[1 - Suricata-Main] 2025-05-19 16:08:57 Perf: detect: AppLayer MPM "toserver http_header (http)": 10
[1 - Suricata-Main] 2025-05-19 16:08:57 Perf: detect: AppLayer MPM "toserver http_header (http)": 1
[1 - Suricata-Main] 2025-05-19 16:08:57 Perf: detect: AppLayer MPM "toserver http_header (http)": 4
[1 - Suricata-Main] 2025-05-19 16:08:57 Perf: detect: AppLayer MPM "toserver http_header (http)": 4
[1 - Suricata-Main] 2025-05-19 16:08:57 Perf: detect: AppLayer MPM "toserver http_header (http)": 10
[1 - Suricata-Main] 2025-05-19 16:08:57 Perf: detect: AppLayer MPM "toclient http_header (http)": 10
[1 - Suricata-Main] 2025-05-19 16:08:57 Perf: detect: AppLayer MPM "toclient http_header (http)": 1
[1 - Suricata-Main] 2025-05-19 16:08:57 Perf: detect: AppLayer MPM "toclient http_header (http)": 4
[1 - Suricata-Main] 2025-05-19 16:08:57 Perf: detect: AppLayer MPM "toclient http_header (http)": 4
[1 - Suricata-Main] 2025-05-19 16:08:57 Perf: detect: AppLayer MPM "toclient http_header (http)": 10
[1 - Suricata-Main] 2025-05-19 16:08:57 Perf: detect: AppLayer MPM "toserver http_header (http2)": 10
[1 - Suricata-Main] 2025-05-19 16:08:57 Perf: detect: AppLayer MPM "toserver http_header (http2)": 1
[1 - Suricata-Main] 2025-05-19 16:08:57 Perf: detect: AppLayer MPM "toserver http_header (http2)": 4
[1 - Suricata-Main] 2025-05-19 16:08:57 Perf: detect: AppLayer MPM "toserver http_header (http2)": 4
[1 - Suricata-Main] 2025-05-19 16:08:57 Perf: detect: AppLayer MPM "toserver http_header (http2)": 10
[1 - Suricata-Main] 2025-05-19 16:08:57 Perf: detect: AppLayer MPM "toclient http_header (http2)": 10
[1 - Suricata-Main] 2025-05-19 16:08:57 Perf: detect: AppLayer MPM "toclient http_header (http2)": 1
[1 - Suricata-Main] 2025-05-19 16:08:57 Perf: detect: AppLayer MPM "toclient http_header (http2)": 4
[1 - Suricata-Main] 2025-05-19 16:08:57 Perf: detect: AppLayer MPM "toclient http_header (http2)": 4
[1 - Suricata-Main] 2025-05-19 16:08:57 Perf: detect: AppLayer MPM "toclient http_header (http2)": 10
[1 - Suricata-Main] 2025-05-19 16:08:57 Perf: detect: AppLayer MPM "toserver http_request_header (http2)": 2
[1 - Suricata-Main] 2025-05-19 16:08:57 Perf: detect: AppLayer MPM "toserver http_request_header (http2)": 4
[1 - Suricata-Main] 2025-05-19 16:08:57 Perf: detect: AppLayer MPM "toserver http_request_header (http)": 2
[1 - Suricata-Main] 2025-05-19 16:08:57 Perf: detect: AppLayer MPM "toserver http_request_header (http)": 4
[1 - Suricata-Main] 2025-05-19 16:08:57 Perf: detect: AppLayer MPM "toclient http_response_header (http2)": 2
[1 - Suricata-Main] 2025-05-19 16:08:57 Perf: detect: AppLayer MPM "toclient http_response_header (http2)": 2
[1 - Suricata-Main] 2025-05-19 16:08:57 Perf: detect: AppLayer MPM "toclient http_response_header (http2)": 2
[1 - Suricata-Main] 2025-05-19 16:08:57 Perf: detect: AppLayer MPM "toclient http_response_header (http2)": 2
[1 - Suricata-Main] 2025-05-19 16:08:57 Perf: detect: AppLayer MPM "toclient http_response_header (http)": 2
[1 - Suricata-Main] 2025-05-19 16:08:57 Perf: detect: AppLayer MPM "toclient http_response_header (http)": 2
[1 - Suricata-Main] 2025-05-19 16:08:57 Perf: detect: AppLayer MPM "toclient http_response_header (http)": 2
[1 - Suricata-Main] 2025-05-19 16:08:57 Perf: detect: AppLayer MPM "toclient http_response_header (http)": 2
[1 - Suricata-Main] 2025-05-19 16:08:57 Perf: detect: AppLayer MPM "toserver http_header_names (http)": 11
[1 - Suricata-Main] 2025-05-19 16:08:57 Perf: detect: AppLayer MPM "toserver http_header_names (http)": 1
[1 - Suricata-Main] 2025-05-19 16:08:57 Perf: detect: AppLayer MPM "toserver http_header_names (http)": 2
[1 - Suricata-Main] 2025-05-19 16:08:57 Perf: detect: AppLayer MPM "toserver http_header_names (http)": 4
[1 - Suricata-Main] 2025-05-19 16:08:57 Perf: detect: AppLayer MPM "toserver http_header_names (http)": 8
[1 - Suricata-Main] 2025-05-19 16:08:57 Perf: detect: AppLayer MPM "toclient http_header_names (http)": 11
[1 - Suricata-Main] 2025-05-19 16:08:57 Perf: detect: AppLayer MPM "toclient http_header_names (http)": 1
[1 - Suricata-Main] 2025-05-19 16:08:57 Perf: detect: AppLayer MPM "toclient http_header_names (http)": 2
[1 - Suricata-Main] 2025-05-19 16:08:57 Perf: detect: AppLayer MPM "toclient http_header_names (http)": 4
[1 - Suricata-Main] 2025-05-19 16:08:57 Perf: detect: AppLayer MPM "toclient http_header_names (http)": 8
[1 - Suricata-Main] 2025-05-19 16:08:57 Perf: detect: AppLayer MPM "toserver http_header_names (http2)": 11
[1 - Suricata-Main] 2025-05-19 16:08:57 Perf: detect: AppLayer MPM "toserver http_header_names (http2)": 1
[1 - Suricata-Main] 2025-05-19 16:08:57 Perf: detect: AppLayer MPM "toserver http_header_names (http2)": 2
[1 - Suricata-Main] 2025-05-19 16:08:57 Perf: detect: AppLayer MPM "toserver http_header_names (http2)": 4
[1 - Suricata-Main] 2025-05-19 16:08:57 Perf: detect: AppLayer MPM "toserver http_header_names (http2)": 8
[1 - Suricata-Main] 2025-05-19 16:08:57 Perf: detect: AppLayer MPM "toclient http_header_names (http2)": 11
[1 - Suricata-Main] 2025-05-19 16:08:57 Perf: detect: AppLayer MPM "toclient http_header_names (http2)": 1
[1 - Suricata-Main] 2025-05-19 16:08:57 Perf: detect: AppLayer MPM "toclient http_header_names (http2)": 2
[1 - Suricata-Main] 2025-05-19 16:08:57 Perf: detect: AppLayer MPM "toclient http_header_names (http2)": 4
[1 - Suricata-Main] 2025-05-19 16:08:57 Perf: detect: AppLayer MPM "toclient http_header_names (http2)": 8
[1 - Suricata-Main] 2025-05-19 16:08:57 Perf: detect: AppLayer MPM "toserver http_accept (http)": 8
[1 - Suricata-Main] 2025-05-19 16:08:57 Perf: detect: AppLayer MPM "toserver http_accept (http2)": 8
[1 - Suricata-Main] 2025-05-19 16:08:57 Perf: detect: AppLayer MPM "toserver http_accept_enc (http)": 2
[1 - Suricata-Main] 2025-05-19 16:08:57 Perf: detect: AppLayer MPM "toserver http_accept_enc (http2)": 2
[1 - Suricata-Main] 2025-05-19 16:08:57 Perf: detect: AppLayer MPM "toserver http_accept_lang (http)": 2
[1 - Suricata-Main] 2025-05-19 16:08:57 Perf: detect: AppLayer MPM "toserver http_accept_lang (http2)": 2
[1 - Suricata-Main] 2025-05-19 16:08:57 Perf: detect: AppLayer MPM "toserver http_referer (http)": 2
[1 - Suricata-Main] 2025-05-19 16:08:57 Perf: detect: AppLayer MPM "toserver http_referer (http2)": 2
[1 - Suricata-Main] 2025-05-19 16:08:57 Perf: detect: AppLayer MPM "toserver http_connection (http)": 2
[1 - Suricata-Main] 2025-05-19 16:08:57 Perf: detect: AppLayer MPM "toserver http_connection (http2)": 2
[1 - Suricata-Main] 2025-05-19 16:08:57 Perf: detect: AppLayer MPM "toclient http_connection (http)": 2
[1 - Suricata-Main] 2025-05-19 16:08:57 Perf: detect: AppLayer MPM "toclient http_connection (http2)": 2
[1 - Suricata-Main] 2025-05-19 16:08:57 Perf: detect: AppLayer MPM "toserver http_content_len (http)": 4
[1 - Suricata-Main] 2025-05-19 16:08:57 Perf: detect: AppLayer MPM "toserver http_content_len (http2)": 4
[1 - Suricata-Main] 2025-05-19 16:08:57 Perf: detect: AppLayer MPM "toclient http_content_len (http)": 4
[1 - Suricata-Main] 2025-05-19 16:08:57 Perf: detect: AppLayer MPM "toclient http_content_len (http2)": 4
[1 - Suricata-Main] 2025-05-19 16:08:57 Perf: detect: AppLayer MPM "toserver http_content_type (http)": 4
[1 - Suricata-Main] 2025-05-19 16:08:57 Perf: detect: AppLayer MPM "toserver http_content_type (http2)": 4
[1 - Suricata-Main] 2025-05-19 16:08:57 Perf: detect: AppLayer MPM "toclient http_content_type (http)": 4
[1 - Suricata-Main] 2025-05-19 16:08:57 Perf: detect: AppLayer MPM "toclient http_content_type (http2)": 4
[1 - Suricata-Main] 2025-05-19 16:08:57 Perf: detect: AppLayer MPM "toclient http.server (http)": 4
[1 - Suricata-Main] 2025-05-19 16:08:57 Perf: detect: AppLayer MPM "toclient http.server (http2)": 4
[1 - Suricata-Main] 2025-05-19 16:08:57 Perf: detect: AppLayer MPM "toclient http.location (http)": 2
[1 - Suricata-Main] 2025-05-19 16:08:57 Perf: detect: AppLayer MPM "toclient http.location (http2)": 2
[1 - Suricata-Main] 2025-05-19 16:08:57 Perf: detect: AppLayer MPM "toserver http_start (http)": 6
[1 - Suricata-Main] 2025-05-19 16:08:57 Perf: detect: AppLayer MPM "toclient http_start (http)": 6
[1 - Suricata-Main] 2025-05-19 16:08:57 Perf: detect: AppLayer MPM "toserver http_raw_header (http)": 4
[1 - Suricata-Main] 2025-05-19 16:08:57 Perf: detect: AppLayer MPM "toserver http_raw_header (http)": 2
[1 - Suricata-Main] 2025-05-19 16:08:57 Perf: detect: AppLayer MPM "toserver http_raw_header (http)": 4
[1 - Suricata-Main] 2025-05-19 16:08:57 Perf: detect: AppLayer MPM "toclient http_raw_header (http)": 4
[1 - Suricata-Main] 2025-05-19 16:08:57 Perf: detect: AppLayer MPM "toclient http_raw_header (http)": 2
[1 - Suricata-Main] 2025-05-19 16:08:57 Perf: detect: AppLayer MPM "toclient http_raw_header (http)": 4
[1 - Suricata-Main] 2025-05-19 16:08:57 Perf: detect: AppLayer MPM "toserver http_raw_header (http2)": 4
[1 - Suricata-Main] 2025-05-19 16:08:57 Perf: detect: AppLayer MPM "toserver http_raw_header (http2)": 2
[1 - Suricata-Main] 2025-05-19 16:08:57 Perf: detect: AppLayer MPM "toserver http_raw_header (http2)": 4
[1 - Suricata-Main] 2025-05-19 16:08:57 Perf: detect: AppLayer MPM "toclient http_raw_header (http2)": 4
[1 - Suricata-Main] 2025-05-19 16:08:57 Perf: detect: AppLayer MPM "toclient http_raw_header (http2)": 2
[1 - Suricata-Main] 2025-05-19 16:08:57 Perf: detect: AppLayer MPM "toclient http_raw_header (http2)": 4
[1 - Suricata-Main] 2025-05-19 16:08:57 Perf: detect: AppLayer MPM "toserver http_method (http)": 4
[1 - Suricata-Main] 2025-05-19 16:08:57 Perf: detect: AppLayer MPM "toserver http_method (http2)": 4
[1 - Suricata-Main] 2025-05-19 16:08:57 Perf: detect: AppLayer MPM "toserver http_cookie (http)": 8
[1 - Suricata-Main] 2025-05-19 16:08:57 Perf: detect: AppLayer MPM "toclient http_cookie (http)": 8
[1 - Suricata-Main] 2025-05-19 16:08:57 Perf: detect: AppLayer MPM "toserver http_cookie (http2)": 8
[1 - Suricata-Main] 2025-05-19 16:08:57 Perf: detect: AppLayer MPM "toclient http_cookie (http2)": 8
[1 - Suricata-Main] 2025-05-19 16:08:57 Perf: detect: AppLayer MPM "toserver http_user_agent (http)": 15
[1 - Suricata-Main] 2025-05-19 16:08:57 Perf: detect: AppLayer MPM "toserver http_user_agent (http2)": 15
[1 - Suricata-Main] 2025-05-19 16:08:57 Perf: detect: AppLayer MPM "toserver http_host (http)": 2
[1 - Suricata-Main] 2025-05-19 16:08:57 Perf: detect: AppLayer MPM "toserver http_host (http)": 4
[1 - Suricata-Main] 2025-05-19 16:08:57 Perf: detect: AppLayer MPM "toserver http_host (http2)": 2
[1 - Suricata-Main] 2025-05-19 16:08:57 Perf: detect: AppLayer MPM "toserver http_host (http2)": 4
[1 - Suricata-Main] 2025-05-19 16:08:57 Perf: detect: AppLayer MPM "toserver http_raw_host (http)": 2
[1 - Suricata-Main] 2025-05-19 16:08:57 Perf: detect: AppLayer MPM "toserver http_raw_host (http2)": 2
[1 - Suricata-Main] 2025-05-19 16:08:57 Perf: detect: AppLayer MPM "toclient http_stat_code (http)": 4
[1 - Suricata-Main] 2025-05-19 16:08:57 Perf: detect: AppLayer MPM "toclient http_stat_code (http2)": 4
[1 - Suricata-Main] 2025-05-19 16:08:57 Perf: detect: AppLayer MPM "toserver dns_query (dns)": 2
[1 - Suricata-Main] 2025-05-19 16:08:57 Perf: detect: AppLayer MPM "toserver dns_query (dns)": 1
[1 - Suricata-Main] 2025-05-19 16:08:57 Perf: detect: AppLayer MPM "toserver tls.sni (tls)": 3
[1 - Suricata-Main] 2025-05-19 16:08:57 Perf: detect: AppLayer MPM "toserver tls.sni (tls)": 1
[1 - Suricata-Main] 2025-05-19 16:08:57 Perf: detect: AppLayer MPM "toserver tls.cert_issuer (tls)": 6
[1 - Suricata-Main] 2025-05-19 16:08:57 Perf: detect: AppLayer MPM "toclient tls.cert_issuer (tls)": 6
[1 - Suricata-Main] 2025-05-19 16:08:57 Perf: detect: AppLayer MPM "toserver tls.cert_subject (tls)": 4
[1 - Suricata-Main] 2025-05-19 16:08:57 Perf: detect: AppLayer MPM "toclient tls.cert_subject (tls)": 4
[1 - Suricata-Main] 2025-05-19 16:08:57 Perf: detect: AppLayer MPM "toclient tls.cert_serial (tls)": 2
[1 - Suricata-Main] 2025-05-19 16:08:57 Perf: detect: AppLayer MPM "toserver tls.cert_serial (tls)": 2
[1 - Suricata-Main] 2025-05-19 16:08:57 Perf: detect: AppLayer MPM "toclient tls.cert_fingerprint (tls)": 1
[1 - Suricata-Main] 2025-05-19 16:08:57 Perf: detect: AppLayer MPM "toserver tls.cert_fingerprint (tls)": 1
[1 - Suricata-Main] 2025-05-19 16:08:57 Perf: detect: AppLayer MPM "toclient tls.certs (tls)": 2
[1 - Suricata-Main] 2025-05-19 16:08:57 Perf: detect: AppLayer MPM "toserver tls.certs (tls)": 2
[1 - Suricata-Main] 2025-05-19 16:08:57 Perf: detect: AppLayer MPM "toserver ja3.hash (tls)": 2
[1 - Suricata-Main] 2025-05-19 16:08:57 Perf: detect: AppLayer MPM "toserver ja3.hash (quic)": 2
[1 - Suricata-Main] 2025-05-19 16:08:57 Perf: detect: AppLayer MPM "toclient ja3s.hash (tls)": 1
[1 - Suricata-Main] 2025-05-19 16:08:57 Perf: detect: AppLayer MPM "toclient ja3s.hash (quic)": 1
[1 - Suricata-Main] 2025-05-19 16:08:57 Perf: detect: AppLayer MPM "toserver ssh.proto (ssh)": 1
[1 - Suricata-Main] 2025-05-19 16:08:57 Perf: detect: AppLayer MPM "toclient ssh.proto (ssh)": 1
[1 - Suricata-Main] 2025-05-19 16:08:57 Perf: detect: AppLayer MPM "toclient file_data (nfs)": 17
[1 - Suricata-Main] 2025-05-19 16:08:57 Perf: detect: AppLayer MPM "toclient file_data (nfs)": 2
[1 - Suricata-Main] 2025-05-19 16:08:57 Perf: detect: AppLayer MPM "toserver file_data (nfs)": 17
[1 - Suricata-Main] 2025-05-19 16:08:57 Perf: detect: AppLayer MPM "toserver file_data (nfs)": 2
[1 - Suricata-Main] 2025-05-19 16:08:57 Perf: detect: AppLayer MPM "toclient file_data (smb)": 17
[1 - Suricata-Main] 2025-05-19 16:08:57 Perf: detect: AppLayer MPM "toclient file_data (smb)": 2
[1 - Suricata-Main] 2025-05-19 16:08:57 Perf: detect: AppLayer MPM "toserver file_data (smb)": 17
[1 - Suricata-Main] 2025-05-19 16:08:57 Perf: detect: AppLayer MPM "toserver file_data (smb)": 2
[1 - Suricata-Main] 2025-05-19 16:08:57 Perf: detect: AppLayer MPM "toclient file_data (ftp)": 17
[1 - Suricata-Main] 2025-05-19 16:08:57 Perf: detect: AppLayer MPM "toclient file_data (ftp)": 2
[1 - Suricata-Main] 2025-05-19 16:08:57 Perf: detect: AppLayer MPM "toserver file_data (ftp)": 17
[1 - Suricata-Main] 2025-05-19 16:08:57 Perf: detect: AppLayer MPM "toserver file_data (ftp)": 2
[1 - Suricata-Main] 2025-05-19 16:08:57 Perf: detect: AppLayer MPM "toclient file_data (ftp-data)": 17
[1 - Suricata-Main] 2025-05-19 16:08:57 Perf: detect: AppLayer MPM "toclient file_data (ftp-data)": 2
[1 - Suricata-Main] 2025-05-19 16:08:57 Perf: detect: AppLayer MPM "toserver file_data (ftp-data)": 17
[1 - Suricata-Main] 2025-05-19 16:08:57 Perf: detect: AppLayer MPM "toserver file_data (ftp-data)": 2
[1 - Suricata-Main] 2025-05-19 16:08:57 Perf: detect: AppLayer MPM "toclient file_data (http)": 17
[1 - Suricata-Main] 2025-05-19 16:08:57 Perf: detect: AppLayer MPM "toclient file_data (http)": 2
[1 - Suricata-Main] 2025-05-19 16:08:57 Perf: detect: AppLayer MPM "toserver file_data (http)": 17
[1 - Suricata-Main] 2025-05-19 16:08:57 Perf: detect: AppLayer MPM "toserver file_data (http)": 2
[1 - Suricata-Main] 2025-05-19 16:08:57 Perf: detect: AppLayer MPM "toclient file_data (http2)": 17
[1 - Suricata-Main] 2025-05-19 16:08:57 Perf: detect: AppLayer MPM "toclient file_data (http2)": 2
[1 - Suricata-Main] 2025-05-19 16:08:57 Perf: detect: AppLayer MPM "toserver file_data (http2)": 17
[1 - Suricata-Main] 2025-05-19 16:08:57 Perf: detect: AppLayer MPM "toserver file_data (http2)": 2
[1 - Suricata-Main] 2025-05-19 16:08:57 Perf: detect: AppLayer MPM "toserver file_data (smtp)": 17
[1 - Suricata-Main] 2025-05-19 16:08:57 Perf: detect: AppLayer MPM "toserver file_data (smtp)": 2
[1 - Suricata-Main] 2025-05-19 16:08:57 Perf: detect: Pkt MPM "icmpv6.hdr": 1
[1 - Suricata-Main] 2025-05-19 16:08:57 Perf: detect: Pkt MPM "ipv6.hdr": 1
[1 - Suricata-Main] 2025-05-19 16:09:00 Config: af-packet: enp0s3: using flow cluster mode for AF_PACKET
[1 - Suricata-Main] 2025-05-19 16:09:00 Perf: af-packet: enp0s3: cluster_flow: 5 cores, using 5 threads
[1 - Suricata-Main] 2025-05-19 16:09:00 Perf: ioctl: enp0s3: disabling gro offloading
[1 - Suricata-Main] 2025-05-19 16:09:00 Perf: ioctl: enp0s3: disabling tso offloading
[1 - Suricata-Main] 2025-05-19 16:09:00 Perf: ioctl: enp0s3: disabling gso offloading
[1 - Suricata-Main] 2025-05-19 16:09:00 Perf: ioctl: enp0s3: disabling sg offloading
[1 - Suricata-Main] 2025-05-19 16:09:00 Warning: af-packet: enp0s3: AF_PACKET tpacket-v3 is recommended for non-inline operation
[1 - Suricata-Main] 2025-05-19 16:09:00 Info: runmodes: enp0s3: creating 5 threads
[1 - Suricata-Main] 2025-05-19 16:09:00 Config: flow-manager: using 1 flow manager threads
[1 - Suricata-Main] 2025-05-19 16:09:00 Config: flow-manager: using 1 flow recycler threads
[1 - Suricata-Main] 2025-05-19 16:09:00 Info: unix-manager: unix socket '/var/run/suricata/suricata-command.socket'
[11 - W#01-enp0s3] 2025-05-19 16:09:00 Config: af-packet: enp0s3: defrag enabled, setting snaplen to 9216
[11 - W#01-enp0s3] 2025-05-19 16:09:00 Perf: af-packet: enp0s3: rx ring: block_size=131072 block_nr=30 frame_size=9296 frame_nr=420
[12 - W#02-enp0s3] 2025-05-19 16:09:00 Config: af-packet: enp0s3: defrag enabled, setting snaplen to 9216
[12 - W#02-enp0s3] 2025-05-19 16:09:00 Perf: af-packet: enp0s3: rx ring: block_size=131072 block_nr=30 frame_size=9296 frame_nr=420
[13 - W#03-enp0s3] 2025-05-19 16:09:00 Config: af-packet: enp0s3: defrag enabled, setting snaplen to 9216
[13 - W#03-enp0s3] 2025-05-19 16:09:00 Perf: af-packet: enp0s3: rx ring: block_size=131072 block_nr=30 frame_size=9296 frame_nr=420
[14 - W#04-enp0s3] 2025-05-19 16:09:00 Config: af-packet: enp0s3: defrag enabled, setting snaplen to 9216
[14 - W#04-enp0s3] 2025-05-19 16:09:00 Perf: af-packet: enp0s3: rx ring: block_size=131072 block_nr=30 frame_size=9296 frame_nr=420
[15 - W#05-enp0s3] 2025-05-19 16:09:00 Config: af-packet: enp0s3: defrag enabled, setting snaplen to 9216
[15 - W#05-enp0s3] 2025-05-19 16:09:00 Perf: af-packet: enp0s3: rx ring: block_size=131072 block_nr=30 frame_size=9296 frame_nr=420
[1 - Suricata-Main] 2025-05-19 16:09:00 Notice: threads: Threads created -> W: 5 FM: 1 FR: 1   Engine started.
[1 - Suricata-Main] 2025-05-19 16:09:51 Notice: suricata: Signal Received.  Stopping engine.
[1 - Suricata-Main] 2025-05-19 16:09:51 Info: suricata: time elapsed 51.226s
[17 - FR#01] 2025-05-19 16:09:52 Perf: flow-manager: 122 flows processed
[11 - W#01-enp0s3] 2025-05-19 16:09:52 Perf: af-packet: enp0s3: (W#01-enp0s3) kernel: Packets 4786, dropped 0
[12 - W#02-enp0s3] 2025-05-19 16:09:52 Perf: af-packet: enp0s3: (W#02-enp0s3) kernel: Packets 227, dropped 0
[13 - W#03-enp0s3] 2025-05-19 16:09:52 Perf: af-packet: enp0s3: (W#03-enp0s3) kernel: Packets 176, dropped 0
[14 - W#04-enp0s3] 2025-05-19 16:09:52 Perf: af-packet: enp0s3: (W#04-enp0s3) kernel: Packets 238, dropped 0
[15 - W#05-enp0s3] 2025-05-19 16:09:52 Perf: af-packet: enp0s3: (W#05-enp0s3) kernel: Packets 159, dropped 0
[1 - Suricata-Main] 2025-05-19 16:09:52 Info: counters: Alerts: 0
[1 - Suricata-Main] 2025-05-19 16:09:52 Perf: ippair: ippair memory usage: 414144 bytes, maximum: 16777216
[1 - Suricata-Main] 2025-05-19 16:09:52 Perf: host: host memory usage: 398144 bytes, maximum: 33554432
[1 - Suricata-Main] 2025-05-19 16:09:52 Notice: device: enp0s3: packets: 5586, drops: 0 (0.00%), invalid chksum: 0
[1 - Suricata-Main] 2025-05-19 16:09:52 Perf: ioctl: enp0s3: restoring gro offloading
[1 - Suricata-Main] 2025-05-19 16:09:52 Perf: ioctl: enp0s3: restoring tso offloading
[1 - Suricata-Main] 2025-05-19 16:09:52 Perf: ioctl: enp0s3: restoring gso offloading
[1 - Suricata-Main] 2025-05-19 16:09:52 Perf: ioctl: enp0s3: restoring sg offloading
[1 - Suricata-Main] 2025-05-19 17:20:21 Notice: suricata: This is Suricata version 7.0.10 RELEASE running in SYSTEM mode
[1 - Suricata-Main] 2025-05-19 17:20:21 Info: cpu: CPUs/cores online: 5
[1 - Suricata-Main] 2025-05-19 17:20:21 Info: suricata: Setting engine mode to IDS mode by default
[1 - Suricata-Main] 2025-05-19 17:20:21 Info: exception-policy: master exception-policy set to: auto
[1 - Suricata-Main] 2025-05-19 17:20:21 Config: exception-policy: app-layer.error-policy: ignore (defined via 'exception-policy' master switch)
[1 - Suricata-Main] 2025-05-19 17:20:21 Config: app-layer-htp: 'default' server has 'request-body-minimal-inspect-size' set to 32802 and 'request-body-inspect-window' set to 3965 after randomization.
[1 - Suricata-Main] 2025-05-19 17:20:21 Config: app-layer-htp: 'default' server has 'response-body-minimal-inspect-size' set to 39248 and 'response-body-inspect-window' set to 16096 after randomization.
[1 - Suricata-Main] 2025-05-19 17:20:21 Config: smb: read: max record size: 16777216, max queued chunks 64, max queued size 67108864
[1 - Suricata-Main] 2025-05-19 17:20:21 Config: smb: write: max record size: 16777216, max queued chunks 64, max queued size 67108864
[1 - Suricata-Main] 2025-05-19 17:20:21 Config: app-layer-enip: Protocol detection and parser disabled for enip protocol.
[1 - Suricata-Main] 2025-05-19 17:20:21 Config: app-layer-dnp3: Protocol detection and parser disabled for DNP3.
[1 - Suricata-Main] 2025-05-19 17:20:21 Config: host: allocated 262144 bytes of memory for the host hash... 4096 buckets of size 64
[1 - Suricata-Main] 2025-05-19 17:20:21 Config: host: preallocated 1000 hosts of size 136
[1 - Suricata-Main] 2025-05-19 17:20:21 Config: host: host memory usage: 398144 bytes, maximum: 33554432
[1 - Suricata-Main] 2025-05-19 17:20:21 Config: coredump-config: Core dump size is unlimited.
[1 - Suricata-Main] 2025-05-19 17:20:21 Config: exception-policy: defrag.memcap-policy: ignore (defined via 'exception-policy' master switch)
[1 - Suricata-Main] 2025-05-19 17:20:21 Config: defrag-hash: allocated 3670016 bytes of memory for the defrag hash... 65536 buckets of size 56
[1 - Suricata-Main] 2025-05-19 17:20:21 Config: defrag-hash: preallocated 65535 defrag trackers of size 160
[1 - Suricata-Main] 2025-05-19 17:20:21 Config: defrag-hash: defrag memory usage: 14155616 bytes, maximum: 33554432
[1 - Suricata-Main] 2025-05-19 17:20:21 Config: exception-policy: flow.memcap-policy: ignore (defined via 'exception-policy' master switch)
[1 - Suricata-Main] 2025-05-19 17:20:21 Config: flow: flow size 304, memcap allows for 441505 flows. Per hash row in perfect conditions 6
[1 - Suricata-Main] 2025-05-19 17:20:21 Config: stream-tcp: stream "prealloc-sessions": 2048 (per thread)
[1 - Suricata-Main] 2025-05-19 17:20:21 Config: stream-tcp: stream "memcap": 67108864
[1 - Suricata-Main] 2025-05-19 17:20:21 Config: stream-tcp: stream "midstream" session pickups: disabled
[1 - Suricata-Main] 2025-05-19 17:20:21 Config: stream-tcp: stream "async-oneside": disabled
[1 - Suricata-Main] 2025-05-19 17:20:21 Config: stream-tcp: stream "checksum-validation": enabled
[1 - Suricata-Main] 2025-05-19 17:20:21 Config: exception-policy: stream.memcap-policy: ignore (defined via 'exception-policy' master switch)
[1 - Suricata-Main] 2025-05-19 17:20:21 Config: exception-policy: stream.reassembly.memcap-policy: ignore (defined via 'exception-policy' master switch)
[1 - Suricata-Main] 2025-05-19 17:20:21 Config: exception-policy: stream.midstream-policy: ignore (defined via 'exception-policy' master switch)
[1 - Suricata-Main] 2025-05-19 17:20:21 Config: stream-tcp: stream."inline": disabled
[1 - Suricata-Main] 2025-05-19 17:20:21 Config: stream-tcp: stream "bypass": disabled
[1 - Suricata-Main] 2025-05-19 17:20:21 Config: stream-tcp: stream.reassembly.urgent.policy": inline
[1 - Suricata-Main] 2025-05-19 17:20:21 Config: stream-tcp: stream "max-syn-queued": 10
[1 - Suricata-Main] 2025-05-19 17:20:21 Config: stream-tcp: stream "max-synack-queued": 5
[1 - Suricata-Main] 2025-05-19 17:20:21 Config: stream-tcp: stream.reassembly "memcap": 268435456
[1 - Suricata-Main] 2025-05-19 17:20:21 Config: stream-tcp: stream.reassembly "depth": 1048576
[1 - Suricata-Main] 2025-05-19 17:20:21 Config: stream-tcp: stream.reassembly "toserver-chunk-size": 2509
[1 - Suricata-Main] 2025-05-19 17:20:21 Config: stream-tcp: stream.reassembly "toclient-chunk-size": 2652
[1 - Suricata-Main] 2025-05-19 17:20:21 Config: stream-tcp: stream.reassembly.raw: enabled
[1 - Suricata-Main] 2025-05-19 17:20:21 Config: stream-tcp: stream.liberal-timestamps: disabled
[1 - Suricata-Main] 2025-05-19 17:20:21 Config: stream-tcp-reassemble: stream.reassembly "segment-prealloc": 2048
[1 - Suricata-Main] 2025-05-19 17:20:21 Config: stream-tcp-reassemble: stream.reassembly "max-regions": 8
[1 - Suricata-Main] 2025-05-19 17:20:21 Info: conf: Running in live mode, activating unix socket
[1 - Suricata-Main] 2025-05-19 17:20:21 Info: logopenfile: fast output device (regular) initialized: fast.log
[1 - Suricata-Main] 2025-05-19 17:20:21 Info: logopenfile: eve-log output device (regular) initialized: eve.json
[1 - Suricata-Main] 2025-05-19 17:20:21 Config: runmodes: enabling 'eve-log' module 'alert'
[1 - Suricata-Main] 2025-05-19 17:20:21 Config: runmodes: enabling 'eve-log' module 'frame'
[1 - Suricata-Main] 2025-05-19 17:20:21 Config: runmodes: enabling 'eve-log' module 'anomaly'
[1 - Suricata-Main] 2025-05-19 17:20:21 Config: runmodes: enabling 'eve-log' module 'http'
[1 - Suricata-Main] 2025-05-19 17:20:21 Config: runmodes: enabling 'eve-log' module 'dns'
[1 - Suricata-Main] 2025-05-19 17:20:21 Config: runmodes: enabling 'eve-log' module 'tls'
[1 - Suricata-Main] 2025-05-19 17:20:21 Config: runmodes: enabling 'eve-log' module 'files'
[1 - Suricata-Main] 2025-05-19 17:20:21 Config: runmodes: enabling 'eve-log' module 'smtp'
[1 - Suricata-Main] 2025-05-19 17:20:21 Config: runmodes: enabling 'eve-log' module 'ftp'
[1 - Suricata-Main] 2025-05-19 17:20:21 Config: runmodes: enabling 'eve-log' module 'rdp'
[1 - Suricata-Main] 2025-05-19 17:20:21 Config: runmodes: enabling 'eve-log' module 'nfs'
[1 - Suricata-Main] 2025-05-19 17:20:21 Config: runmodes: enabling 'eve-log' module 'smb'
[1 - Suricata-Main] 2025-05-19 17:20:21 Config: runmodes: enabling 'eve-log' module 'tftp'
[1 - Suricata-Main] 2025-05-19 17:20:21 Config: runmodes: enabling 'eve-log' module 'ike'
[1 - Suricata-Main] 2025-05-19 17:20:21 Config: runmodes: enabling 'eve-log' module 'dcerpc'
[1 - Suricata-Main] 2025-05-19 17:20:21 Config: runmodes: enabling 'eve-log' module 'krb5'
[1 - Suricata-Main] 2025-05-19 17:20:21 Config: runmodes: enabling 'eve-log' module 'bittorrent-dht'
[1 - Suricata-Main] 2025-05-19 17:20:21 Config: runmodes: enabling 'eve-log' module 'snmp'
[1 - Suricata-Main] 2025-05-19 17:20:21 Config: runmodes: enabling 'eve-log' module 'rfb'
[1 - Suricata-Main] 2025-05-19 17:20:21 Config: runmodes: enabling 'eve-log' module 'sip'
[1 - Suricata-Main] 2025-05-19 17:20:21 Config: runmodes: enabling 'eve-log' module 'quic'
[1 - Suricata-Main] 2025-05-19 17:20:21 Config: runmodes: enabling 'eve-log' module 'dhcp'
[1 - Suricata-Main] 2025-05-19 17:20:21 Config: runmodes: enabling 'eve-log' module 'ssh'
[1 - Suricata-Main] 2025-05-19 17:20:21 Config: runmodes: enabling 'eve-log' module 'mqtt'
[1 - Suricata-Main] 2025-05-19 17:20:21 Config: runmodes: enabling 'eve-log' module 'http2'
[1 - Suricata-Main] 2025-05-19 17:20:21 Config: runmodes: enabling 'eve-log' module 'pgsql'
[1 - Suricata-Main] 2025-05-19 17:20:21 Config: runmodes: enabling 'eve-log' module 'stats'
[1 - Suricata-Main] 2025-05-19 17:20:21 Config: runmodes: enabling 'eve-log' module 'flow'
[1 - Suricata-Main] 2025-05-19 17:20:21 Info: logopenfile: stats output device (regular) initialized: stats.log
[1 - Suricata-Main] 2025-05-19 17:20:21 Config: landlock: Landlock is not enabled in configuration
[1 - Suricata-Main] 2025-05-19 17:20:21 Config: suricata: Delayed detect disabled
[1 - Suricata-Main] 2025-05-19 17:20:21 Config: detect: pattern matchers: MPM: ac, SPM: bm
[1 - Suricata-Main] 2025-05-19 17:20:21 Config: detect: grouping: tcp-whitelist (default) 53, 80, 139, 443, 445, 1433, 3306, 3389, 6666, 6667, 8080
[1 - Suricata-Main] 2025-05-19 17:20:21 Config: detect: grouping: udp-whitelist (default) 53, 135, 5060
[1 - Suricata-Main] 2025-05-19 17:20:21 Config: detect: prefilter engines: MPM
[1 - Suricata-Main] 2025-05-19 17:20:21 Config: reputation: IP reputation disabled
[1 - Suricata-Main] 2025-05-19 17:20:21 Config: detect: Loading rule file: /var/lib/suricata/rules/suricata.rules
[1 - Suricata-Main] 2025-05-19 17:20:22 Info: detect-fast-pattern: fast_pattern is ineffective with base64_data
[1 - Suricata-Main] 2025-05-19 17:20:22 Info: detect-fast-pattern: fast_pattern is ineffective with base64_data
[1 - Suricata-Main] 2025-05-19 17:20:22 Info: detect: 1 rule files processed. 42614 rules successfully loaded, 0 rules failed, 0
[1 - Suricata-Main] 2025-05-19 17:20:22 Info: threshold-config: Threshold config parsed: 0 rule(s) found
[1 - Suricata-Main] 2025-05-19 17:20:22 Info: detect: 42617 signatures processed. 1270 are IP-only rules, 4333 are inspecting packet payload, 36797 inspect application layer, 109 are decoder event only
[1 - Suricata-Main] 2025-05-19 17:20:22 Config: detect: building signature grouping structure, stage 1: preprocessing rules... complete
[1 - Suricata-Main] 2025-05-19 17:20:22 Perf: detect: TCP toserver: 41 port groups, 40 unique SGH's, 1 copies
[1 - Suricata-Main] 2025-05-19 17:20:22 Perf: detect: TCP toclient: 21 port groups, 21 unique SGH's, 0 copies
[1 - Suricata-Main] 2025-05-19 17:20:22 Perf: detect: UDP toserver: 41 port groups, 40 unique SGH's, 1 copies
[1 - Suricata-Main] 2025-05-19 17:20:22 Perf: detect: UDP toclient: 21 port groups, 17 unique SGH's, 4 copies
[1 - Suricata-Main] 2025-05-19 17:20:22 Perf: detect: OTHER toserver: 254 proto groups, 4 unique SGH's, 250 copies
[1 - Suricata-Main] 2025-05-19 17:20:22 Perf: detect: OTHER toclient: 254 proto groups, 0 unique SGH's, 254 copies
[1 - Suricata-Main] 2025-05-19 17:20:23 Perf: detect: Unique rule groups: 122
[1 - Suricata-Main] 2025-05-19 17:20:23 Perf: detect: Builtin MPM "toserver TCP packet": 31
[1 - Suricata-Main] 2025-05-19 17:20:23 Perf: detect: Builtin MPM "toclient TCP packet": 20
[1 - Suricata-Main] 2025-05-19 17:20:23 Perf: detect: Builtin MPM "toserver TCP stream": 34
[1 - Suricata-Main] 2025-05-19 17:20:23 Perf: detect: Builtin MPM "toclient TCP stream": 19
[1 - Suricata-Main] 2025-05-19 17:20:23 Perf: detect: Builtin MPM "toserver UDP packet": 40
[1 - Suricata-Main] 2025-05-19 17:20:23 Perf: detect: Builtin MPM "toclient UDP packet": 17
[1 - Suricata-Main] 2025-05-19 17:20:23 Perf: detect: Builtin MPM "other IP packet": 3
[1 - Suricata-Main] 2025-05-19 17:20:23 Perf: detect: AppLayer MPM "toserver http_uri (http)": 16
[1 - Suricata-Main] 2025-05-19 17:20:23 Perf: detect: AppLayer MPM "toserver http_uri (http2)": 16
[1 - Suricata-Main] 2025-05-19 17:20:23 Perf: detect: AppLayer MPM "toserver http_raw_uri (http)": 2
[1 - Suricata-Main] 2025-05-19 17:20:23 Perf: detect: AppLayer MPM "toserver http_raw_uri (http)": 2
[1 - Suricata-Main] 2025-05-19 17:20:23 Perf: detect: AppLayer MPM "toserver http_raw_uri (http2)": 2
[1 - Suricata-Main] 2025-05-19 17:20:23 Perf: detect: AppLayer MPM "toserver http_raw_uri (http2)": 2
[1 - Suricata-Main] 2025-05-19 17:20:23 Perf: detect: AppLayer MPM "toserver http_request_line (http)": 8
[1 - Suricata-Main] 2025-05-19 17:20:23 Perf: detect: AppLayer MPM "toserver http_request_line (http2)": 8
[1 - Suricata-Main] 2025-05-19 17:20:23 Perf: detect: AppLayer MPM "toserver http_client_body (http)": 14
[1 - Suricata-Main] 2025-05-19 17:20:23 Perf: detect: AppLayer MPM "toserver http_client_body (http)": 2
[1 - Suricata-Main] 2025-05-19 17:20:23 Perf: detect: AppLayer MPM "toserver http_client_body (http2)": 14
[1 - Suricata-Main] 2025-05-19 17:20:23 Perf: detect: AppLayer MPM "toserver http_client_body (http2)": 2
[1 - Suricata-Main] 2025-05-19 17:20:23 Perf: detect: AppLayer MPM "toclient http_response_line (http)": 2
[1 - Suricata-Main] 2025-05-19 17:20:23 Perf: detect: AppLayer MPM "toclient http_response_line (http2)": 2
[1 - Suricata-Main] 2025-05-19 17:20:23 Perf: detect: AppLayer MPM "toserver http_header (http)": 10
[1 - Suricata-Main] 2025-05-19 17:20:23 Perf: detect: AppLayer MPM "toserver http_header (http)": 1
[1 - Suricata-Main] 2025-05-19 17:20:23 Perf: detect: AppLayer MPM "toserver http_header (http)": 4
[1 - Suricata-Main] 2025-05-19 17:20:23 Perf: detect: AppLayer MPM "toserver http_header (http)": 4
[1 - Suricata-Main] 2025-05-19 17:20:23 Perf: detect: AppLayer MPM "toserver http_header (http)": 10
[1 - Suricata-Main] 2025-05-19 17:20:23 Perf: detect: AppLayer MPM "toclient http_header (http)": 10
[1 - Suricata-Main] 2025-05-19 17:20:23 Perf: detect: AppLayer MPM "toclient http_header (http)": 1
[1 - Suricata-Main] 2025-05-19 17:20:23 Perf: detect: AppLayer MPM "toclient http_header (http)": 4
[1 - Suricata-Main] 2025-05-19 17:20:23 Perf: detect: AppLayer MPM "toclient http_header (http)": 4
[1 - Suricata-Main] 2025-05-19 17:20:23 Perf: detect: AppLayer MPM "toclient http_header (http)": 10
[1 - Suricata-Main] 2025-05-19 17:20:23 Perf: detect: AppLayer MPM "toserver http_header (http2)": 10
[1 - Suricata-Main] 2025-05-19 17:20:23 Perf: detect: AppLayer MPM "toserver http_header (http2)": 1
[1 - Suricata-Main] 2025-05-19 17:20:23 Perf: detect: AppLayer MPM "toserver http_header (http2)": 4
[1 - Suricata-Main] 2025-05-19 17:20:23 Perf: detect: AppLayer MPM "toserver http_header (http2)": 4
[1 - Suricata-Main] 2025-05-19 17:20:23 Perf: detect: AppLayer MPM "toserver http_header (http2)": 10
[1 - Suricata-Main] 2025-05-19 17:20:23 Perf: detect: AppLayer MPM "toclient http_header (http2)": 10
[1 - Suricata-Main] 2025-05-19 17:20:23 Perf: detect: AppLayer MPM "toclient http_header (http2)": 1
[1 - Suricata-Main] 2025-05-19 17:20:23 Perf: detect: AppLayer MPM "toclient http_header (http2)": 4
[1 - Suricata-Main] 2025-05-19 17:20:23 Perf: detect: AppLayer MPM "toclient http_header (http2)": 4
[1 - Suricata-Main] 2025-05-19 17:20:23 Perf: detect: AppLayer MPM "toclient http_header (http2)": 10
[1 - Suricata-Main] 2025-05-19 17:20:23 Perf: detect: AppLayer MPM "toserver http_request_header (http2)": 2
[1 - Suricata-Main] 2025-05-19 17:20:23 Perf: detect: AppLayer MPM "toserver http_request_header (http2)": 4
[1 - Suricata-Main] 2025-05-19 17:20:23 Perf: detect: AppLayer MPM "toserver http_request_header (http)": 2
[1 - Suricata-Main] 2025-05-19 17:20:23 Perf: detect: AppLayer MPM "toserver http_request_header (http)": 4
[1 - Suricata-Main] 2025-05-19 17:20:23 Perf: detect: AppLayer MPM "toclient http_response_header (http2)": 2
[1 - Suricata-Main] 2025-05-19 17:20:23 Perf: detect: AppLayer MPM "toclient http_response_header (http2)": 2
[1 - Suricata-Main] 2025-05-19 17:20:23 Perf: detect: AppLayer MPM "toclient http_response_header (http2)": 2
[1 - Suricata-Main] 2025-05-19 17:20:23 Perf: detect: AppLayer MPM "toclient http_response_header (http2)": 2
[1 - Suricata-Main] 2025-05-19 17:20:23 Perf: detect: AppLayer MPM "toclient http_response_header (http)": 2
[1 - Suricata-Main] 2025-05-19 17:20:23 Perf: detect: AppLayer MPM "toclient http_response_header (http)": 2
[1 - Suricata-Main] 2025-05-19 17:20:23 Perf: detect: AppLayer MPM "toclient http_response_header (http)": 2
[1 - Suricata-Main] 2025-05-19 17:20:23 Perf: detect: AppLayer MPM "toclient http_response_header (http)": 2
[1 - Suricata-Main] 2025-05-19 17:20:23 Perf: detect: AppLayer MPM "toserver http_header_names (http)": 11
[1 - Suricata-Main] 2025-05-19 17:20:23 Perf: detect: AppLayer MPM "toserver http_header_names (http)": 1
[1 - Suricata-Main] 2025-05-19 17:20:23 Perf: detect: AppLayer MPM "toserver http_header_names (http)": 2
[1 - Suricata-Main] 2025-05-19 17:20:23 Perf: detect: AppLayer MPM "toserver http_header_names (http)": 4
[1 - Suricata-Main] 2025-05-19 17:20:23 Perf: detect: AppLayer MPM "toserver http_header_names (http)": 8
[1 - Suricata-Main] 2025-05-19 17:20:23 Perf: detect: AppLayer MPM "toclient http_header_names (http)": 11
[1 - Suricata-Main] 2025-05-19 17:20:23 Perf: detect: AppLayer MPM "toclient http_header_names (http)": 1
[1 - Suricata-Main] 2025-05-19 17:20:23 Perf: detect: AppLayer MPM "toclient http_header_names (http)": 2
[1 - Suricata-Main] 2025-05-19 17:20:23 Perf: detect: AppLayer MPM "toclient http_header_names (http)": 4
[1 - Suricata-Main] 2025-05-19 17:20:23 Perf: detect: AppLayer MPM "toclient http_header_names (http)": 8
[1 - Suricata-Main] 2025-05-19 17:20:23 Perf: detect: AppLayer MPM "toserver http_header_names (http2)": 11
[1 - Suricata-Main] 2025-05-19 17:20:23 Perf: detect: AppLayer MPM "toserver http_header_names (http2)": 1
[1 - Suricata-Main] 2025-05-19 17:20:23 Perf: detect: AppLayer MPM "toserver http_header_names (http2)": 2
[1 - Suricata-Main] 2025-05-19 17:20:23 Perf: detect: AppLayer MPM "toserver http_header_names (http2)": 4
[1 - Suricata-Main] 2025-05-19 17:20:23 Perf: detect: AppLayer MPM "toserver http_header_names (http2)": 8
[1 - Suricata-Main] 2025-05-19 17:20:23 Perf: detect: AppLayer MPM "toclient http_header_names (http2)": 11
[1 - Suricata-Main] 2025-05-19 17:20:23 Perf: detect: AppLayer MPM "toclient http_header_names (http2)": 1
[1 - Suricata-Main] 2025-05-19 17:20:23 Perf: detect: AppLayer MPM "toclient http_header_names (http2)": 2
[1 - Suricata-Main] 2025-05-19 17:20:23 Perf: detect: AppLayer MPM "toclient http_header_names (http2)": 4
[1 - Suricata-Main] 2025-05-19 17:20:23 Perf: detect: AppLayer MPM "toclient http_header_names (http2)": 8
[1 - Suricata-Main] 2025-05-19 17:20:23 Perf: detect: AppLayer MPM "toserver http_accept (http)": 8
[1 - Suricata-Main] 2025-05-19 17:20:23 Perf: detect: AppLayer MPM "toserver http_accept (http2)": 8
[1 - Suricata-Main] 2025-05-19 17:20:23 Perf: detect: AppLayer MPM "toserver http_accept_enc (http)": 2
[1 - Suricata-Main] 2025-05-19 17:20:23 Perf: detect: AppLayer MPM "toserver http_accept_enc (http2)": 2
[1 - Suricata-Main] 2025-05-19 17:20:23 Perf: detect: AppLayer MPM "toserver http_accept_lang (http)": 2
[1 - Suricata-Main] 2025-05-19 17:20:23 Perf: detect: AppLayer MPM "toserver http_accept_lang (http2)": 2
[1 - Suricata-Main] 2025-05-19 17:20:23 Perf: detect: AppLayer MPM "toserver http_referer (http)": 2
[1 - Suricata-Main] 2025-05-19 17:20:23 Perf: detect: AppLayer MPM "toserver http_referer (http2)": 2
[1 - Suricata-Main] 2025-05-19 17:20:23 Perf: detect: AppLayer MPM "toserver http_connection (http)": 2
[1 - Suricata-Main] 2025-05-19 17:20:23 Perf: detect: AppLayer MPM "toserver http_connection (http2)": 2
[1 - Suricata-Main] 2025-05-19 17:20:23 Perf: detect: AppLayer MPM "toclient http_connection (http)": 2
[1 - Suricata-Main] 2025-05-19 17:20:23 Perf: detect: AppLayer MPM "toclient http_connection (http2)": 2
[1 - Suricata-Main] 2025-05-19 17:20:23 Perf: detect: AppLayer MPM "toserver http_content_len (http)": 4
[1 - Suricata-Main] 2025-05-19 17:20:23 Perf: detect: AppLayer MPM "toserver http_content_len (http2)": 4
[1 - Suricata-Main] 2025-05-19 17:20:23 Perf: detect: AppLayer MPM "toclient http_content_len (http)": 4
[1 - Suricata-Main] 2025-05-19 17:20:23 Perf: detect: AppLayer MPM "toclient http_content_len (http2)": 4
[1 - Suricata-Main] 2025-05-19 17:20:23 Perf: detect: AppLayer MPM "toserver http_content_type (http)": 4
[1 - Suricata-Main] 2025-05-19 17:20:23 Perf: detect: AppLayer MPM "toserver http_content_type (http2)": 4
[1 - Suricata-Main] 2025-05-19 17:20:23 Perf: detect: AppLayer MPM "toclient http_content_type (http)": 4
[1 - Suricata-Main] 2025-05-19 17:20:23 Perf: detect: AppLayer MPM "toclient http_content_type (http2)": 4
[1 - Suricata-Main] 2025-05-19 17:20:23 Perf: detect: AppLayer MPM "toclient http.server (http)": 4
[1 - Suricata-Main] 2025-05-19 17:20:23 Perf: detect: AppLayer MPM "toclient http.server (http2)": 4
[1 - Suricata-Main] 2025-05-19 17:20:23 Perf: detect: AppLayer MPM "toclient http.location (http)": 2
[1 - Suricata-Main] 2025-05-19 17:20:23 Perf: detect: AppLayer MPM "toclient http.location (http2)": 2
[1 - Suricata-Main] 2025-05-19 17:20:23 Perf: detect: AppLayer MPM "toserver http_start (http)": 6
[1 - Suricata-Main] 2025-05-19 17:20:23 Perf: detect: AppLayer MPM "toclient http_start (http)": 6
[1 - Suricata-Main] 2025-05-19 17:20:23 Perf: detect: AppLayer MPM "toserver http_raw_header (http)": 4
[1 - Suricata-Main] 2025-05-19 17:20:23 Perf: detect: AppLayer MPM "toserver http_raw_header (http)": 2
[1 - Suricata-Main] 2025-05-19 17:20:23 Perf: detect: AppLayer MPM "toserver http_raw_header (http)": 4
[1 - Suricata-Main] 2025-05-19 17:20:23 Perf: detect: AppLayer MPM "toclient http_raw_header (http)": 4
[1 - Suricata-Main] 2025-05-19 17:20:23 Perf: detect: AppLayer MPM "toclient http_raw_header (http)": 2
[1 - Suricata-Main] 2025-05-19 17:20:23 Perf: detect: AppLayer MPM "toclient http_raw_header (http)": 4
[1 - Suricata-Main] 2025-05-19 17:20:23 Perf: detect: AppLayer MPM "toserver http_raw_header (http2)": 4
[1 - Suricata-Main] 2025-05-19 17:20:23 Perf: detect: AppLayer MPM "toserver http_raw_header (http2)": 2
[1 - Suricata-Main] 2025-05-19 17:20:23 Perf: detect: AppLayer MPM "toserver http_raw_header (http2)": 4
[1 - Suricata-Main] 2025-05-19 17:20:23 Perf: detect: AppLayer MPM "toclient http_raw_header (http2)": 4
[1 - Suricata-Main] 2025-05-19 17:20:23 Perf: detect: AppLayer MPM "toclient http_raw_header (http2)": 2
[1 - Suricata-Main] 2025-05-19 17:20:23 Perf: detect: AppLayer MPM "toclient http_raw_header (http2)": 4
[1 - Suricata-Main] 2025-05-19 17:20:23 Perf: detect: AppLayer MPM "toserver http_method (http)": 4
[1 - Suricata-Main] 2025-05-19 17:20:23 Perf: detect: AppLayer MPM "toserver http_method (http2)": 4
[1 - Suricata-Main] 2025-05-19 17:20:23 Perf: detect: AppLayer MPM "toserver http_cookie (http)": 8
[1 - Suricata-Main] 2025-05-19 17:20:23 Perf: detect: AppLayer MPM "toclient http_cookie (http)": 8
[1 - Suricata-Main] 2025-05-19 17:20:23 Perf: detect: AppLayer MPM "toserver http_cookie (http2)": 8
[1 - Suricata-Main] 2025-05-19 17:20:23 Perf: detect: AppLayer MPM "toclient http_cookie (http2)": 8
[1 - Suricata-Main] 2025-05-19 17:20:23 Perf: detect: AppLayer MPM "toserver http_user_agent (http)": 15
[1 - Suricata-Main] 2025-05-19 17:20:23 Perf: detect: AppLayer MPM "toserver http_user_agent (http2)": 15
[1 - Suricata-Main] 2025-05-19 17:20:23 Perf: detect: AppLayer MPM "toserver http_host (http)": 2
[1 - Suricata-Main] 2025-05-19 17:20:23 Perf: detect: AppLayer MPM "toserver http_host (http)": 4
[1 - Suricata-Main] 2025-05-19 17:20:23 Perf: detect: AppLayer MPM "toserver http_host (http2)": 2
[1 - Suricata-Main] 2025-05-19 17:20:23 Perf: detect: AppLayer MPM "toserver http_host (http2)": 4
[1 - Suricata-Main] 2025-05-19 17:20:23 Perf: detect: AppLayer MPM "toserver http_raw_host (http)": 2
[1 - Suricata-Main] 2025-05-19 17:20:23 Perf: detect: AppLayer MPM "toserver http_raw_host (http2)": 2
[1 - Suricata-Main] 2025-05-19 17:20:23 Perf: detect: AppLayer MPM "toclient http_stat_code (http)": 4
[1 - Suricata-Main] 2025-05-19 17:20:23 Perf: detect: AppLayer MPM "toclient http_stat_code (http2)": 4
[1 - Suricata-Main] 2025-05-19 17:20:23 Perf: detect: AppLayer MPM "toserver dns_query (dns)": 2
[1 - Suricata-Main] 2025-05-19 17:20:23 Perf: detect: AppLayer MPM "toserver dns_query (dns)": 1
[1 - Suricata-Main] 2025-05-19 17:20:23 Perf: detect: AppLayer MPM "toserver tls.sni (tls)": 3
[1 - Suricata-Main] 2025-05-19 17:20:23 Perf: detect: AppLayer MPM "toserver tls.sni (tls)": 1
[1 - Suricata-Main] 2025-05-19 17:20:23 Perf: detect: AppLayer MPM "toserver tls.cert_issuer (tls)": 6
[1 - Suricata-Main] 2025-05-19 17:20:23 Perf: detect: AppLayer MPM "toclient tls.cert_issuer (tls)": 6
[1 - Suricata-Main] 2025-05-19 17:20:23 Perf: detect: AppLayer MPM "toserver tls.cert_subject (tls)": 4
[1 - Suricata-Main] 2025-05-19 17:20:23 Perf: detect: AppLayer MPM "toclient tls.cert_subject (tls)": 4
[1 - Suricata-Main] 2025-05-19 17:20:23 Perf: detect: AppLayer MPM "toclient tls.cert_serial (tls)": 2
[1 - Suricata-Main] 2025-05-19 17:20:23 Perf: detect: AppLayer MPM "toserver tls.cert_serial (tls)": 2
[1 - Suricata-Main] 2025-05-19 17:20:23 Perf: detect: AppLayer MPM "toclient tls.cert_fingerprint (tls)": 1
[1 - Suricata-Main] 2025-05-19 17:20:23 Perf: detect: AppLayer MPM "toserver tls.cert_fingerprint (tls)": 1
[1 - Suricata-Main] 2025-05-19 17:20:23 Perf: detect: AppLayer MPM "toclient tls.certs (tls)": 2
[1 - Suricata-Main] 2025-05-19 17:20:23 Perf: detect: AppLayer MPM "toserver tls.certs (tls)": 2
[1 - Suricata-Main] 2025-05-19 17:20:23 Perf: detect: AppLayer MPM "toserver ja3.hash (tls)": 2
[1 - Suricata-Main] 2025-05-19 17:20:23 Perf: detect: AppLayer MPM "toserver ja3.hash (quic)": 2
[1 - Suricata-Main] 2025-05-19 17:20:23 Perf: detect: AppLayer MPM "toclient ja3s.hash (tls)": 1
[1 - Suricata-Main] 2025-05-19 17:20:23 Perf: detect: AppLayer MPM "toclient ja3s.hash (quic)": 1
[1 - Suricata-Main] 2025-05-19 17:20:23 Perf: detect: AppLayer MPM "toserver ssh.proto (ssh)": 1
[1 - Suricata-Main] 2025-05-19 17:20:23 Perf: detect: AppLayer MPM "toclient ssh.proto (ssh)": 1
[1 - Suricata-Main] 2025-05-19 17:20:23 Perf: detect: AppLayer MPM "toclient file_data (nfs)": 17
[1 - Suricata-Main] 2025-05-19 17:20:23 Perf: detect: AppLayer MPM "toclient file_data (nfs)": 2
[1 - Suricata-Main] 2025-05-19 17:20:23 Perf: detect: AppLayer MPM "toserver file_data (nfs)": 17
[1 - Suricata-Main] 2025-05-19 17:20:23 Perf: detect: AppLayer MPM "toserver file_data (nfs)": 2
[1 - Suricata-Main] 2025-05-19 17:20:23 Perf: detect: AppLayer MPM "toclient file_data (smb)": 17
[1 - Suricata-Main] 2025-05-19 17:20:23 Perf: detect: AppLayer MPM "toclient file_data (smb)": 2
[1 - Suricata-Main] 2025-05-19 17:20:23 Perf: detect: AppLayer MPM "toserver file_data (smb)": 17
[1 - Suricata-Main] 2025-05-19 17:20:23 Perf: detect: AppLayer MPM "toserver file_data (smb)": 2
[1 - Suricata-Main] 2025-05-19 17:20:23 Perf: detect: AppLayer MPM "toclient file_data (ftp)": 17
[1 - Suricata-Main] 2025-05-19 17:20:23 Perf: detect: AppLayer MPM "toclient file_data (ftp)": 2
[1 - Suricata-Main] 2025-05-19 17:20:23 Perf: detect: AppLayer MPM "toserver file_data (ftp)": 17
[1 - Suricata-Main] 2025-05-19 17:20:23 Perf: detect: AppLayer MPM "toserver file_data (ftp)": 2
[1 - Suricata-Main] 2025-05-19 17:20:23 Perf: detect: AppLayer MPM "toclient file_data (ftp-data)": 17
[1 - Suricata-Main] 2025-05-19 17:20:23 Perf: detect: AppLayer MPM "toclient file_data (ftp-data)": 2
[1 - Suricata-Main] 2025-05-19 17:20:23 Perf: detect: AppLayer MPM "toserver file_data (ftp-data)": 17
[1 - Suricata-Main] 2025-05-19 17:20:23 Perf: detect: AppLayer MPM "toserver file_data (ftp-data)": 2
[1 - Suricata-Main] 2025-05-19 17:20:23 Perf: detect: AppLayer MPM "toclient file_data (http)": 17
[1 - Suricata-Main] 2025-05-19 17:20:23 Perf: detect: AppLayer MPM "toclient file_data (http)": 2
[1 - Suricata-Main] 2025-05-19 17:20:23 Perf: detect: AppLayer MPM "toserver file_data (http)": 17
[1 - Suricata-Main] 2025-05-19 17:20:23 Perf: detect: AppLayer MPM "toserver file_data (http)": 2
[1 - Suricata-Main] 2025-05-19 17:20:23 Perf: detect: AppLayer MPM "toclient file_data (http2)": 17
[1 - Suricata-Main] 2025-05-19 17:20:23 Perf: detect: AppLayer MPM "toclient file_data (http2)": 2
[1 - Suricata-Main] 2025-05-19 17:20:23 Perf: detect: AppLayer MPM "toserver file_data (http2)": 17
[1 - Suricata-Main] 2025-05-19 17:20:23 Perf: detect: AppLayer MPM "toserver file_data (http2)": 2
[1 - Suricata-Main] 2025-05-19 17:20:23 Perf: detect: AppLayer MPM "toserver file_data (smtp)": 17
[1 - Suricata-Main] 2025-05-19 17:20:23 Perf: detect: AppLayer MPM "toserver file_data (smtp)": 2
[1 - Suricata-Main] 2025-05-19 17:20:23 Perf: detect: Pkt MPM "icmpv6.hdr": 1
[1 - Suricata-Main] 2025-05-19 17:20:23 Perf: detect: Pkt MPM "ipv6.hdr": 1
[1 - Suricata-Main] 2025-05-19 17:20:25 Config: af-packet: enp0s3: using flow cluster mode for AF_PACKET
[1 - Suricata-Main] 2025-05-19 17:20:25 Perf: af-packet: enp0s3: cluster_flow: 5 cores, using 5 threads
[1 - Suricata-Main] 2025-05-19 17:20:25 Perf: ioctl: enp0s3: disabling gro offloading
[1 - Suricata-Main] 2025-05-19 17:20:25 Perf: ioctl: enp0s3: disabling tso offloading
[1 - Suricata-Main] 2025-05-19 17:20:25 Perf: ioctl: enp0s3: disabling gso offloading
[1 - Suricata-Main] 2025-05-19 17:20:25 Perf: ioctl: enp0s3: disabling sg offloading
[1 - Suricata-Main] 2025-05-19 17:20:25 Warning: af-packet: enp0s3: AF_PACKET tpacket-v3 is recommended for non-inline operation
[1 - Suricata-Main] 2025-05-19 17:20:25 Info: runmodes: enp0s3: creating 5 threads
[1 - Suricata-Main] 2025-05-19 17:20:25 Config: flow-manager: using 1 flow manager threads
[1 - Suricata-Main] 2025-05-19 17:20:25 Config: flow-manager: using 1 flow recycler threads
[1 - Suricata-Main] 2025-05-19 17:20:25 Info: unix-manager: unix socket '/var/run/suricata/suricata-command.socket'
[12 - W#01-enp0s3] 2025-05-19 17:20:25 Config: af-packet: enp0s3: defrag enabled, setting snaplen to 9216
[12 - W#01-enp0s3] 2025-05-19 17:20:25 Perf: af-packet: enp0s3: rx ring: block_size=131072 block_nr=30 frame_size=9296 frame_nr=420
[13 - W#02-enp0s3] 2025-05-19 17:20:25 Config: af-packet: enp0s3: defrag enabled, setting snaplen to 9216
[13 - W#02-enp0s3] 2025-05-19 17:20:25 Perf: af-packet: enp0s3: rx ring: block_size=131072 block_nr=30 frame_size=9296 frame_nr=420
[14 - W#03-enp0s3] 2025-05-19 17:20:25 Config: af-packet: enp0s3: defrag enabled, setting snaplen to 9216
[14 - W#03-enp0s3] 2025-05-19 17:20:25 Perf: af-packet: enp0s3: rx ring: block_size=131072 block_nr=30 frame_size=9296 frame_nr=420
[15 - W#04-enp0s3] 2025-05-19 17:20:25 Config: af-packet: enp0s3: defrag enabled, setting snaplen to 9216
[15 - W#04-enp0s3] 2025-05-19 17:20:25 Perf: af-packet: enp0s3: rx ring: block_size=131072 block_nr=30 frame_size=9296 frame_nr=420
[16 - W#05-enp0s3] 2025-05-19 17:20:25 Config: af-packet: enp0s3: defrag enabled, setting snaplen to 9216
[16 - W#05-enp0s3] 2025-05-19 17:20:25 Perf: af-packet: enp0s3: rx ring: block_size=131072 block_nr=30 frame_size=9296 frame_nr=420
[1 - Suricata-Main] 2025-05-19 17:20:25 Notice: threads: Threads created -> W: 5 FM: 1 FR: 1   Engine started.
[1 - Suricata-Main] 2025-05-19 17:22:10 Notice: suricata: Signal Received.  Stopping engine.
[1 - Suricata-Main] 2025-05-19 17:22:12 Info: suricata: time elapsed 106.711s
[18 - FR#01] 2025-05-19 17:22:14 Perf: flow-manager: 184 flows processed
[12 - W#01-enp0s3] 2025-05-19 17:22:14 Perf: af-packet: enp0s3: (W#01-enp0s3) kernel: Packets 8495, dropped 0
[13 - W#02-enp0s3] 2025-05-19 17:22:14 Perf: af-packet: enp0s3: (W#02-enp0s3) kernel: Packets 283, dropped 0
[14 - W#03-enp0s3] 2025-05-19 17:22:14 Perf: af-packet: enp0s3: (W#03-enp0s3) kernel: Packets 242, dropped 0
[15 - W#04-enp0s3] 2025-05-19 17:22:14 Perf: af-packet: enp0s3: (W#04-enp0s3) kernel: Packets 595, dropped 0
[16 - W#05-enp0s3] 2025-05-19 17:22:14 Perf: af-packet: enp0s3: (W#05-enp0s3) kernel: Packets 191, dropped 0
[1 - Suricata-Main] 2025-05-19 17:22:14 Info: counters: Alerts: 0
[1 - Suricata-Main] 2025-05-19 17:22:14 Perf: ippair: ippair memory usage: 414144 bytes, maximum: 16777216
[1 - Suricata-Main] 2025-05-19 17:22:14 Perf: host: host memory usage: 398144 bytes, maximum: 33554432
[1 - Suricata-Main] 2025-05-19 17:22:14 Notice: device: enp0s3: packets: 9806, drops: 0 (0.00%), invalid chksum: 0
[1 - Suricata-Main] 2025-05-19 17:22:14 Perf: ioctl: enp0s3: restoring gro offloading
[1 - Suricata-Main] 2025-05-19 17:22:14 Perf: ioctl: enp0s3: restoring tso offloading
[1 - Suricata-Main] 2025-05-19 17:22:14 Perf: ioctl: enp0s3: restoring gso offloading
[1 - Suricata-Main] 2025-05-19 17:22:14 Perf: ioctl: enp0s3: restoring sg offloading
[1 - Suricata-Main] 2025-05-19 17:51:57 Notice: suricata: This is Suricata version 7.0.10 RELEASE running in SYSTEM mode
[1 - Suricata-Main] 2025-05-19 17:51:57 Info: cpu: CPUs/cores online: 5
[1 - Suricata-Main] 2025-05-19 17:51:57 Info: suricata: Setting engine mode to IDS mode by default
[1 - Suricata-Main] 2025-05-19 17:51:57 Info: exception-policy: master exception-policy set to: auto
[1 - Suricata-Main] 2025-05-19 17:51:57 Config: exception-policy: app-layer.error-policy: ignore (defined via 'exception-policy' master switch)
[1 - Suricata-Main] 2025-05-19 17:51:57 Config: app-layer-htp: 'default' server has 'request-body-minimal-inspect-size' set to 32711 and 'request-body-inspect-window' set to 4068 after randomization.
[1 - Suricata-Main] 2025-05-19 17:51:57 Config: app-layer-htp: 'default' server has 'response-body-minimal-inspect-size' set to 42564 and 'response-body-inspect-window' set to 16970 after randomization.
[1 - Suricata-Main] 2025-05-19 17:51:57 Config: smb: read: max record size: 16777216, max queued chunks 64, max queued size 67108864
[1 - Suricata-Main] 2025-05-19 17:51:57 Config: smb: write: max record size: 16777216, max queued chunks 64, max queued size 67108864
[1 - Suricata-Main] 2025-05-19 17:51:57 Config: app-layer-enip: Protocol detection and parser disabled for enip protocol.
[1 - Suricata-Main] 2025-05-19 17:51:57 Config: app-layer-dnp3: Protocol detection and parser disabled for DNP3.
[1 - Suricata-Main] 2025-05-19 17:51:57 Config: host: allocated 262144 bytes of memory for the host hash... 4096 buckets of size 64
[1 - Suricata-Main] 2025-05-19 17:51:57 Config: host: preallocated 1000 hosts of size 136
[1 - Suricata-Main] 2025-05-19 17:51:57 Config: host: host memory usage: 398144 bytes, maximum: 33554432
[1 - Suricata-Main] 2025-05-19 17:51:57 Config: coredump-config: Core dump size is unlimited.
[1 - Suricata-Main] 2025-05-19 17:51:57 Config: exception-policy: defrag.memcap-policy: ignore (defined via 'exception-policy' master switch)
[1 - Suricata-Main] 2025-05-19 17:51:57 Config: defrag-hash: allocated 3670016 bytes of memory for the defrag hash... 65536 buckets of size 56
[1 - Suricata-Main] 2025-05-19 17:51:57 Config: defrag-hash: preallocated 65535 defrag trackers of size 160
[1 - Suricata-Main] 2025-05-19 17:51:57 Config: defrag-hash: defrag memory usage: 14155616 bytes, maximum: 33554432
[1 - Suricata-Main] 2025-05-19 17:51:57 Config: exception-policy: flow.memcap-policy: ignore (defined via 'exception-policy' master switch)
[1 - Suricata-Main] 2025-05-19 17:51:57 Config: flow: flow size 304, memcap allows for 441505 flows. Per hash row in perfect conditions 6
[1 - Suricata-Main] 2025-05-19 17:51:57 Config: stream-tcp: stream "prealloc-sessions": 2048 (per thread)
[1 - Suricata-Main] 2025-05-19 17:51:57 Config: stream-tcp: stream "memcap": 67108864
[1 - Suricata-Main] 2025-05-19 17:51:57 Config: stream-tcp: stream "midstream" session pickups: disabled
[1 - Suricata-Main] 2025-05-19 17:51:57 Config: stream-tcp: stream "async-oneside": disabled
[1 - Suricata-Main] 2025-05-19 17:51:57 Config: stream-tcp: stream "checksum-validation": enabled
[1 - Suricata-Main] 2025-05-19 17:51:57 Config: exception-policy: stream.memcap-policy: ignore (defined via 'exception-policy' master switch)
[1 - Suricata-Main] 2025-05-19 17:51:57 Config: exception-policy: stream.reassembly.memcap-policy: ignore (defined via 'exception-policy' master switch)
[1 - Suricata-Main] 2025-05-19 17:51:57 Config: exception-policy: stream.midstream-policy: ignore (defined via 'exception-policy' master switch)
[1 - Suricata-Main] 2025-05-19 17:51:57 Config: stream-tcp: stream."inline": disabled
[1 - Suricata-Main] 2025-05-19 17:51:57 Config: stream-tcp: stream "bypass": disabled
[1 - Suricata-Main] 2025-05-19 17:51:57 Config: stream-tcp: stream.reassembly.urgent.policy": inline
[1 - Suricata-Main] 2025-05-19 17:51:57 Config: stream-tcp: stream "max-syn-queued": 10
[1 - Suricata-Main] 2025-05-19 17:51:57 Config: stream-tcp: stream "max-synack-queued": 5
[1 - Suricata-Main] 2025-05-19 17:51:57 Config: stream-tcp: stream.reassembly "memcap": 268435456
[1 - Suricata-Main] 2025-05-19 17:51:57 Config: stream-tcp: stream.reassembly "depth": 1048576
[1 - Suricata-Main] 2025-05-19 17:51:57 Config: stream-tcp: stream.reassembly "toserver-chunk-size": 2543
[1 - Suricata-Main] 2025-05-19 17:51:57 Config: stream-tcp: stream.reassembly "toclient-chunk-size": 2644
[1 - Suricata-Main] 2025-05-19 17:51:57 Config: stream-tcp: stream.reassembly.raw: enabled
[1 - Suricata-Main] 2025-05-19 17:51:57 Config: stream-tcp: stream.liberal-timestamps: disabled
[1 - Suricata-Main] 2025-05-19 17:51:57 Config: stream-tcp-reassemble: stream.reassembly "segment-prealloc": 2048
[1 - Suricata-Main] 2025-05-19 17:51:57 Config: stream-tcp-reassemble: stream.reassembly "max-regions": 8
[1 - Suricata-Main] 2025-05-19 17:51:57 Info: conf: Running in live mode, activating unix socket
[1 - Suricata-Main] 2025-05-19 17:51:57 Info: logopenfile: fast output device (regular) initialized: fast.log
[1 - Suricata-Main] 2025-05-19 17:51:57 Info: logopenfile: eve-log output device (regular) initialized: eve.json
[1 - Suricata-Main] 2025-05-19 17:51:57 Config: runmodes: enabling 'eve-log' module 'alert'
[1 - Suricata-Main] 2025-05-19 17:51:57 Config: runmodes: enabling 'eve-log' module 'frame'
[1 - Suricata-Main] 2025-05-19 17:51:57 Config: runmodes: enabling 'eve-log' module 'anomaly'
[1 - Suricata-Main] 2025-05-19 17:51:57 Config: runmodes: enabling 'eve-log' module 'http'
[1 - Suricata-Main] 2025-05-19 17:51:57 Config: runmodes: enabling 'eve-log' module 'dns'
[1 - Suricata-Main] 2025-05-19 17:51:57 Config: runmodes: enabling 'eve-log' module 'tls'
[1 - Suricata-Main] 2025-05-19 17:51:57 Config: runmodes: enabling 'eve-log' module 'files'
[1 - Suricata-Main] 2025-05-19 17:51:57 Config: runmodes: enabling 'eve-log' module 'smtp'
[1 - Suricata-Main] 2025-05-19 17:51:57 Config: runmodes: enabling 'eve-log' module 'ftp'
[1 - Suricata-Main] 2025-05-19 17:51:57 Config: runmodes: enabling 'eve-log' module 'rdp'
[1 - Suricata-Main] 2025-05-19 17:51:57 Config: runmodes: enabling 'eve-log' module 'nfs'
[1 - Suricata-Main] 2025-05-19 17:51:57 Config: runmodes: enabling 'eve-log' module 'smb'
[1 - Suricata-Main] 2025-05-19 17:51:57 Config: runmodes: enabling 'eve-log' module 'tftp'
[1 - Suricata-Main] 2025-05-19 17:51:57 Config: runmodes: enabling 'eve-log' module 'ike'
[1 - Suricata-Main] 2025-05-19 17:51:57 Config: runmodes: enabling 'eve-log' module 'dcerpc'
[1 - Suricata-Main] 2025-05-19 17:51:57 Config: runmodes: enabling 'eve-log' module 'krb5'
[1 - Suricata-Main] 2025-05-19 17:51:57 Config: runmodes: enabling 'eve-log' module 'bittorrent-dht'
[1 - Suricata-Main] 2025-05-19 17:51:57 Config: runmodes: enabling 'eve-log' module 'snmp'
[1 - Suricata-Main] 2025-05-19 17:51:57 Config: runmodes: enabling 'eve-log' module 'rfb'
[1 - Suricata-Main] 2025-05-19 17:51:57 Config: runmodes: enabling 'eve-log' module 'sip'
[1 - Suricata-Main] 2025-05-19 17:51:57 Config: runmodes: enabling 'eve-log' module 'quic'
[1 - Suricata-Main] 2025-05-19 17:51:57 Config: runmodes: enabling 'eve-log' module 'dhcp'
[1 - Suricata-Main] 2025-05-19 17:51:57 Config: runmodes: enabling 'eve-log' module 'ssh'
[1 - Suricata-Main] 2025-05-19 17:51:57 Config: runmodes: enabling 'eve-log' module 'mqtt'
[1 - Suricata-Main] 2025-05-19 17:51:57 Config: runmodes: enabling 'eve-log' module 'http2'
[1 - Suricata-Main] 2025-05-19 17:51:57 Config: runmodes: enabling 'eve-log' module 'pgsql'
[1 - Suricata-Main] 2025-05-19 17:51:57 Config: runmodes: enabling 'eve-log' module 'stats'
[1 - Suricata-Main] 2025-05-19 17:51:57 Config: runmodes: enabling 'eve-log' module 'flow'
[1 - Suricata-Main] 2025-05-19 17:51:57 Info: logopenfile: stats output device (regular) initialized: stats.log
[1 - Suricata-Main] 2025-05-19 17:51:57 Config: landlock: Landlock is not enabled in configuration
[1 - Suricata-Main] 2025-05-19 17:51:57 Config: suricata: Delayed detect disabled
[1 - Suricata-Main] 2025-05-19 17:51:57 Config: detect: pattern matchers: MPM: ac, SPM: bm
[1 - Suricata-Main] 2025-05-19 17:51:57 Config: detect: grouping: tcp-whitelist (default) 53, 80, 139, 443, 445, 1433, 3306, 3389, 6666, 6667, 8080
[1 - Suricata-Main] 2025-05-19 17:51:57 Config: detect: grouping: udp-whitelist (default) 53, 135, 5060
[1 - Suricata-Main] 2025-05-19 17:51:57 Config: detect: prefilter engines: MPM
[1 - Suricata-Main] 2025-05-19 17:51:57 Config: reputation: IP reputation disabled
[1 - Suricata-Main] 2025-05-19 17:51:57 Config: detect: Loading rule file: /var/lib/suricata/rules/suricata.rules
[1 - Suricata-Main] 2025-05-19 17:51:58 Info: detect-fast-pattern: fast_pattern is ineffective with base64_data
[1 - Suricata-Main] 2025-05-19 17:51:58 Info: detect-fast-pattern: fast_pattern is ineffective with base64_data
[1 - Suricata-Main] 2025-05-19 17:51:58 Info: detect: 1 rule files processed. 42614 rules successfully loaded, 0 rules failed, 0
[1 - Suricata-Main] 2025-05-19 17:51:58 Info: threshold-config: Threshold config parsed: 0 rule(s) found
[1 - Suricata-Main] 2025-05-19 17:51:58 Info: detect: 42617 signatures processed. 1270 are IP-only rules, 4333 are inspecting packet payload, 36797 inspect application layer, 109 are decoder event only
[1 - Suricata-Main] 2025-05-19 17:51:58 Config: detect: building signature grouping structure, stage 1: preprocessing rules... complete
[1 - Suricata-Main] 2025-05-19 17:51:58 Perf: detect: TCP toserver: 41 port groups, 40 unique SGH's, 1 copies
[1 - Suricata-Main] 2025-05-19 17:51:58 Perf: detect: TCP toclient: 21 port groups, 21 unique SGH's, 0 copies
[1 - Suricata-Main] 2025-05-19 17:51:58 Perf: detect: UDP toserver: 41 port groups, 40 unique SGH's, 1 copies
[1 - Suricata-Main] 2025-05-19 17:51:58 Perf: detect: UDP toclient: 21 port groups, 17 unique SGH's, 4 copies
[1 - Suricata-Main] 2025-05-19 17:51:58 Perf: detect: OTHER toserver: 254 proto groups, 4 unique SGH's, 250 copies
[1 - Suricata-Main] 2025-05-19 17:51:58 Perf: detect: OTHER toclient: 254 proto groups, 0 unique SGH's, 254 copies
[1 - Suricata-Main] 2025-05-19 17:51:59 Perf: detect: Unique rule groups: 122
[1 - Suricata-Main] 2025-05-19 17:51:59 Perf: detect: Builtin MPM "toserver TCP packet": 31
[1 - Suricata-Main] 2025-05-19 17:51:59 Perf: detect: Builtin MPM "toclient TCP packet": 20
[1 - Suricata-Main] 2025-05-19 17:51:59 Perf: detect: Builtin MPM "toserver TCP stream": 34
[1 - Suricata-Main] 2025-05-19 17:51:59 Perf: detect: Builtin MPM "toclient TCP stream": 19
[1 - Suricata-Main] 2025-05-19 17:51:59 Perf: detect: Builtin MPM "toserver UDP packet": 40
[1 - Suricata-Main] 2025-05-19 17:51:59 Perf: detect: Builtin MPM "toclient UDP packet": 17
[1 - Suricata-Main] 2025-05-19 17:51:59 Perf: detect: Builtin MPM "other IP packet": 3
[1 - Suricata-Main] 2025-05-19 17:51:59 Perf: detect: AppLayer MPM "toserver http_uri (http)": 16
[1 - Suricata-Main] 2025-05-19 17:51:59 Perf: detect: AppLayer MPM "toserver http_uri (http2)": 16
[1 - Suricata-Main] 2025-05-19 17:51:59 Perf: detect: AppLayer MPM "toserver http_raw_uri (http)": 2
[1 - Suricata-Main] 2025-05-19 17:51:59 Perf: detect: AppLayer MPM "toserver http_raw_uri (http)": 2
[1 - Suricata-Main] 2025-05-19 17:51:59 Perf: detect: AppLayer MPM "toserver http_raw_uri (http2)": 2
[1 - Suricata-Main] 2025-05-19 17:51:59 Perf: detect: AppLayer MPM "toserver http_raw_uri (http2)": 2
[1 - Suricata-Main] 2025-05-19 17:51:59 Perf: detect: AppLayer MPM "toserver http_request_line (http)": 8
[1 - Suricata-Main] 2025-05-19 17:51:59 Perf: detect: AppLayer MPM "toserver http_request_line (http2)": 8
[1 - Suricata-Main] 2025-05-19 17:51:59 Perf: detect: AppLayer MPM "toserver http_client_body (http)": 14
[1 - Suricata-Main] 2025-05-19 17:51:59 Perf: detect: AppLayer MPM "toserver http_client_body (http)": 2
[1 - Suricata-Main] 2025-05-19 17:51:59 Perf: detect: AppLayer MPM "toserver http_client_body (http2)": 14
[1 - Suricata-Main] 2025-05-19 17:51:59 Perf: detect: AppLayer MPM "toserver http_client_body (http2)": 2
[1 - Suricata-Main] 2025-05-19 17:51:59 Perf: detect: AppLayer MPM "toclient http_response_line (http)": 2
[1 - Suricata-Main] 2025-05-19 17:51:59 Perf: detect: AppLayer MPM "toclient http_response_line (http2)": 2
[1 - Suricata-Main] 2025-05-19 17:51:59 Perf: detect: AppLayer MPM "toserver http_header (http)": 10
[1 - Suricata-Main] 2025-05-19 17:51:59 Perf: detect: AppLayer MPM "toserver http_header (http)": 1
[1 - Suricata-Main] 2025-05-19 17:51:59 Perf: detect: AppLayer MPM "toserver http_header (http)": 4
[1 - Suricata-Main] 2025-05-19 17:51:59 Perf: detect: AppLayer MPM "toserver http_header (http)": 4
[1 - Suricata-Main] 2025-05-19 17:51:59 Perf: detect: AppLayer MPM "toserver http_header (http)": 10
[1 - Suricata-Main] 2025-05-19 17:51:59 Perf: detect: AppLayer MPM "toclient http_header (http)": 10
[1 - Suricata-Main] 2025-05-19 17:51:59 Perf: detect: AppLayer MPM "toclient http_header (http)": 1
[1 - Suricata-Main] 2025-05-19 17:51:59 Perf: detect: AppLayer MPM "toclient http_header (http)": 4
[1 - Suricata-Main] 2025-05-19 17:51:59 Perf: detect: AppLayer MPM "toclient http_header (http)": 4
[1 - Suricata-Main] 2025-05-19 17:51:59 Perf: detect: AppLayer MPM "toclient http_header (http)": 10
[1 - Suricata-Main] 2025-05-19 17:51:59 Perf: detect: AppLayer MPM "toserver http_header (http2)": 10
[1 - Suricata-Main] 2025-05-19 17:51:59 Perf: detect: AppLayer MPM "toserver http_header (http2)": 1
[1 - Suricata-Main] 2025-05-19 17:51:59 Perf: detect: AppLayer MPM "toserver http_header (http2)": 4
[1 - Suricata-Main] 2025-05-19 17:51:59 Perf: detect: AppLayer MPM "toserver http_header (http2)": 4
[1 - Suricata-Main] 2025-05-19 17:51:59 Perf: detect: AppLayer MPM "toserver http_header (http2)": 10
[1 - Suricata-Main] 2025-05-19 17:51:59 Perf: detect: AppLayer MPM "toclient http_header (http2)": 10
[1 - Suricata-Main] 2025-05-19 17:51:59 Perf: detect: AppLayer MPM "toclient http_header (http2)": 1
[1 - Suricata-Main] 2025-05-19 17:51:59 Perf: detect: AppLayer MPM "toclient http_header (http2)": 4
[1 - Suricata-Main] 2025-05-19 17:51:59 Perf: detect: AppLayer MPM "toclient http_header (http2)": 4
[1 - Suricata-Main] 2025-05-19 17:51:59 Perf: detect: AppLayer MPM "toclient http_header (http2)": 10
[1 - Suricata-Main] 2025-05-19 17:51:59 Perf: detect: AppLayer MPM "toserver http_request_header (http2)": 2
[1 - Suricata-Main] 2025-05-19 17:51:59 Perf: detect: AppLayer MPM "toserver http_request_header (http2)": 4
[1 - Suricata-Main] 2025-05-19 17:51:59 Perf: detect: AppLayer MPM "toserver http_request_header (http)": 2
[1 - Suricata-Main] 2025-05-19 17:51:59 Perf: detect: AppLayer MPM "toserver http_request_header (http)": 4
[1 - Suricata-Main] 2025-05-19 17:51:59 Perf: detect: AppLayer MPM "toclient http_response_header (http2)": 2
[1 - Suricata-Main] 2025-05-19 17:51:59 Perf: detect: AppLayer MPM "toclient http_response_header (http2)": 2
[1 - Suricata-Main] 2025-05-19 17:51:59 Perf: detect: AppLayer MPM "toclient http_response_header (http2)": 2
[1 - Suricata-Main] 2025-05-19 17:51:59 Perf: detect: AppLayer MPM "toclient http_response_header (http2)": 2
[1 - Suricata-Main] 2025-05-19 17:51:59 Perf: detect: AppLayer MPM "toclient http_response_header (http)": 2
[1 - Suricata-Main] 2025-05-19 17:51:59 Perf: detect: AppLayer MPM "toclient http_response_header (http)": 2
[1 - Suricata-Main] 2025-05-19 17:51:59 Perf: detect: AppLayer MPM "toclient http_response_header (http)": 2
[1 - Suricata-Main] 2025-05-19 17:51:59 Perf: detect: AppLayer MPM "toclient http_response_header (http)": 2
[1 - Suricata-Main] 2025-05-19 17:51:59 Perf: detect: AppLayer MPM "toserver http_header_names (http)": 11
[1 - Suricata-Main] 2025-05-19 17:51:59 Perf: detect: AppLayer MPM "toserver http_header_names (http)": 1
[1 - Suricata-Main] 2025-05-19 17:51:59 Perf: detect: AppLayer MPM "toserver http_header_names (http)": 2
[1 - Suricata-Main] 2025-05-19 17:51:59 Perf: detect: AppLayer MPM "toserver http_header_names (http)": 4
[1 - Suricata-Main] 2025-05-19 17:51:59 Perf: detect: AppLayer MPM "toserver http_header_names (http)": 8
[1 - Suricata-Main] 2025-05-19 17:51:59 Perf: detect: AppLayer MPM "toclient http_header_names (http)": 11
[1 - Suricata-Main] 2025-05-19 17:51:59 Perf: detect: AppLayer MPM "toclient http_header_names (http)": 1
[1 - Suricata-Main] 2025-05-19 17:51:59 Perf: detect: AppLayer MPM "toclient http_header_names (http)": 2
[1 - Suricata-Main] 2025-05-19 17:51:59 Perf: detect: AppLayer MPM "toclient http_header_names (http)": 4
[1 - Suricata-Main] 2025-05-19 17:51:59 Perf: detect: AppLayer MPM "toclient http_header_names (http)": 8
[1 - Suricata-Main] 2025-05-19 17:51:59 Perf: detect: AppLayer MPM "toserver http_header_names (http2)": 11
[1 - Suricata-Main] 2025-05-19 17:51:59 Perf: detect: AppLayer MPM "toserver http_header_names (http2)": 1
[1 - Suricata-Main] 2025-05-19 17:51:59 Perf: detect: AppLayer MPM "toserver http_header_names (http2)": 2
[1 - Suricata-Main] 2025-05-19 17:51:59 Perf: detect: AppLayer MPM "toserver http_header_names (http2)": 4
[1 - Suricata-Main] 2025-05-19 17:51:59 Perf: detect: AppLayer MPM "toserver http_header_names (http2)": 8
[1 - Suricata-Main] 2025-05-19 17:51:59 Perf: detect: AppLayer MPM "toclient http_header_names (http2)": 11
[1 - Suricata-Main] 2025-05-19 17:51:59 Perf: detect: AppLayer MPM "toclient http_header_names (http2)": 1
[1 - Suricata-Main] 2025-05-19 17:51:59 Perf: detect: AppLayer MPM "toclient http_header_names (http2)": 2
[1 - Suricata-Main] 2025-05-19 17:51:59 Perf: detect: AppLayer MPM "toclient http_header_names (http2)": 4
[1 - Suricata-Main] 2025-05-19 17:51:59 Perf: detect: AppLayer MPM "toclient http_header_names (http2)": 8
[1 - Suricata-Main] 2025-05-19 17:51:59 Perf: detect: AppLayer MPM "toserver http_accept (http)": 8
[1 - Suricata-Main] 2025-05-19 17:51:59 Perf: detect: AppLayer MPM "toserver http_accept (http2)": 8
[1 - Suricata-Main] 2025-05-19 17:51:59 Perf: detect: AppLayer MPM "toserver http_accept_enc (http)": 2
[1 - Suricata-Main] 2025-05-19 17:51:59 Perf: detect: AppLayer MPM "toserver http_accept_enc (http2)": 2
[1 - Suricata-Main] 2025-05-19 17:51:59 Perf: detect: AppLayer MPM "toserver http_accept_lang (http)": 2
[1 - Suricata-Main] 2025-05-19 17:51:59 Perf: detect: AppLayer MPM "toserver http_accept_lang (http2)": 2
[1 - Suricata-Main] 2025-05-19 17:51:59 Perf: detect: AppLayer MPM "toserver http_referer (http)": 2
[1 - Suricata-Main] 2025-05-19 17:51:59 Perf: detect: AppLayer MPM "toserver http_referer (http2)": 2
[1 - Suricata-Main] 2025-05-19 17:51:59 Perf: detect: AppLayer MPM "toserver http_connection (http)": 2
[1 - Suricata-Main] 2025-05-19 17:51:59 Perf: detect: AppLayer MPM "toserver http_connection (http2)": 2
[1 - Suricata-Main] 2025-05-19 17:51:59 Perf: detect: AppLayer MPM "toclient http_connection (http)": 2
[1 - Suricata-Main] 2025-05-19 17:51:59 Perf: detect: AppLayer MPM "toclient http_connection (http2)": 2
[1 - Suricata-Main] 2025-05-19 17:51:59 Perf: detect: AppLayer MPM "toserver http_content_len (http)": 4
[1 - Suricata-Main] 2025-05-19 17:51:59 Perf: detect: AppLayer MPM "toserver http_content_len (http2)": 4
[1 - Suricata-Main] 2025-05-19 17:51:59 Perf: detect: AppLayer MPM "toclient http_content_len (http)": 4
[1 - Suricata-Main] 2025-05-19 17:51:59 Perf: detect: AppLayer MPM "toclient http_content_len (http2)": 4
[1 - Suricata-Main] 2025-05-19 17:51:59 Perf: detect: AppLayer MPM "toserver http_content_type (http)": 4
[1 - Suricata-Main] 2025-05-19 17:51:59 Perf: detect: AppLayer MPM "toserver http_content_type (http2)": 4
[1 - Suricata-Main] 2025-05-19 17:51:59 Perf: detect: AppLayer MPM "toclient http_content_type (http)": 4
[1 - Suricata-Main] 2025-05-19 17:51:59 Perf: detect: AppLayer MPM "toclient http_content_type (http2)": 4
[1 - Suricata-Main] 2025-05-19 17:51:59 Perf: detect: AppLayer MPM "toclient http.server (http)": 4
[1 - Suricata-Main] 2025-05-19 17:51:59 Perf: detect: AppLayer MPM "toclient http.server (http2)": 4
[1 - Suricata-Main] 2025-05-19 17:51:59 Perf: detect: AppLayer MPM "toclient http.location (http)": 2
[1 - Suricata-Main] 2025-05-19 17:51:59 Perf: detect: AppLayer MPM "toclient http.location (http2)": 2
[1 - Suricata-Main] 2025-05-19 17:51:59 Perf: detect: AppLayer MPM "toserver http_start (http)": 6
[1 - Suricata-Main] 2025-05-19 17:51:59 Perf: detect: AppLayer MPM "toclient http_start (http)": 6
[1 - Suricata-Main] 2025-05-19 17:51:59 Perf: detect: AppLayer MPM "toserver http_raw_header (http)": 4
[1 - Suricata-Main] 2025-05-19 17:51:59 Perf: detect: AppLayer MPM "toserver http_raw_header (http)": 2
[1 - Suricata-Main] 2025-05-19 17:51:59 Perf: detect: AppLayer MPM "toserver http_raw_header (http)": 4
[1 - Suricata-Main] 2025-05-19 17:51:59 Perf: detect: AppLayer MPM "toclient http_raw_header (http)": 4
[1 - Suricata-Main] 2025-05-19 17:51:59 Perf: detect: AppLayer MPM "toclient http_raw_header (http)": 2
[1 - Suricata-Main] 2025-05-19 17:51:59 Perf: detect: AppLayer MPM "toclient http_raw_header (http)": 4
[1 - Suricata-Main] 2025-05-19 17:51:59 Perf: detect: AppLayer MPM "toserver http_raw_header (http2)": 4
[1 - Suricata-Main] 2025-05-19 17:51:59 Perf: detect: AppLayer MPM "toserver http_raw_header (http2)": 2
[1 - Suricata-Main] 2025-05-19 17:51:59 Perf: detect: AppLayer MPM "toserver http_raw_header (http2)": 4
[1 - Suricata-Main] 2025-05-19 17:51:59 Perf: detect: AppLayer MPM "toclient http_raw_header (http2)": 4
[1 - Suricata-Main] 2025-05-19 17:51:59 Perf: detect: AppLayer MPM "toclient http_raw_header (http2)": 2
[1 - Suricata-Main] 2025-05-19 17:51:59 Perf: detect: AppLayer MPM "toclient http_raw_header (http2)": 4
[1 - Suricata-Main] 2025-05-19 17:51:59 Perf: detect: AppLayer MPM "toserver http_method (http)": 4
[1 - Suricata-Main] 2025-05-19 17:51:59 Perf: detect: AppLayer MPM "toserver http_method (http2)": 4
[1 - Suricata-Main] 2025-05-19 17:51:59 Perf: detect: AppLayer MPM "toserver http_cookie (http)": 8
[1 - Suricata-Main] 2025-05-19 17:51:59 Perf: detect: AppLayer MPM "toclient http_cookie (http)": 8
[1 - Suricata-Main] 2025-05-19 17:51:59 Perf: detect: AppLayer MPM "toserver http_cookie (http2)": 8
[1 - Suricata-Main] 2025-05-19 17:51:59 Perf: detect: AppLayer MPM "toclient http_cookie (http2)": 8
[1 - Suricata-Main] 2025-05-19 17:51:59 Perf: detect: AppLayer MPM "toserver http_user_agent (http)": 15
[1 - Suricata-Main] 2025-05-19 17:51:59 Perf: detect: AppLayer MPM "toserver http_user_agent (http2)": 15
[1 - Suricata-Main] 2025-05-19 17:51:59 Perf: detect: AppLayer MPM "toserver http_host (http)": 2
[1 - Suricata-Main] 2025-05-19 17:51:59 Perf: detect: AppLayer MPM "toserver http_host (http)": 4
[1 - Suricata-Main] 2025-05-19 17:51:59 Perf: detect: AppLayer MPM "toserver http_host (http2)": 2
[1 - Suricata-Main] 2025-05-19 17:51:59 Perf: detect: AppLayer MPM "toserver http_host (http2)": 4
[1 - Suricata-Main] 2025-05-19 17:51:59 Perf: detect: AppLayer MPM "toserver http_raw_host (http)": 2
[1 - Suricata-Main] 2025-05-19 17:51:59 Perf: detect: AppLayer MPM "toserver http_raw_host (http2)": 2
[1 - Suricata-Main] 2025-05-19 17:51:59 Perf: detect: AppLayer MPM "toclient http_stat_code (http)": 4
[1 - Suricata-Main] 2025-05-19 17:51:59 Perf: detect: AppLayer MPM "toclient http_stat_code (http2)": 4
[1 - Suricata-Main] 2025-05-19 17:51:59 Perf: detect: AppLayer MPM "toserver dns_query (dns)": 2
[1 - Suricata-Main] 2025-05-19 17:51:59 Perf: detect: AppLayer MPM "toserver dns_query (dns)": 1
[1 - Suricata-Main] 2025-05-19 17:51:59 Perf: detect: AppLayer MPM "toserver tls.sni (tls)": 3
[1 - Suricata-Main] 2025-05-19 17:51:59 Perf: detect: AppLayer MPM "toserver tls.sni (tls)": 1
[1 - Suricata-Main] 2025-05-19 17:51:59 Perf: detect: AppLayer MPM "toserver tls.cert_issuer (tls)": 6
[1 - Suricata-Main] 2025-05-19 17:51:59 Perf: detect: AppLayer MPM "toclient tls.cert_issuer (tls)": 6
[1 - Suricata-Main] 2025-05-19 17:51:59 Perf: detect: AppLayer MPM "toserver tls.cert_subject (tls)": 4
[1 - Suricata-Main] 2025-05-19 17:51:59 Perf: detect: AppLayer MPM "toclient tls.cert_subject (tls)": 4
[1 - Suricata-Main] 2025-05-19 17:51:59 Perf: detect: AppLayer MPM "toclient tls.cert_serial (tls)": 2
[1 - Suricata-Main] 2025-05-19 17:51:59 Perf: detect: AppLayer MPM "toserver tls.cert_serial (tls)": 2
[1 - Suricata-Main] 2025-05-19 17:51:59 Perf: detect: AppLayer MPM "toclient tls.cert_fingerprint (tls)": 1
[1 - Suricata-Main] 2025-05-19 17:51:59 Perf: detect: AppLayer MPM "toserver tls.cert_fingerprint (tls)": 1
[1 - Suricata-Main] 2025-05-19 17:51:59 Perf: detect: AppLayer MPM "toclient tls.certs (tls)": 2
[1 - Suricata-Main] 2025-05-19 17:51:59 Perf: detect: AppLayer MPM "toserver tls.certs (tls)": 2
[1 - Suricata-Main] 2025-05-19 17:51:59 Perf: detect: AppLayer MPM "toserver ja3.hash (tls)": 2
[1 - Suricata-Main] 2025-05-19 17:51:59 Perf: detect: AppLayer MPM "toserver ja3.hash (quic)": 2
[1 - Suricata-Main] 2025-05-19 17:51:59 Perf: detect: AppLayer MPM "toclient ja3s.hash (tls)": 1
[1 - Suricata-Main] 2025-05-19 17:51:59 Perf: detect: AppLayer MPM "toclient ja3s.hash (quic)": 1
[1 - Suricata-Main] 2025-05-19 17:51:59 Perf: detect: AppLayer MPM "toserver ssh.proto (ssh)": 1
[1 - Suricata-Main] 2025-05-19 17:51:59 Perf: detect: AppLayer MPM "toclient ssh.proto (ssh)": 1
[1 - Suricata-Main] 2025-05-19 17:51:59 Perf: detect: AppLayer MPM "toclient file_data (nfs)": 17
[1 - Suricata-Main] 2025-05-19 17:51:59 Perf: detect: AppLayer MPM "toclient file_data (nfs)": 2
[1 - Suricata-Main] 2025-05-19 17:51:59 Perf: detect: AppLayer MPM "toserver file_data (nfs)": 17
[1 - Suricata-Main] 2025-05-19 17:51:59 Perf: detect: AppLayer MPM "toserver file_data (nfs)": 2
[1 - Suricata-Main] 2025-05-19 17:51:59 Perf: detect: AppLayer MPM "toclient file_data (smb)": 17
[1 - Suricata-Main] 2025-05-19 17:51:59 Perf: detect: AppLayer MPM "toclient file_data (smb)": 2
[1 - Suricata-Main] 2025-05-19 17:51:59 Perf: detect: AppLayer MPM "toserver file_data (smb)": 17
[1 - Suricata-Main] 2025-05-19 17:51:59 Perf: detect: AppLayer MPM "toserver file_data (smb)": 2
[1 - Suricata-Main] 2025-05-19 17:51:59 Perf: detect: AppLayer MPM "toclient file_data (ftp)": 17
[1 - Suricata-Main] 2025-05-19 17:51:59 Perf: detect: AppLayer MPM "toclient file_data (ftp)": 2
[1 - Suricata-Main] 2025-05-19 17:51:59 Perf: detect: AppLayer MPM "toserver file_data (ftp)": 17
[1 - Suricata-Main] 2025-05-19 17:51:59 Perf: detect: AppLayer MPM "toserver file_data (ftp)": 2
[1 - Suricata-Main] 2025-05-19 17:51:59 Perf: detect: AppLayer MPM "toclient file_data (ftp-data)": 17
[1 - Suricata-Main] 2025-05-19 17:51:59 Perf: detect: AppLayer MPM "toclient file_data (ftp-data)": 2
[1 - Suricata-Main] 2025-05-19 17:51:59 Perf: detect: AppLayer MPM "toserver file_data (ftp-data)": 17
[1 - Suricata-Main] 2025-05-19 17:51:59 Perf: detect: AppLayer MPM "toserver file_data (ftp-data)": 2
[1 - Suricata-Main] 2025-05-19 17:51:59 Perf: detect: AppLayer MPM "toclient file_data (http)": 17
[1 - Suricata-Main] 2025-05-19 17:51:59 Perf: detect: AppLayer MPM "toclient file_data (http)": 2
[1 - Suricata-Main] 2025-05-19 17:51:59 Perf: detect: AppLayer MPM "toserver file_data (http)": 17
[1 - Suricata-Main] 2025-05-19 17:51:59 Perf: detect: AppLayer MPM "toserver file_data (http)": 2
[1 - Suricata-Main] 2025-05-19 17:51:59 Perf: detect: AppLayer MPM "toclient file_data (http2)": 17
[1 - Suricata-Main] 2025-05-19 17:51:59 Perf: detect: AppLayer MPM "toclient file_data (http2)": 2
[1 - Suricata-Main] 2025-05-19 17:51:59 Perf: detect: AppLayer MPM "toserver file_data (http2)": 17
[1 - Suricata-Main] 2025-05-19 17:51:59 Perf: detect: AppLayer MPM "toserver file_data (http2)": 2
[1 - Suricata-Main] 2025-05-19 17:51:59 Perf: detect: AppLayer MPM "toserver file_data (smtp)": 17
[1 - Suricata-Main] 2025-05-19 17:51:59 Perf: detect: AppLayer MPM "toserver file_data (smtp)": 2
[1 - Suricata-Main] 2025-05-19 17:51:59 Perf: detect: Pkt MPM "icmpv6.hdr": 1
[1 - Suricata-Main] 2025-05-19 17:51:59 Perf: detect: Pkt MPM "ipv6.hdr": 1
[1 - Suricata-Main] 2025-05-19 17:52:01 Config: af-packet: enp0s3: using flow cluster mode for AF_PACKET
[1 - Suricata-Main] 2025-05-19 17:52:01 Perf: af-packet: enp0s3: cluster_flow: 5 cores, using 5 threads
[1 - Suricata-Main] 2025-05-19 17:52:01 Perf: ioctl: enp0s3: disabling gro offloading
[1 - Suricata-Main] 2025-05-19 17:52:01 Perf: ioctl: enp0s3: disabling tso offloading
[1 - Suricata-Main] 2025-05-19 17:52:01 Perf: ioctl: enp0s3: disabling gso offloading
[1 - Suricata-Main] 2025-05-19 17:52:01 Perf: ioctl: enp0s3: disabling sg offloading
[1 - Suricata-Main] 2025-05-19 17:52:01 Warning: af-packet: enp0s3: AF_PACKET tpacket-v3 is recommended for non-inline operation
[1 - Suricata-Main] 2025-05-19 17:52:01 Info: runmodes: enp0s3: creating 5 threads
[1 - Suricata-Main] 2025-05-19 17:52:01 Config: flow-manager: using 1 flow manager threads
[1 - Suricata-Main] 2025-05-19 17:52:01 Config: flow-manager: using 1 flow recycler threads
[1 - Suricata-Main] 2025-05-19 17:52:01 Info: unix-manager: unix socket '/var/run/suricata/suricata-command.socket'
[13 - W#01-enp0s3] 2025-05-19 17:52:01 Config: af-packet: enp0s3: defrag enabled, setting snaplen to 9216
[13 - W#01-enp0s3] 2025-05-19 17:52:01 Perf: af-packet: enp0s3: rx ring: block_size=131072 block_nr=30 frame_size=9296 frame_nr=420
[14 - W#02-enp0s3] 2025-05-19 17:52:01 Config: af-packet: enp0s3: defrag enabled, setting snaplen to 9216
[14 - W#02-enp0s3] 2025-05-19 17:52:01 Perf: af-packet: enp0s3: rx ring: block_size=131072 block_nr=30 frame_size=9296 frame_nr=420
[15 - W#03-enp0s3] 2025-05-19 17:52:01 Config: af-packet: enp0s3: defrag enabled, setting snaplen to 9216
[15 - W#03-enp0s3] 2025-05-19 17:52:01 Perf: af-packet: enp0s3: rx ring: block_size=131072 block_nr=30 frame_size=9296 frame_nr=420
[16 - W#04-enp0s3] 2025-05-19 17:52:01 Config: af-packet: enp0s3: defrag enabled, setting snaplen to 9216
[16 - W#04-enp0s3] 2025-05-19 17:52:01 Perf: af-packet: enp0s3: rx ring: block_size=131072 block_nr=30 frame_size=9296 frame_nr=420
[17 - W#05-enp0s3] 2025-05-19 17:52:01 Config: af-packet: enp0s3: defrag enabled, setting snaplen to 9216
[17 - W#05-enp0s3] 2025-05-19 17:52:01 Perf: af-packet: enp0s3: rx ring: block_size=131072 block_nr=30 frame_size=9296 frame_nr=420
[1 - Suricata-Main] 2025-05-19 17:52:02 Notice: threads: Threads created -> W: 5 FM: 1 FR: 1   Engine started.
[1 - Suricata-Main] 2025-05-19 17:59:43 Notice: suricata: Signal Received.  Stopping engine.
[1 - Suricata-Main] 2025-05-19 17:59:43 Info: suricata: time elapsed 461.408s
[19 - FR#01] 2025-05-19 17:59:44 Perf: flow-manager: 594 flows processed
[13 - W#01-enp0s3] 2025-05-19 17:59:44 Perf: af-packet: enp0s3: (W#01-enp0s3) kernel: Packets 34604, dropped 0
[14 - W#02-enp0s3] 2025-05-19 17:59:44 Perf: af-packet: enp0s3: (W#02-enp0s3) kernel: Packets 841, dropped 0
[15 - W#03-enp0s3] 2025-05-19 17:59:44 Perf: af-packet: enp0s3: (W#03-enp0s3) kernel: Packets 838, dropped 0
[16 - W#04-enp0s3] 2025-05-19 17:59:44 Perf: af-packet: enp0s3: (W#04-enp0s3) kernel: Packets 6317, dropped 0
[17 - W#05-enp0s3] 2025-05-19 17:59:44 Perf: af-packet: enp0s3: (W#05-enp0s3) kernel: Packets 930, dropped 0
[1 - Suricata-Main] 2025-05-19 17:59:44 Info: counters: Alerts: 4
[1 - Suricata-Main] 2025-05-19 17:59:44 Perf: ippair: ippair memory usage: 414144 bytes, maximum: 16777216
[1 - Suricata-Main] 2025-05-19 17:59:44 Perf: host: host memory usage: 398144 bytes, maximum: 33554432
[1 - Suricata-Main] 2025-05-19 17:59:44 Notice: device: enp0s3: packets: 43530, drops: 0 (0.00%), invalid chksum: 0
[1 - Suricata-Main] 2025-05-19 17:59:44 Perf: ioctl: enp0s3: restoring gro offloading
[1 - Suricata-Main] 2025-05-19 17:59:44 Perf: ioctl: enp0s3: restoring tso offloading
[1 - Suricata-Main] 2025-05-19 17:59:44 Perf: ioctl: enp0s3: restoring gso offloading
[1 - Suricata-Main] 2025-05-19 17:59:44 Perf: ioctl: enp0s3: restoring sg offloading
[1 - Suricata-Main] 2025-05-19 17:59:54 Notice: suricata: This is Suricata version 7.0.10 RELEASE running in SYSTEM mode
[1 - Suricata-Main] 2025-05-19 17:59:54 Info: cpu: CPUs/cores online: 5
[1 - Suricata-Main] 2025-05-19 17:59:54 Info: suricata: Setting engine mode to IDS mode by default
[1 - Suricata-Main] 2025-05-19 17:59:54 Info: exception-policy: master exception-policy set to: auto
[1 - Suricata-Main] 2025-05-19 17:59:54 Config: exception-policy: app-layer.error-policy: ignore (defined via 'exception-policy' master switch)
[1 - Suricata-Main] 2025-05-19 17:59:54 Config: app-layer-htp: 'default' server has 'request-body-minimal-inspect-size' set to 33758 and 'request-body-inspect-window' set to 4135 after randomization.
[1 - Suricata-Main] 2025-05-19 17:59:54 Config: app-layer-htp: 'default' server has 'response-body-minimal-inspect-size' set to 40562 and 'response-body-inspect-window' set to 16391 after randomization.
[1 - Suricata-Main] 2025-05-19 17:59:54 Config: smb: read: max record size: 16777216, max queued chunks 64, max queued size 67108864
[1 - Suricata-Main] 2025-05-19 17:59:54 Config: smb: write: max record size: 16777216, max queued chunks 64, max queued size 67108864
[1 - Suricata-Main] 2025-05-19 17:59:54 Config: app-layer-enip: Protocol detection and parser disabled for enip protocol.
[1 - Suricata-Main] 2025-05-19 17:59:54 Config: app-layer-dnp3: Protocol detection and parser disabled for DNP3.
[1 - Suricata-Main] 2025-05-19 17:59:54 Config: host: allocated 262144 bytes of memory for the host hash... 4096 buckets of size 64
[1 - Suricata-Main] 2025-05-19 17:59:54 Config: host: preallocated 1000 hosts of size 136
[1 - Suricata-Main] 2025-05-19 17:59:54 Config: host: host memory usage: 398144 bytes, maximum: 33554432
[1 - Suricata-Main] 2025-05-19 17:59:54 Config: coredump-config: Core dump size is unlimited.
[1 - Suricata-Main] 2025-05-19 17:59:54 Config: exception-policy: defrag.memcap-policy: ignore (defined via 'exception-policy' master switch)
[1 - Suricata-Main] 2025-05-19 17:59:54 Config: defrag-hash: allocated 3670016 bytes of memory for the defrag hash... 65536 buckets of size 56
[1 - Suricata-Main] 2025-05-19 17:59:54 Config: defrag-hash: preallocated 65535 defrag trackers of size 160
[1 - Suricata-Main] 2025-05-19 17:59:54 Config: defrag-hash: defrag memory usage: 14155616 bytes, maximum: 33554432
[1 - Suricata-Main] 2025-05-19 17:59:54 Config: exception-policy: flow.memcap-policy: ignore (defined via 'exception-policy' master switch)
[1 - Suricata-Main] 2025-05-19 17:59:54 Config: flow: flow size 304, memcap allows for 441505 flows. Per hash row in perfect conditions 6
[1 - Suricata-Main] 2025-05-19 17:59:54 Config: stream-tcp: stream "prealloc-sessions": 2048 (per thread)
[1 - Suricata-Main] 2025-05-19 17:59:54 Config: stream-tcp: stream "memcap": 67108864
[1 - Suricata-Main] 2025-05-19 17:59:54 Config: stream-tcp: stream "midstream" session pickups: disabled
[1 - Suricata-Main] 2025-05-19 17:59:54 Config: stream-tcp: stream "async-oneside": disabled
[1 - Suricata-Main] 2025-05-19 17:59:54 Config: stream-tcp: stream "checksum-validation": enabled
[1 - Suricata-Main] 2025-05-19 17:59:54 Config: exception-policy: stream.memcap-policy: ignore (defined via 'exception-policy' master switch)
[1 - Suricata-Main] 2025-05-19 17:59:54 Config: exception-policy: stream.reassembly.memcap-policy: ignore (defined via 'exception-policy' master switch)
[1 - Suricata-Main] 2025-05-19 17:59:54 Config: exception-policy: stream.midstream-policy: ignore (defined via 'exception-policy' master switch)
[1 - Suricata-Main] 2025-05-19 17:59:54 Config: stream-tcp: stream."inline": disabled
[1 - Suricata-Main] 2025-05-19 17:59:54 Config: stream-tcp: stream "bypass": disabled
[1 - Suricata-Main] 2025-05-19 17:59:54 Config: stream-tcp: stream.reassembly.urgent.policy": inline
[1 - Suricata-Main] 2025-05-19 17:59:54 Config: stream-tcp: stream "max-syn-queued": 10
[1 - Suricata-Main] 2025-05-19 17:59:54 Config: stream-tcp: stream "max-synack-queued": 5
[1 - Suricata-Main] 2025-05-19 17:59:54 Config: stream-tcp: stream.reassembly "memcap": 268435456
[1 - Suricata-Main] 2025-05-19 17:59:54 Config: stream-tcp: stream.reassembly "depth": 1048576
[1 - Suricata-Main] 2025-05-19 17:59:54 Config: stream-tcp: stream.reassembly "toserver-chunk-size": 2653
[1 - Suricata-Main] 2025-05-19 17:59:54 Config: stream-tcp: stream.reassembly "toclient-chunk-size": 2604
[1 - Suricata-Main] 2025-05-19 17:59:54 Config: stream-tcp: stream.reassembly.raw: enabled
[1 - Suricata-Main] 2025-05-19 17:59:54 Config: stream-tcp: stream.liberal-timestamps: disabled
[1 - Suricata-Main] 2025-05-19 17:59:54 Config: stream-tcp-reassemble: stream.reassembly "segment-prealloc": 2048
[1 - Suricata-Main] 2025-05-19 17:59:54 Config: stream-tcp-reassemble: stream.reassembly "max-regions": 8
[1 - Suricata-Main] 2025-05-19 17:59:54 Info: conf: Running in live mode, activating unix socket
[1 - Suricata-Main] 2025-05-19 17:59:54 Info: logopenfile: fast output device (regular) initialized: fast.log
[1 - Suricata-Main] 2025-05-19 17:59:54 Info: logopenfile: eve-log output device (regular) initialized: eve.json
[1 - Suricata-Main] 2025-05-19 17:59:54 Config: runmodes: enabling 'eve-log' module 'alert'
[1 - Suricata-Main] 2025-05-19 17:59:54 Config: runmodes: enabling 'eve-log' module 'frame'
[1 - Suricata-Main] 2025-05-19 17:59:54 Config: runmodes: enabling 'eve-log' module 'anomaly'
[1 - Suricata-Main] 2025-05-19 17:59:54 Config: runmodes: enabling 'eve-log' module 'http'
[1 - Suricata-Main] 2025-05-19 17:59:54 Config: runmodes: enabling 'eve-log' module 'dns'
[1 - Suricata-Main] 2025-05-19 17:59:54 Config: runmodes: enabling 'eve-log' module 'tls'
[1 - Suricata-Main] 2025-05-19 17:59:54 Config: runmodes: enabling 'eve-log' module 'files'
[1 - Suricata-Main] 2025-05-19 17:59:54 Config: runmodes: enabling 'eve-log' module 'smtp'
[1 - Suricata-Main] 2025-05-19 17:59:54 Config: runmodes: enabling 'eve-log' module 'ftp'
[1 - Suricata-Main] 2025-05-19 17:59:54 Config: runmodes: enabling 'eve-log' module 'rdp'
[1 - Suricata-Main] 2025-05-19 17:59:54 Config: runmodes: enabling 'eve-log' module 'nfs'
[1 - Suricata-Main] 2025-05-19 17:59:54 Config: runmodes: enabling 'eve-log' module 'smb'
[1 - Suricata-Main] 2025-05-19 17:59:54 Config: runmodes: enabling 'eve-log' module 'tftp'
[1 - Suricata-Main] 2025-05-19 17:59:54 Config: runmodes: enabling 'eve-log' module 'ike'
[1 - Suricata-Main] 2025-05-19 17:59:54 Config: runmodes: enabling 'eve-log' module 'dcerpc'
[1 - Suricata-Main] 2025-05-19 17:59:54 Config: runmodes: enabling 'eve-log' module 'krb5'
[1 - Suricata-Main] 2025-05-19 17:59:54 Config: runmodes: enabling 'eve-log' module 'bittorrent-dht'
[1 - Suricata-Main] 2025-05-19 17:59:54 Config: runmodes: enabling 'eve-log' module 'snmp'
[1 - Suricata-Main] 2025-05-19 17:59:54 Config: runmodes: enabling 'eve-log' module 'rfb'
[1 - Suricata-Main] 2025-05-19 17:59:54 Config: runmodes: enabling 'eve-log' module 'sip'
[1 - Suricata-Main] 2025-05-19 17:59:54 Config: runmodes: enabling 'eve-log' module 'quic'
[1 - Suricata-Main] 2025-05-19 17:59:54 Config: runmodes: enabling 'eve-log' module 'dhcp'
[1 - Suricata-Main] 2025-05-19 17:59:54 Config: runmodes: enabling 'eve-log' module 'ssh'
[1 - Suricata-Main] 2025-05-19 17:59:54 Config: runmodes: enabling 'eve-log' module 'mqtt'
[1 - Suricata-Main] 2025-05-19 17:59:54 Config: runmodes: enabling 'eve-log' module 'http2'
[1 - Suricata-Main] 2025-05-19 17:59:54 Config: runmodes: enabling 'eve-log' module 'pgsql'
[1 - Suricata-Main] 2025-05-19 17:59:54 Config: runmodes: enabling 'eve-log' module 'stats'
[1 - Suricata-Main] 2025-05-19 17:59:54 Config: runmodes: enabling 'eve-log' module 'flow'
[1 - Suricata-Main] 2025-05-19 17:59:54 Info: logopenfile: stats output device (regular) initialized: stats.log
[1 - Suricata-Main] 2025-05-19 17:59:54 Config: landlock: Landlock is not enabled in configuration
[1 - Suricata-Main] 2025-05-19 17:59:54 Config: suricata: Delayed detect disabled
[1 - Suricata-Main] 2025-05-19 17:59:54 Config: detect: pattern matchers: MPM: ac, SPM: bm
[1 - Suricata-Main] 2025-05-19 17:59:54 Config: detect: grouping: tcp-whitelist (default) 53, 80, 139, 443, 445, 1433, 3306, 3389, 6666, 6667, 8080
[1 - Suricata-Main] 2025-05-19 17:59:54 Config: detect: grouping: udp-whitelist (default) 53, 135, 5060
[1 - Suricata-Main] 2025-05-19 17:59:54 Config: detect: prefilter engines: MPM
[1 - Suricata-Main] 2025-05-19 17:59:54 Config: reputation: IP reputation disabled
[1 - Suricata-Main] 2025-05-19 17:59:54 Config: detect: Loading rule file: /var/lib/suricata/rules/suricata.rules
[1 - Suricata-Main] 2025-05-19 17:59:55 Info: detect-fast-pattern: fast_pattern is ineffective with base64_data
[1 - Suricata-Main] 2025-05-19 17:59:55 Info: detect-fast-pattern: fast_pattern is ineffective with base64_data
[1 - Suricata-Main] 2025-05-19 17:59:55 Info: detect: 1 rule files processed. 42614 rules successfully loaded, 0 rules failed, 0
[1 - Suricata-Main] 2025-05-19 17:59:55 Info: threshold-config: Threshold config parsed: 0 rule(s) found
[1 - Suricata-Main] 2025-05-19 17:59:55 Info: detect: 42617 signatures processed. 1270 are IP-only rules, 4333 are inspecting packet payload, 36797 inspect application layer, 109 are decoder event only
[1 - Suricata-Main] 2025-05-19 17:59:55 Config: detect: building signature grouping structure, stage 1: preprocessing rules... complete
[1 - Suricata-Main] 2025-05-19 17:59:55 Perf: detect: TCP toserver: 41 port groups, 40 unique SGH's, 1 copies
[1 - Suricata-Main] 2025-05-19 17:59:55 Perf: detect: TCP toclient: 21 port groups, 21 unique SGH's, 0 copies
[1 - Suricata-Main] 2025-05-19 17:59:55 Perf: detect: UDP toserver: 41 port groups, 40 unique SGH's, 1 copies
[1 - Suricata-Main] 2025-05-19 17:59:55 Perf: detect: UDP toclient: 21 port groups, 17 unique SGH's, 4 copies
[1 - Suricata-Main] 2025-05-19 17:59:55 Perf: detect: OTHER toserver: 254 proto groups, 4 unique SGH's, 250 copies
[1 - Suricata-Main] 2025-05-19 17:59:55 Perf: detect: OTHER toclient: 254 proto groups, 0 unique SGH's, 254 copies
[1 - Suricata-Main] 2025-05-19 17:59:56 Perf: detect: Unique rule groups: 122
[1 - Suricata-Main] 2025-05-19 17:59:56 Perf: detect: Builtin MPM "toserver TCP packet": 31
[1 - Suricata-Main] 2025-05-19 17:59:56 Perf: detect: Builtin MPM "toclient TCP packet": 20
[1 - Suricata-Main] 2025-05-19 17:59:56 Perf: detect: Builtin MPM "toserver TCP stream": 34
[1 - Suricata-Main] 2025-05-19 17:59:56 Perf: detect: Builtin MPM "toclient TCP stream": 19
[1 - Suricata-Main] 2025-05-19 17:59:56 Perf: detect: Builtin MPM "toserver UDP packet": 40
[1 - Suricata-Main] 2025-05-19 17:59:56 Perf: detect: Builtin MPM "toclient UDP packet": 17
[1 - Suricata-Main] 2025-05-19 17:59:56 Perf: detect: Builtin MPM "other IP packet": 3
[1 - Suricata-Main] 2025-05-19 17:59:56 Perf: detect: AppLayer MPM "toserver http_uri (http)": 16
[1 - Suricata-Main] 2025-05-19 17:59:56 Perf: detect: AppLayer MPM "toserver http_uri (http2)": 16
[1 - Suricata-Main] 2025-05-19 17:59:56 Perf: detect: AppLayer MPM "toserver http_raw_uri (http)": 2
[1 - Suricata-Main] 2025-05-19 17:59:56 Perf: detect: AppLayer MPM "toserver http_raw_uri (http)": 2
[1 - Suricata-Main] 2025-05-19 17:59:56 Perf: detect: AppLayer MPM "toserver http_raw_uri (http2)": 2
[1 - Suricata-Main] 2025-05-19 17:59:56 Perf: detect: AppLayer MPM "toserver http_raw_uri (http2)": 2
[1 - Suricata-Main] 2025-05-19 17:59:56 Perf: detect: AppLayer MPM "toserver http_request_line (http)": 8
[1 - Suricata-Main] 2025-05-19 17:59:56 Perf: detect: AppLayer MPM "toserver http_request_line (http2)": 8
[1 - Suricata-Main] 2025-05-19 17:59:56 Perf: detect: AppLayer MPM "toserver http_client_body (http)": 14
[1 - Suricata-Main] 2025-05-19 17:59:56 Perf: detect: AppLayer MPM "toserver http_client_body (http)": 2
[1 - Suricata-Main] 2025-05-19 17:59:56 Perf: detect: AppLayer MPM "toserver http_client_body (http2)": 14
[1 - Suricata-Main] 2025-05-19 17:59:56 Perf: detect: AppLayer MPM "toserver http_client_body (http2)": 2
[1 - Suricata-Main] 2025-05-19 17:59:56 Perf: detect: AppLayer MPM "toclient http_response_line (http)": 2
[1 - Suricata-Main] 2025-05-19 17:59:56 Perf: detect: AppLayer MPM "toclient http_response_line (http2)": 2
[1 - Suricata-Main] 2025-05-19 17:59:56 Perf: detect: AppLayer MPM "toserver http_header (http)": 10
[1 - Suricata-Main] 2025-05-19 17:59:56 Perf: detect: AppLayer MPM "toserver http_header (http)": 1
[1 - Suricata-Main] 2025-05-19 17:59:56 Perf: detect: AppLayer MPM "toserver http_header (http)": 4
[1 - Suricata-Main] 2025-05-19 17:59:56 Perf: detect: AppLayer MPM "toserver http_header (http)": 4
[1 - Suricata-Main] 2025-05-19 17:59:56 Perf: detect: AppLayer MPM "toserver http_header (http)": 10
[1 - Suricata-Main] 2025-05-19 17:59:56 Perf: detect: AppLayer MPM "toclient http_header (http)": 10
[1 - Suricata-Main] 2025-05-19 17:59:56 Perf: detect: AppLayer MPM "toclient http_header (http)": 1
[1 - Suricata-Main] 2025-05-19 17:59:56 Perf: detect: AppLayer MPM "toclient http_header (http)": 4
[1 - Suricata-Main] 2025-05-19 17:59:56 Perf: detect: AppLayer MPM "toclient http_header (http)": 4
[1 - Suricata-Main] 2025-05-19 17:59:56 Perf: detect: AppLayer MPM "toclient http_header (http)": 10
[1 - Suricata-Main] 2025-05-19 17:59:56 Perf: detect: AppLayer MPM "toserver http_header (http2)": 10
[1 - Suricata-Main] 2025-05-19 17:59:56 Perf: detect: AppLayer MPM "toserver http_header (http2)": 1
[1 - Suricata-Main] 2025-05-19 17:59:56 Perf: detect: AppLayer MPM "toserver http_header (http2)": 4
[1 - Suricata-Main] 2025-05-19 17:59:56 Perf: detect: AppLayer MPM "toserver http_header (http2)": 4
[1 - Suricata-Main] 2025-05-19 17:59:56 Perf: detect: AppLayer MPM "toserver http_header (http2)": 10
[1 - Suricata-Main] 2025-05-19 17:59:56 Perf: detect: AppLayer MPM "toclient http_header (http2)": 10
[1 - Suricata-Main] 2025-05-19 17:59:56 Perf: detect: AppLayer MPM "toclient http_header (http2)": 1
[1 - Suricata-Main] 2025-05-19 17:59:56 Perf: detect: AppLayer MPM "toclient http_header (http2)": 4
[1 - Suricata-Main] 2025-05-19 17:59:56 Perf: detect: AppLayer MPM "toclient http_header (http2)": 4
[1 - Suricata-Main] 2025-05-19 17:59:56 Perf: detect: AppLayer MPM "toclient http_header (http2)": 10
[1 - Suricata-Main] 2025-05-19 17:59:56 Perf: detect: AppLayer MPM "toserver http_request_header (http2)": 2
[1 - Suricata-Main] 2025-05-19 17:59:56 Perf: detect: AppLayer MPM "toserver http_request_header (http2)": 4
[1 - Suricata-Main] 2025-05-19 17:59:56 Perf: detect: AppLayer MPM "toserver http_request_header (http)": 2
[1 - Suricata-Main] 2025-05-19 17:59:56 Perf: detect: AppLayer MPM "toserver http_request_header (http)": 4
[1 - Suricata-Main] 2025-05-19 17:59:56 Perf: detect: AppLayer MPM "toclient http_response_header (http2)": 2
[1 - Suricata-Main] 2025-05-19 17:59:56 Perf: detect: AppLayer MPM "toclient http_response_header (http2)": 2
[1 - Suricata-Main] 2025-05-19 17:59:56 Perf: detect: AppLayer MPM "toclient http_response_header (http2)": 2
[1 - Suricata-Main] 2025-05-19 17:59:56 Perf: detect: AppLayer MPM "toclient http_response_header (http2)": 2
[1 - Suricata-Main] 2025-05-19 17:59:56 Perf: detect: AppLayer MPM "toclient http_response_header (http)": 2
[1 - Suricata-Main] 2025-05-19 17:59:56 Perf: detect: AppLayer MPM "toclient http_response_header (http)": 2
[1 - Suricata-Main] 2025-05-19 17:59:56 Perf: detect: AppLayer MPM "toclient http_response_header (http)": 2
[1 - Suricata-Main] 2025-05-19 17:59:56 Perf: detect: AppLayer MPM "toclient http_response_header (http)": 2
[1 - Suricata-Main] 2025-05-19 17:59:56 Perf: detect: AppLayer MPM "toserver http_header_names (http)": 11
[1 - Suricata-Main] 2025-05-19 17:59:56 Perf: detect: AppLayer MPM "toserver http_header_names (http)": 1
[1 - Suricata-Main] 2025-05-19 17:59:56 Perf: detect: AppLayer MPM "toserver http_header_names (http)": 2
[1 - Suricata-Main] 2025-05-19 17:59:56 Perf: detect: AppLayer MPM "toserver http_header_names (http)": 4
[1 - Suricata-Main] 2025-05-19 17:59:56 Perf: detect: AppLayer MPM "toserver http_header_names (http)": 8
[1 - Suricata-Main] 2025-05-19 17:59:56 Perf: detect: AppLayer MPM "toclient http_header_names (http)": 11
[1 - Suricata-Main] 2025-05-19 17:59:56 Perf: detect: AppLayer MPM "toclient http_header_names (http)": 1
[1 - Suricata-Main] 2025-05-19 17:59:56 Perf: detect: AppLayer MPM "toclient http_header_names (http)": 2
[1 - Suricata-Main] 2025-05-19 17:59:56 Perf: detect: AppLayer MPM "toclient http_header_names (http)": 4
[1 - Suricata-Main] 2025-05-19 17:59:56 Perf: detect: AppLayer MPM "toclient http_header_names (http)": 8
[1 - Suricata-Main] 2025-05-19 17:59:56 Perf: detect: AppLayer MPM "toserver http_header_names (http2)": 11
[1 - Suricata-Main] 2025-05-19 17:59:56 Perf: detect: AppLayer MPM "toserver http_header_names (http2)": 1
[1 - Suricata-Main] 2025-05-19 17:59:56 Perf: detect: AppLayer MPM "toserver http_header_names (http2)": 2
[1 - Suricata-Main] 2025-05-19 17:59:56 Perf: detect: AppLayer MPM "toserver http_header_names (http2)": 4
[1 - Suricata-Main] 2025-05-19 17:59:56 Perf: detect: AppLayer MPM "toserver http_header_names (http2)": 8
[1 - Suricata-Main] 2025-05-19 17:59:56 Perf: detect: AppLayer MPM "toclient http_header_names (http2)": 11
[1 - Suricata-Main] 2025-05-19 17:59:56 Perf: detect: AppLayer MPM "toclient http_header_names (http2)": 1
[1 - Suricata-Main] 2025-05-19 17:59:56 Perf: detect: AppLayer MPM "toclient http_header_names (http2)": 2
[1 - Suricata-Main] 2025-05-19 17:59:56 Perf: detect: AppLayer MPM "toclient http_header_names (http2)": 4
[1 - Suricata-Main] 2025-05-19 17:59:56 Perf: detect: AppLayer MPM "toclient http_header_names (http2)": 8
[1 - Suricata-Main] 2025-05-19 17:59:56 Perf: detect: AppLayer MPM "toserver http_accept (http)": 8
[1 - Suricata-Main] 2025-05-19 17:59:56 Perf: detect: AppLayer MPM "toserver http_accept (http2)": 8
[1 - Suricata-Main] 2025-05-19 17:59:56 Perf: detect: AppLayer MPM "toserver http_accept_enc (http)": 2
[1 - Suricata-Main] 2025-05-19 17:59:56 Perf: detect: AppLayer MPM "toserver http_accept_enc (http2)": 2
[1 - Suricata-Main] 2025-05-19 17:59:56 Perf: detect: AppLayer MPM "toserver http_accept_lang (http)": 2
[1 - Suricata-Main] 2025-05-19 17:59:56 Perf: detect: AppLayer MPM "toserver http_accept_lang (http2)": 2
[1 - Suricata-Main] 2025-05-19 17:59:56 Perf: detect: AppLayer MPM "toserver http_referer (http)": 2
[1 - Suricata-Main] 2025-05-19 17:59:56 Perf: detect: AppLayer MPM "toserver http_referer (http2)": 2
[1 - Suricata-Main] 2025-05-19 17:59:56 Perf: detect: AppLayer MPM "toserver http_connection (http)": 2
[1 - Suricata-Main] 2025-05-19 17:59:56 Perf: detect: AppLayer MPM "toserver http_connection (http2)": 2
[1 - Suricata-Main] 2025-05-19 17:59:56 Perf: detect: AppLayer MPM "toclient http_connection (http)": 2
[1 - Suricata-Main] 2025-05-19 17:59:56 Perf: detect: AppLayer MPM "toclient http_connection (http2)": 2
[1 - Suricata-Main] 2025-05-19 17:59:56 Perf: detect: AppLayer MPM "toserver http_content_len (http)": 4
[1 - Suricata-Main] 2025-05-19 17:59:56 Perf: detect: AppLayer MPM "toserver http_content_len (http2)": 4
[1 - Suricata-Main] 2025-05-19 17:59:56 Perf: detect: AppLayer MPM "toclient http_content_len (http)": 4
[1 - Suricata-Main] 2025-05-19 17:59:56 Perf: detect: AppLayer MPM "toclient http_content_len (http2)": 4
[1 - Suricata-Main] 2025-05-19 17:59:56 Perf: detect: AppLayer MPM "toserver http_content_type (http)": 4
[1 - Suricata-Main] 2025-05-19 17:59:56 Perf: detect: AppLayer MPM "toserver http_content_type (http2)": 4
[1 - Suricata-Main] 2025-05-19 17:59:56 Perf: detect: AppLayer MPM "toclient http_content_type (http)": 4
[1 - Suricata-Main] 2025-05-19 17:59:56 Perf: detect: AppLayer MPM "toclient http_content_type (http2)": 4
[1 - Suricata-Main] 2025-05-19 17:59:56 Perf: detect: AppLayer MPM "toclient http.server (http)": 4
[1 - Suricata-Main] 2025-05-19 17:59:56 Perf: detect: AppLayer MPM "toclient http.server (http2)": 4
[1 - Suricata-Main] 2025-05-19 17:59:56 Perf: detect: AppLayer MPM "toclient http.location (http)": 2
[1 - Suricata-Main] 2025-05-19 17:59:56 Perf: detect: AppLayer MPM "toclient http.location (http2)": 2
[1 - Suricata-Main] 2025-05-19 17:59:56 Perf: detect: AppLayer MPM "toserver http_start (http)": 6
[1 - Suricata-Main] 2025-05-19 17:59:56 Perf: detect: AppLayer MPM "toclient http_start (http)": 6
[1 - Suricata-Main] 2025-05-19 17:59:56 Perf: detect: AppLayer MPM "toserver http_raw_header (http)": 4
[1 - Suricata-Main] 2025-05-19 17:59:56 Perf: detect: AppLayer MPM "toserver http_raw_header (http)": 2
[1 - Suricata-Main] 2025-05-19 17:59:56 Perf: detect: AppLayer MPM "toserver http_raw_header (http)": 4
[1 - Suricata-Main] 2025-05-19 17:59:56 Perf: detect: AppLayer MPM "toclient http_raw_header (http)": 4
[1 - Suricata-Main] 2025-05-19 17:59:56 Perf: detect: AppLayer MPM "toclient http_raw_header (http)": 2
[1 - Suricata-Main] 2025-05-19 17:59:56 Perf: detect: AppLayer MPM "toclient http_raw_header (http)": 4
[1 - Suricata-Main] 2025-05-19 17:59:56 Perf: detect: AppLayer MPM "toserver http_raw_header (http2)": 4
[1 - Suricata-Main] 2025-05-19 17:59:56 Perf: detect: AppLayer MPM "toserver http_raw_header (http2)": 2
[1 - Suricata-Main] 2025-05-19 17:59:56 Perf: detect: AppLayer MPM "toserver http_raw_header (http2)": 4
[1 - Suricata-Main] 2025-05-19 17:59:56 Perf: detect: AppLayer MPM "toclient http_raw_header (http2)": 4
[1 - Suricata-Main] 2025-05-19 17:59:56 Perf: detect: AppLayer MPM "toclient http_raw_header (http2)": 2
[1 - Suricata-Main] 2025-05-19 17:59:56 Perf: detect: AppLayer MPM "toclient http_raw_header (http2)": 4
[1 - Suricata-Main] 2025-05-19 17:59:56 Perf: detect: AppLayer MPM "toserver http_method (http)": 4
[1 - Suricata-Main] 2025-05-19 17:59:56 Perf: detect: AppLayer MPM "toserver http_method (http2)": 4
[1 - Suricata-Main] 2025-05-19 17:59:56 Perf: detect: AppLayer MPM "toserver http_cookie (http)": 8
[1 - Suricata-Main] 2025-05-19 17:59:56 Perf: detect: AppLayer MPM "toclient http_cookie (http)": 8
[1 - Suricata-Main] 2025-05-19 17:59:56 Perf: detect: AppLayer MPM "toserver http_cookie (http2)": 8
[1 - Suricata-Main] 2025-05-19 17:59:56 Perf: detect: AppLayer MPM "toclient http_cookie (http2)": 8
[1 - Suricata-Main] 2025-05-19 17:59:56 Perf: detect: AppLayer MPM "toserver http_user_agent (http)": 15
[1 - Suricata-Main] 2025-05-19 17:59:56 Perf: detect: AppLayer MPM "toserver http_user_agent (http2)": 15
[1 - Suricata-Main] 2025-05-19 17:59:56 Perf: detect: AppLayer MPM "toserver http_host (http)": 2
[1 - Suricata-Main] 2025-05-19 17:59:56 Perf: detect: AppLayer MPM "toserver http_host (http)": 4
[1 - Suricata-Main] 2025-05-19 17:59:56 Perf: detect: AppLayer MPM "toserver http_host (http2)": 2
[1 - Suricata-Main] 2025-05-19 17:59:56 Perf: detect: AppLayer MPM "toserver http_host (http2)": 4
[1 - Suricata-Main] 2025-05-19 17:59:56 Perf: detect: AppLayer MPM "toserver http_raw_host (http)": 2
[1 - Suricata-Main] 2025-05-19 17:59:56 Perf: detect: AppLayer MPM "toserver http_raw_host (http2)": 2
[1 - Suricata-Main] 2025-05-19 17:59:56 Perf: detect: AppLayer MPM "toclient http_stat_code (http)": 4
[1 - Suricata-Main] 2025-05-19 17:59:56 Perf: detect: AppLayer MPM "toclient http_stat_code (http2)": 4
[1 - Suricata-Main] 2025-05-19 17:59:56 Perf: detect: AppLayer MPM "toserver dns_query (dns)": 2
[1 - Suricata-Main] 2025-05-19 17:59:56 Perf: detect: AppLayer MPM "toserver dns_query (dns)": 1
[1 - Suricata-Main] 2025-05-19 17:59:56 Perf: detect: AppLayer MPM "toserver tls.sni (tls)": 3
[1 - Suricata-Main] 2025-05-19 17:59:56 Perf: detect: AppLayer MPM "toserver tls.sni (tls)": 1
[1 - Suricata-Main] 2025-05-19 17:59:56 Perf: detect: AppLayer MPM "toserver tls.cert_issuer (tls)": 6
[1 - Suricata-Main] 2025-05-19 17:59:56 Perf: detect: AppLayer MPM "toclient tls.cert_issuer (tls)": 6
[1 - Suricata-Main] 2025-05-19 17:59:56 Perf: detect: AppLayer MPM "toserver tls.cert_subject (tls)": 4
[1 - Suricata-Main] 2025-05-19 17:59:56 Perf: detect: AppLayer MPM "toclient tls.cert_subject (tls)": 4
[1 - Suricata-Main] 2025-05-19 17:59:56 Perf: detect: AppLayer MPM "toclient tls.cert_serial (tls)": 2
[1 - Suricata-Main] 2025-05-19 17:59:56 Perf: detect: AppLayer MPM "toserver tls.cert_serial (tls)": 2
[1 - Suricata-Main] 2025-05-19 17:59:56 Perf: detect: AppLayer MPM "toclient tls.cert_fingerprint (tls)": 1
[1 - Suricata-Main] 2025-05-19 17:59:56 Perf: detect: AppLayer MPM "toserver tls.cert_fingerprint (tls)": 1
[1 - Suricata-Main] 2025-05-19 17:59:56 Perf: detect: AppLayer MPM "toclient tls.certs (tls)": 2
[1 - Suricata-Main] 2025-05-19 17:59:56 Perf: detect: AppLayer MPM "toserver tls.certs (tls)": 2
[1 - Suricata-Main] 2025-05-19 17:59:56 Perf: detect: AppLayer MPM "toserver ja3.hash (tls)": 2
[1 - Suricata-Main] 2025-05-19 17:59:56 Perf: detect: AppLayer MPM "toserver ja3.hash (quic)": 2
[1 - Suricata-Main] 2025-05-19 17:59:56 Perf: detect: AppLayer MPM "toclient ja3s.hash (tls)": 1
[1 - Suricata-Main] 2025-05-19 17:59:56 Perf: detect: AppLayer MPM "toclient ja3s.hash (quic)": 1
[1 - Suricata-Main] 2025-05-19 17:59:56 Perf: detect: AppLayer MPM "toserver ssh.proto (ssh)": 1
[1 - Suricata-Main] 2025-05-19 17:59:56 Perf: detect: AppLayer MPM "toclient ssh.proto (ssh)": 1
[1 - Suricata-Main] 2025-05-19 17:59:56 Perf: detect: AppLayer MPM "toclient file_data (nfs)": 17
[1 - Suricata-Main] 2025-05-19 17:59:56 Perf: detect: AppLayer MPM "toclient file_data (nfs)": 2
[1 - Suricata-Main] 2025-05-19 17:59:56 Perf: detect: AppLayer MPM "toserver file_data (nfs)": 17
[1 - Suricata-Main] 2025-05-19 17:59:56 Perf: detect: AppLayer MPM "toserver file_data (nfs)": 2
[1 - Suricata-Main] 2025-05-19 17:59:56 Perf: detect: AppLayer MPM "toclient file_data (smb)": 17
[1 - Suricata-Main] 2025-05-19 17:59:56 Perf: detect: AppLayer MPM "toclient file_data (smb)": 2
[1 - Suricata-Main] 2025-05-19 17:59:56 Perf: detect: AppLayer MPM "toserver file_data (smb)": 17
[1 - Suricata-Main] 2025-05-19 17:59:56 Perf: detect: AppLayer MPM "toserver file_data (smb)": 2
[1 - Suricata-Main] 2025-05-19 17:59:56 Perf: detect: AppLayer MPM "toclient file_data (ftp)": 17
[1 - Suricata-Main] 2025-05-19 17:59:56 Perf: detect: AppLayer MPM "toclient file_data (ftp)": 2
[1 - Suricata-Main] 2025-05-19 17:59:56 Perf: detect: AppLayer MPM "toserver file_data (ftp)": 17
[1 - Suricata-Main] 2025-05-19 17:59:56 Perf: detect: AppLayer MPM "toserver file_data (ftp)": 2
[1 - Suricata-Main] 2025-05-19 17:59:56 Perf: detect: AppLayer MPM "toclient file_data (ftp-data)": 17
[1 - Suricata-Main] 2025-05-19 17:59:56 Perf: detect: AppLayer MPM "toclient file_data (ftp-data)": 2
[1 - Suricata-Main] 2025-05-19 17:59:56 Perf: detect: AppLayer MPM "toserver file_data (ftp-data)": 17
[1 - Suricata-Main] 2025-05-19 17:59:56 Perf: detect: AppLayer MPM "toserver file_data (ftp-data)": 2
[1 - Suricata-Main] 2025-05-19 17:59:56 Perf: detect: AppLayer MPM "toclient file_data (http)": 17
[1 - Suricata-Main] 2025-05-19 17:59:56 Perf: detect: AppLayer MPM "toclient file_data (http)": 2
[1 - Suricata-Main] 2025-05-19 17:59:56 Perf: detect: AppLayer MPM "toserver file_data (http)": 17
[1 - Suricata-Main] 2025-05-19 17:59:56 Perf: detect: AppLayer MPM "toserver file_data (http)": 2
[1 - Suricata-Main] 2025-05-19 17:59:56 Perf: detect: AppLayer MPM "toclient file_data (http2)": 17
[1 - Suricata-Main] 2025-05-19 17:59:56 Perf: detect: AppLayer MPM "toclient file_data (http2)": 2
[1 - Suricata-Main] 2025-05-19 17:59:56 Perf: detect: AppLayer MPM "toserver file_data (http2)": 17
[1 - Suricata-Main] 2025-05-19 17:59:56 Perf: detect: AppLayer MPM "toserver file_data (http2)": 2
[1 - Suricata-Main] 2025-05-19 17:59:56 Perf: detect: AppLayer MPM "toserver file_data (smtp)": 17
[1 - Suricata-Main] 2025-05-19 17:59:56 Perf: detect: AppLayer MPM "toserver file_data (smtp)": 2
[1 - Suricata-Main] 2025-05-19 17:59:56 Perf: detect: Pkt MPM "icmpv6.hdr": 1
[1 - Suricata-Main] 2025-05-19 17:59:56 Perf: detect: Pkt MPM "ipv6.hdr": 1
[1 - Suricata-Main] 2025-05-19 17:59:58 Config: af-packet: enp0s3: using flow cluster mode for AF_PACKET
[1 - Suricata-Main] 2025-05-19 17:59:58 Perf: af-packet: enp0s3: cluster_flow: 5 cores, using 5 threads
[1 - Suricata-Main] 2025-05-19 17:59:58 Perf: ioctl: enp0s3: disabling gro offloading
[1 - Suricata-Main] 2025-05-19 17:59:58 Perf: ioctl: enp0s3: disabling tso offloading
[1 - Suricata-Main] 2025-05-19 17:59:58 Perf: ioctl: enp0s3: disabling gso offloading
[1 - Suricata-Main] 2025-05-19 17:59:58 Perf: ioctl: enp0s3: disabling sg offloading
[1 - Suricata-Main] 2025-05-19 17:59:58 Warning: af-packet: enp0s3: AF_PACKET tpacket-v3 is recommended for non-inline operation
[1 - Suricata-Main] 2025-05-19 17:59:58 Info: runmodes: enp0s3: creating 5 threads
[1 - Suricata-Main] 2025-05-19 17:59:59 Config: flow-manager: using 1 flow manager threads
[1 - Suricata-Main] 2025-05-19 17:59:59 Config: flow-manager: using 1 flow recycler threads
[1 - Suricata-Main] 2025-05-19 17:59:59 Info: unix-manager: unix socket '/var/run/suricata/suricata-command.socket'
[11 - W#01-enp0s3] 2025-05-19 17:59:59 Config: af-packet: enp0s3: defrag enabled, setting snaplen to 9216
[11 - W#01-enp0s3] 2025-05-19 17:59:59 Perf: af-packet: enp0s3: rx ring: block_size=131072 block_nr=30 frame_size=9296 frame_nr=420
[12 - W#02-enp0s3] 2025-05-19 17:59:59 Config: af-packet: enp0s3: defrag enabled, setting snaplen to 9216
[12 - W#02-enp0s3] 2025-05-19 17:59:59 Perf: af-packet: enp0s3: rx ring: block_size=131072 block_nr=30 frame_size=9296 frame_nr=420
[13 - W#03-enp0s3] 2025-05-19 17:59:59 Config: af-packet: enp0s3: defrag enabled, setting snaplen to 9216
[13 - W#03-enp0s3] 2025-05-19 17:59:59 Perf: af-packet: enp0s3: rx ring: block_size=131072 block_nr=30 frame_size=9296 frame_nr=420
[14 - W#04-enp0s3] 2025-05-19 17:59:59 Config: af-packet: enp0s3: defrag enabled, setting snaplen to 9216
[14 - W#04-enp0s3] 2025-05-19 17:59:59 Perf: af-packet: enp0s3: rx ring: block_size=131072 block_nr=30 frame_size=9296 frame_nr=420
[15 - W#05-enp0s3] 2025-05-19 17:59:59 Config: af-packet: enp0s3: defrag enabled, setting snaplen to 9216
[15 - W#05-enp0s3] 2025-05-19 17:59:59 Perf: af-packet: enp0s3: rx ring: block_size=131072 block_nr=30 frame_size=9296 frame_nr=420
[1 - Suricata-Main] 2025-05-19 17:59:59 Notice: threads: Threads created -> W: 5 FM: 1 FR: 1   Engine started.
[1 - Suricata-Main] 2025-05-19 18:06:13 Notice: suricata: Signal Received.  Stopping engine.
[1 - Suricata-Main] 2025-05-19 18:06:13 Info: suricata: time elapsed 374.532s
[17 - FR#01] 2025-05-19 18:06:14 Perf: flow-manager: 540 flows processed
[11 - W#01-enp0s3] 2025-05-19 18:06:14 Perf: af-packet: enp0s3: (W#01-enp0s3) kernel: Packets 25103, dropped 0
[12 - W#02-enp0s3] 2025-05-19 18:06:14 Perf: af-packet: enp0s3: (W#02-enp0s3) kernel: Packets 675, dropped 0
[13 - W#03-enp0s3] 2025-05-19 18:06:14 Perf: af-packet: enp0s3: (W#03-enp0s3) kernel: Packets 805, dropped 0
[14 - W#04-enp0s3] 2025-05-19 18:06:14 Perf: af-packet: enp0s3: (W#04-enp0s3) kernel: Packets 8017, dropped 0
[15 - W#05-enp0s3] 2025-05-19 18:06:14 Perf: af-packet: enp0s3: (W#05-enp0s3) kernel: Packets 705, dropped 0
[1 - Suricata-Main] 2025-05-19 18:06:14 Info: counters: Alerts: 0
[1 - Suricata-Main] 2025-05-19 18:06:14 Perf: ippair: ippair memory usage: 414144 bytes, maximum: 16777216
[1 - Suricata-Main] 2025-05-19 18:06:14 Perf: host: host memory usage: 398144 bytes, maximum: 33554432
[1 - Suricata-Main] 2025-05-19 18:06:14 Notice: device: enp0s3: packets: 35305, drops: 0 (0.00%), invalid chksum: 0
[1 - Suricata-Main] 2025-05-19 18:06:14 Perf: ioctl: enp0s3: restoring gro offloading
[1 - Suricata-Main] 2025-05-19 18:06:14 Perf: ioctl: enp0s3: restoring tso offloading
[1 - Suricata-Main] 2025-05-19 18:06:14 Perf: ioctl: enp0s3: restoring gso offloading
[1 - Suricata-Main] 2025-05-19 18:06:14 Perf: ioctl: enp0s3: restoring sg offloading
[1 - Suricata-Main] 2025-05-19 19:49:53 Notice: suricata: This is Suricata version 7.0.10 RELEASE running in SYSTEM mode
[1 - Suricata-Main] 2025-05-19 19:49:53 Info: cpu: CPUs/cores online: 5
[1 - Suricata-Main] 2025-05-19 19:49:53 Info: suricata: Setting engine mode to IDS mode by default
[1 - Suricata-Main] 2025-05-19 19:49:53 Info: exception-policy: master exception-policy set to: auto
[1 - Suricata-Main] 2025-05-19 19:49:53 Config: exception-policy: app-layer.error-policy: ignore (defined via 'exception-policy' master switch)
[1 - Suricata-Main] 2025-05-19 19:49:53 Config: app-layer-htp: 'default' server has 'request-body-minimal-inspect-size' set to 33045 and 'request-body-inspect-window' set to 4154 after randomization.
[1 - Suricata-Main] 2025-05-19 19:49:53 Config: app-layer-htp: 'default' server has 'response-body-minimal-inspect-size' set to 39872 and 'response-body-inspect-window' set to 16971 after randomization.
[1 - Suricata-Main] 2025-05-19 19:49:53 Config: smb: read: max record size: 16777216, max queued chunks 64, max queued size 67108864
[1 - Suricata-Main] 2025-05-19 19:49:53 Config: smb: write: max record size: 16777216, max queued chunks 64, max queued size 67108864
[1 - Suricata-Main] 2025-05-19 19:49:53 Config: app-layer-enip: Protocol detection and parser disabled for enip protocol.
[1 - Suricata-Main] 2025-05-19 19:49:53 Config: app-layer-dnp3: Protocol detection and parser disabled for DNP3.
[1 - Suricata-Main] 2025-05-19 19:49:53 Config: host: allocated 262144 bytes of memory for the host hash... 4096 buckets of size 64
[1 - Suricata-Main] 2025-05-19 19:49:53 Config: host: preallocated 1000 hosts of size 136
[1 - Suricata-Main] 2025-05-19 19:49:53 Config: host: host memory usage: 398144 bytes, maximum: 33554432
[1 - Suricata-Main] 2025-05-19 19:49:53 Config: coredump-config: Core dump size is unlimited.
[1 - Suricata-Main] 2025-05-19 19:49:53 Config: exception-policy: defrag.memcap-policy: ignore (defined via 'exception-policy' master switch)
[1 - Suricata-Main] 2025-05-19 19:49:53 Config: defrag-hash: allocated 3670016 bytes of memory for the defrag hash... 65536 buckets of size 56
[1 - Suricata-Main] 2025-05-19 19:49:53 Config: defrag-hash: preallocated 65535 defrag trackers of size 160
[1 - Suricata-Main] 2025-05-19 19:49:53 Config: defrag-hash: defrag memory usage: 14155616 bytes, maximum: 33554432
[1 - Suricata-Main] 2025-05-19 19:49:53 Config: exception-policy: flow.memcap-policy: ignore (defined via 'exception-policy' master switch)
[1 - Suricata-Main] 2025-05-19 19:49:53 Config: flow: flow size 304, memcap allows for 441505 flows. Per hash row in perfect conditions 6
[1 - Suricata-Main] 2025-05-19 19:49:53 Config: stream-tcp: stream "prealloc-sessions": 2048 (per thread)
[1 - Suricata-Main] 2025-05-19 19:49:53 Config: stream-tcp: stream "memcap": 67108864
[1 - Suricata-Main] 2025-05-19 19:49:53 Config: stream-tcp: stream "midstream" session pickups: disabled
[1 - Suricata-Main] 2025-05-19 19:49:53 Config: stream-tcp: stream "async-oneside": disabled
[1 - Suricata-Main] 2025-05-19 19:49:53 Config: stream-tcp: stream "checksum-validation": enabled
[1 - Suricata-Main] 2025-05-19 19:49:53 Config: exception-policy: stream.memcap-policy: ignore (defined via 'exception-policy' master switch)
[1 - Suricata-Main] 2025-05-19 19:49:53 Config: exception-policy: stream.reassembly.memcap-policy: ignore (defined via 'exception-policy' master switch)
[1 - Suricata-Main] 2025-05-19 19:49:53 Config: exception-policy: stream.midstream-policy: ignore (defined via 'exception-policy' master switch)
[1 - Suricata-Main] 2025-05-19 19:49:53 Config: stream-tcp: stream."inline": disabled
[1 - Suricata-Main] 2025-05-19 19:49:53 Config: stream-tcp: stream "bypass": disabled
[1 - Suricata-Main] 2025-05-19 19:49:53 Config: stream-tcp: stream.reassembly.urgent.policy": inline
[1 - Suricata-Main] 2025-05-19 19:49:53 Config: stream-tcp: stream "max-syn-queued": 10
[1 - Suricata-Main] 2025-05-19 19:49:53 Config: stream-tcp: stream "max-synack-queued": 5
[1 - Suricata-Main] 2025-05-19 19:49:53 Config: stream-tcp: stream.reassembly "memcap": 268435456
[1 - Suricata-Main] 2025-05-19 19:49:53 Config: stream-tcp: stream.reassembly "depth": 1048576
[1 - Suricata-Main] 2025-05-19 19:49:53 Config: stream-tcp: stream.reassembly "toserver-chunk-size": 2659
[1 - Suricata-Main] 2025-05-19 19:49:53 Config: stream-tcp: stream.reassembly "toclient-chunk-size": 2640
[1 - Suricata-Main] 2025-05-19 19:49:53 Config: stream-tcp: stream.reassembly.raw: enabled
[1 - Suricata-Main] 2025-05-19 19:49:53 Config: stream-tcp: stream.liberal-timestamps: disabled
[1 - Suricata-Main] 2025-05-19 19:49:53 Config: stream-tcp-reassemble: stream.reassembly "segment-prealloc": 2048
[1 - Suricata-Main] 2025-05-19 19:49:53 Config: stream-tcp-reassemble: stream.reassembly "max-regions": 8
[1 - Suricata-Main] 2025-05-19 19:49:53 Info: conf: Running in live mode, activating unix socket
[1 - Suricata-Main] 2025-05-19 19:49:53 Info: logopenfile: fast output device (regular) initialized: fast.log
[1 - Suricata-Main] 2025-05-19 19:49:53 Info: logopenfile: eve-log output device (regular) initialized: eve.json
[1 - Suricata-Main] 2025-05-19 19:49:53 Config: runmodes: enabling 'eve-log' module 'alert'
[1 - Suricata-Main] 2025-05-19 19:49:53 Config: runmodes: enabling 'eve-log' module 'frame'
[1 - Suricata-Main] 2025-05-19 19:49:53 Config: runmodes: enabling 'eve-log' module 'anomaly'
[1 - Suricata-Main] 2025-05-19 19:49:53 Config: runmodes: enabling 'eve-log' module 'http'
[1 - Suricata-Main] 2025-05-19 19:49:53 Config: runmodes: enabling 'eve-log' module 'dns'
[1 - Suricata-Main] 2025-05-19 19:49:53 Config: runmodes: enabling 'eve-log' module 'tls'
[1 - Suricata-Main] 2025-05-19 19:49:53 Config: runmodes: enabling 'eve-log' module 'files'
[1 - Suricata-Main] 2025-05-19 19:49:53 Config: runmodes: enabling 'eve-log' module 'smtp'
[1 - Suricata-Main] 2025-05-19 19:49:53 Config: runmodes: enabling 'eve-log' module 'ftp'
[1 - Suricata-Main] 2025-05-19 19:49:53 Config: runmodes: enabling 'eve-log' module 'rdp'
[1 - Suricata-Main] 2025-05-19 19:49:53 Config: runmodes: enabling 'eve-log' module 'nfs'
[1 - Suricata-Main] 2025-05-19 19:49:53 Config: runmodes: enabling 'eve-log' module 'smb'
[1 - Suricata-Main] 2025-05-19 19:49:53 Config: runmodes: enabling 'eve-log' module 'tftp'
[1 - Suricata-Main] 2025-05-19 19:49:53 Config: runmodes: enabling 'eve-log' module 'ike'
[1 - Suricata-Main] 2025-05-19 19:49:53 Config: runmodes: enabling 'eve-log' module 'dcerpc'
[1 - Suricata-Main] 2025-05-19 19:49:53 Config: runmodes: enabling 'eve-log' module 'krb5'
[1 - Suricata-Main] 2025-05-19 19:49:53 Config: runmodes: enabling 'eve-log' module 'bittorrent-dht'
[1 - Suricata-Main] 2025-05-19 19:49:53 Config: runmodes: enabling 'eve-log' module 'snmp'
[1 - Suricata-Main] 2025-05-19 19:49:53 Config: runmodes: enabling 'eve-log' module 'rfb'
[1 - Suricata-Main] 2025-05-19 19:49:53 Config: runmodes: enabling 'eve-log' module 'sip'
[1 - Suricata-Main] 2025-05-19 19:49:53 Config: runmodes: enabling 'eve-log' module 'quic'
[1 - Suricata-Main] 2025-05-19 19:49:53 Config: runmodes: enabling 'eve-log' module 'dhcp'
[1 - Suricata-Main] 2025-05-19 19:49:53 Config: runmodes: enabling 'eve-log' module 'ssh'
[1 - Suricata-Main] 2025-05-19 19:49:53 Config: runmodes: enabling 'eve-log' module 'mqtt'
[1 - Suricata-Main] 2025-05-19 19:49:53 Config: runmodes: enabling 'eve-log' module 'http2'
[1 - Suricata-Main] 2025-05-19 19:49:53 Config: runmodes: enabling 'eve-log' module 'pgsql'
[1 - Suricata-Main] 2025-05-19 19:49:53 Config: runmodes: enabling 'eve-log' module 'stats'
[1 - Suricata-Main] 2025-05-19 19:49:53 Config: runmodes: enabling 'eve-log' module 'flow'
[1 - Suricata-Main] 2025-05-19 19:49:53 Info: logopenfile: stats output device (regular) initialized: stats.log
[1 - Suricata-Main] 2025-05-19 19:49:53 Config: landlock: Landlock is not enabled in configuration
[1 - Suricata-Main] 2025-05-19 19:49:53 Config: suricata: Delayed detect disabled
[1 - Suricata-Main] 2025-05-19 19:49:53 Config: detect: pattern matchers: MPM: ac, SPM: bm
[1 - Suricata-Main] 2025-05-19 19:49:53 Config: detect: grouping: tcp-whitelist (default) 53, 80, 139, 443, 445, 1433, 3306, 3389, 6666, 6667, 8080
[1 - Suricata-Main] 2025-05-19 19:49:53 Config: detect: grouping: udp-whitelist (default) 53, 135, 5060
[1 - Suricata-Main] 2025-05-19 19:49:53 Config: detect: prefilter engines: MPM
[1 - Suricata-Main] 2025-05-19 19:49:53 Config: reputation: IP reputation disabled
[1 - Suricata-Main] 2025-05-19 19:49:53 Config: detect: Loading rule file: /var/lib/suricata/rules/suricata.rules
[1 - Suricata-Main] 2025-05-19 19:49:54 Info: detect-fast-pattern: fast_pattern is ineffective with base64_data
[1 - Suricata-Main] 2025-05-19 19:49:54 Info: detect-fast-pattern: fast_pattern is ineffective with base64_data
[1 - Suricata-Main] 2025-05-19 19:49:54 Info: detect: 1 rule files processed. 42614 rules successfully loaded, 0 rules failed, 0
[1 - Suricata-Main] 2025-05-19 19:49:54 Info: threshold-config: Threshold config parsed: 0 rule(s) found
[1 - Suricata-Main] 2025-05-19 19:49:54 Info: detect: 42617 signatures processed. 1270 are IP-only rules, 4333 are inspecting packet payload, 36797 inspect application layer, 109 are decoder event only
[1 - Suricata-Main] 2025-05-19 19:49:54 Config: detect: building signature grouping structure, stage 1: preprocessing rules... complete
[1 - Suricata-Main] 2025-05-19 19:49:54 Perf: detect: TCP toserver: 41 port groups, 40 unique SGH's, 1 copies
[1 - Suricata-Main] 2025-05-19 19:49:54 Perf: detect: TCP toclient: 21 port groups, 21 unique SGH's, 0 copies
[1 - Suricata-Main] 2025-05-19 19:49:54 Perf: detect: UDP toserver: 41 port groups, 40 unique SGH's, 1 copies
[1 - Suricata-Main] 2025-05-19 19:49:54 Perf: detect: UDP toclient: 21 port groups, 17 unique SGH's, 4 copies
[1 - Suricata-Main] 2025-05-19 19:49:54 Perf: detect: OTHER toserver: 254 proto groups, 4 unique SGH's, 250 copies
[1 - Suricata-Main] 2025-05-19 19:49:54 Perf: detect: OTHER toclient: 254 proto groups, 0 unique SGH's, 254 copies
[1 - Suricata-Main] 2025-05-19 19:49:55 Perf: detect: Unique rule groups: 122
[1 - Suricata-Main] 2025-05-19 19:49:55 Perf: detect: Builtin MPM "toserver TCP packet": 31
[1 - Suricata-Main] 2025-05-19 19:49:55 Perf: detect: Builtin MPM "toclient TCP packet": 20
[1 - Suricata-Main] 2025-05-19 19:49:55 Perf: detect: Builtin MPM "toserver TCP stream": 34
[1 - Suricata-Main] 2025-05-19 19:49:55 Perf: detect: Builtin MPM "toclient TCP stream": 19
[1 - Suricata-Main] 2025-05-19 19:49:55 Perf: detect: Builtin MPM "toserver UDP packet": 40
[1 - Suricata-Main] 2025-05-19 19:49:55 Perf: detect: Builtin MPM "toclient UDP packet": 17
[1 - Suricata-Main] 2025-05-19 19:49:55 Perf: detect: Builtin MPM "other IP packet": 3
[1 - Suricata-Main] 2025-05-19 19:49:55 Perf: detect: AppLayer MPM "toserver http_uri (http)": 16
[1 - Suricata-Main] 2025-05-19 19:49:55 Perf: detect: AppLayer MPM "toserver http_uri (http2)": 16
[1 - Suricata-Main] 2025-05-19 19:49:55 Perf: detect: AppLayer MPM "toserver http_raw_uri (http)": 2
[1 - Suricata-Main] 2025-05-19 19:49:55 Perf: detect: AppLayer MPM "toserver http_raw_uri (http)": 2
[1 - Suricata-Main] 2025-05-19 19:49:55 Perf: detect: AppLayer MPM "toserver http_raw_uri (http2)": 2
[1 - Suricata-Main] 2025-05-19 19:49:55 Perf: detect: AppLayer MPM "toserver http_raw_uri (http2)": 2
[1 - Suricata-Main] 2025-05-19 19:49:55 Perf: detect: AppLayer MPM "toserver http_request_line (http)": 8
[1 - Suricata-Main] 2025-05-19 19:49:55 Perf: detect: AppLayer MPM "toserver http_request_line (http2)": 8
[1 - Suricata-Main] 2025-05-19 19:49:55 Perf: detect: AppLayer MPM "toserver http_client_body (http)": 14
[1 - Suricata-Main] 2025-05-19 19:49:55 Perf: detect: AppLayer MPM "toserver http_client_body (http)": 2
[1 - Suricata-Main] 2025-05-19 19:49:55 Perf: detect: AppLayer MPM "toserver http_client_body (http2)": 14
[1 - Suricata-Main] 2025-05-19 19:49:55 Perf: detect: AppLayer MPM "toserver http_client_body (http2)": 2
[1 - Suricata-Main] 2025-05-19 19:49:55 Perf: detect: AppLayer MPM "toclient http_response_line (http)": 2
[1 - Suricata-Main] 2025-05-19 19:49:55 Perf: detect: AppLayer MPM "toclient http_response_line (http2)": 2
[1 - Suricata-Main] 2025-05-19 19:49:55 Perf: detect: AppLayer MPM "toserver http_header (http)": 10
[1 - Suricata-Main] 2025-05-19 19:49:55 Perf: detect: AppLayer MPM "toserver http_header (http)": 1
[1 - Suricata-Main] 2025-05-19 19:49:55 Perf: detect: AppLayer MPM "toserver http_header (http)": 4
[1 - Suricata-Main] 2025-05-19 19:49:55 Perf: detect: AppLayer MPM "toserver http_header (http)": 4
[1 - Suricata-Main] 2025-05-19 19:49:55 Perf: detect: AppLayer MPM "toserver http_header (http)": 10
[1 - Suricata-Main] 2025-05-19 19:49:55 Perf: detect: AppLayer MPM "toclient http_header (http)": 10
[1 - Suricata-Main] 2025-05-19 19:49:55 Perf: detect: AppLayer MPM "toclient http_header (http)": 1
[1 - Suricata-Main] 2025-05-19 19:49:55 Perf: detect: AppLayer MPM "toclient http_header (http)": 4
[1 - Suricata-Main] 2025-05-19 19:49:55 Perf: detect: AppLayer MPM "toclient http_header (http)": 4
[1 - Suricata-Main] 2025-05-19 19:49:55 Perf: detect: AppLayer MPM "toclient http_header (http)": 10
[1 - Suricata-Main] 2025-05-19 19:49:55 Perf: detect: AppLayer MPM "toserver http_header (http2)": 10
[1 - Suricata-Main] 2025-05-19 19:49:55 Perf: detect: AppLayer MPM "toserver http_header (http2)": 1
[1 - Suricata-Main] 2025-05-19 19:49:55 Perf: detect: AppLayer MPM "toserver http_header (http2)": 4
[1 - Suricata-Main] 2025-05-19 19:49:55 Perf: detect: AppLayer MPM "toserver http_header (http2)": 4
[1 - Suricata-Main] 2025-05-19 19:49:55 Perf: detect: AppLayer MPM "toserver http_header (http2)": 10
[1 - Suricata-Main] 2025-05-19 19:49:55 Perf: detect: AppLayer MPM "toclient http_header (http2)": 10
[1 - Suricata-Main] 2025-05-19 19:49:55 Perf: detect: AppLayer MPM "toclient http_header (http2)": 1
[1 - Suricata-Main] 2025-05-19 19:49:55 Perf: detect: AppLayer MPM "toclient http_header (http2)": 4
[1 - Suricata-Main] 2025-05-19 19:49:55 Perf: detect: AppLayer MPM "toclient http_header (http2)": 4
[1 - Suricata-Main] 2025-05-19 19:49:55 Perf: detect: AppLayer MPM "toclient http_header (http2)": 10
[1 - Suricata-Main] 2025-05-19 19:49:55 Perf: detect: AppLayer MPM "toserver http_request_header (http2)": 2
[1 - Suricata-Main] 2025-05-19 19:49:55 Perf: detect: AppLayer MPM "toserver http_request_header (http2)": 4
[1 - Suricata-Main] 2025-05-19 19:49:55 Perf: detect: AppLayer MPM "toserver http_request_header (http)": 2
[1 - Suricata-Main] 2025-05-19 19:49:55 Perf: detect: AppLayer MPM "toserver http_request_header (http)": 4
[1 - Suricata-Main] 2025-05-19 19:49:55 Perf: detect: AppLayer MPM "toclient http_response_header (http2)": 2
[1 - Suricata-Main] 2025-05-19 19:49:55 Perf: detect: AppLayer MPM "toclient http_response_header (http2)": 2
[1 - Suricata-Main] 2025-05-19 19:49:55 Perf: detect: AppLayer MPM "toclient http_response_header (http2)": 2
[1 - Suricata-Main] 2025-05-19 19:49:55 Perf: detect: AppLayer MPM "toclient http_response_header (http2)": 2
[1 - Suricata-Main] 2025-05-19 19:49:55 Perf: detect: AppLayer MPM "toclient http_response_header (http)": 2
[1 - Suricata-Main] 2025-05-19 19:49:55 Perf: detect: AppLayer MPM "toclient http_response_header (http)": 2
[1 - Suricata-Main] 2025-05-19 19:49:55 Perf: detect: AppLayer MPM "toclient http_response_header (http)": 2
[1 - Suricata-Main] 2025-05-19 19:49:55 Perf: detect: AppLayer MPM "toclient http_response_header (http)": 2
[1 - Suricata-Main] 2025-05-19 19:49:55 Perf: detect: AppLayer MPM "toserver http_header_names (http)": 11
[1 - Suricata-Main] 2025-05-19 19:49:55 Perf: detect: AppLayer MPM "toserver http_header_names (http)": 1
[1 - Suricata-Main] 2025-05-19 19:49:55 Perf: detect: AppLayer MPM "toserver http_header_names (http)": 2
[1 - Suricata-Main] 2025-05-19 19:49:55 Perf: detect: AppLayer MPM "toserver http_header_names (http)": 4
[1 - Suricata-Main] 2025-05-19 19:49:55 Perf: detect: AppLayer MPM "toserver http_header_names (http)": 8
[1 - Suricata-Main] 2025-05-19 19:49:55 Perf: detect: AppLayer MPM "toclient http_header_names (http)": 11
[1 - Suricata-Main] 2025-05-19 19:49:55 Perf: detect: AppLayer MPM "toclient http_header_names (http)": 1
[1 - Suricata-Main] 2025-05-19 19:49:55 Perf: detect: AppLayer MPM "toclient http_header_names (http)": 2
[1 - Suricata-Main] 2025-05-19 19:49:55 Perf: detect: AppLayer MPM "toclient http_header_names (http)": 4
[1 - Suricata-Main] 2025-05-19 19:49:55 Perf: detect: AppLayer MPM "toclient http_header_names (http)": 8
[1 - Suricata-Main] 2025-05-19 19:49:55 Perf: detect: AppLayer MPM "toserver http_header_names (http2)": 11
[1 - Suricata-Main] 2025-05-19 19:49:55 Perf: detect: AppLayer MPM "toserver http_header_names (http2)": 1
[1 - Suricata-Main] 2025-05-19 19:49:55 Perf: detect: AppLayer MPM "toserver http_header_names (http2)": 2
[1 - Suricata-Main] 2025-05-19 19:49:55 Perf: detect: AppLayer MPM "toserver http_header_names (http2)": 4
[1 - Suricata-Main] 2025-05-19 19:49:55 Perf: detect: AppLayer MPM "toserver http_header_names (http2)": 8
[1 - Suricata-Main] 2025-05-19 19:49:55 Perf: detect: AppLayer MPM "toclient http_header_names (http2)": 11
[1 - Suricata-Main] 2025-05-19 19:49:55 Perf: detect: AppLayer MPM "toclient http_header_names (http2)": 1
[1 - Suricata-Main] 2025-05-19 19:49:55 Perf: detect: AppLayer MPM "toclient http_header_names (http2)": 2
[1 - Suricata-Main] 2025-05-19 19:49:55 Perf: detect: AppLayer MPM "toclient http_header_names (http2)": 4
[1 - Suricata-Main] 2025-05-19 19:49:55 Perf: detect: AppLayer MPM "toclient http_header_names (http2)": 8
[1 - Suricata-Main] 2025-05-19 19:49:55 Perf: detect: AppLayer MPM "toserver http_accept (http)": 8
[1 - Suricata-Main] 2025-05-19 19:49:55 Perf: detect: AppLayer MPM "toserver http_accept (http2)": 8
[1 - Suricata-Main] 2025-05-19 19:49:55 Perf: detect: AppLayer MPM "toserver http_accept_enc (http)": 2
[1 - Suricata-Main] 2025-05-19 19:49:55 Perf: detect: AppLayer MPM "toserver http_accept_enc (http2)": 2
[1 - Suricata-Main] 2025-05-19 19:49:55 Perf: detect: AppLayer MPM "toserver http_accept_lang (http)": 2
[1 - Suricata-Main] 2025-05-19 19:49:55 Perf: detect: AppLayer MPM "toserver http_accept_lang (http2)": 2
[1 - Suricata-Main] 2025-05-19 19:49:55 Perf: detect: AppLayer MPM "toserver http_referer (http)": 2
[1 - Suricata-Main] 2025-05-19 19:49:55 Perf: detect: AppLayer MPM "toserver http_referer (http2)": 2
[1 - Suricata-Main] 2025-05-19 19:49:55 Perf: detect: AppLayer MPM "toserver http_connection (http)": 2
[1 - Suricata-Main] 2025-05-19 19:49:55 Perf: detect: AppLayer MPM "toserver http_connection (http2)": 2
[1 - Suricata-Main] 2025-05-19 19:49:55 Perf: detect: AppLayer MPM "toclient http_connection (http)": 2
[1 - Suricata-Main] 2025-05-19 19:49:55 Perf: detect: AppLayer MPM "toclient http_connection (http2)": 2
[1 - Suricata-Main] 2025-05-19 19:49:55 Perf: detect: AppLayer MPM "toserver http_content_len (http)": 4
[1 - Suricata-Main] 2025-05-19 19:49:55 Perf: detect: AppLayer MPM "toserver http_content_len (http2)": 4
[1 - Suricata-Main] 2025-05-19 19:49:55 Perf: detect: AppLayer MPM "toclient http_content_len (http)": 4
[1 - Suricata-Main] 2025-05-19 19:49:55 Perf: detect: AppLayer MPM "toclient http_content_len (http2)": 4
[1 - Suricata-Main] 2025-05-19 19:49:55 Perf: detect: AppLayer MPM "toserver http_content_type (http)": 4
[1 - Suricata-Main] 2025-05-19 19:49:55 Perf: detect: AppLayer MPM "toserver http_content_type (http2)": 4
[1 - Suricata-Main] 2025-05-19 19:49:55 Perf: detect: AppLayer MPM "toclient http_content_type (http)": 4
[1 - Suricata-Main] 2025-05-19 19:49:55 Perf: detect: AppLayer MPM "toclient http_content_type (http2)": 4
[1 - Suricata-Main] 2025-05-19 19:49:55 Perf: detect: AppLayer MPM "toclient http.server (http)": 4
[1 - Suricata-Main] 2025-05-19 19:49:55 Perf: detect: AppLayer MPM "toclient http.server (http2)": 4
[1 - Suricata-Main] 2025-05-19 19:49:55 Perf: detect: AppLayer MPM "toclient http.location (http)": 2
[1 - Suricata-Main] 2025-05-19 19:49:55 Perf: detect: AppLayer MPM "toclient http.location (http2)": 2
[1 - Suricata-Main] 2025-05-19 19:49:55 Perf: detect: AppLayer MPM "toserver http_start (http)": 6
[1 - Suricata-Main] 2025-05-19 19:49:55 Perf: detect: AppLayer MPM "toclient http_start (http)": 6
[1 - Suricata-Main] 2025-05-19 19:49:55 Perf: detect: AppLayer MPM "toserver http_raw_header (http)": 4
[1 - Suricata-Main] 2025-05-19 19:49:55 Perf: detect: AppLayer MPM "toserver http_raw_header (http)": 2
[1 - Suricata-Main] 2025-05-19 19:49:55 Perf: detect: AppLayer MPM "toserver http_raw_header (http)": 4
[1 - Suricata-Main] 2025-05-19 19:49:55 Perf: detect: AppLayer MPM "toclient http_raw_header (http)": 4
[1 - Suricata-Main] 2025-05-19 19:49:55 Perf: detect: AppLayer MPM "toclient http_raw_header (http)": 2
[1 - Suricata-Main] 2025-05-19 19:49:55 Perf: detect: AppLayer MPM "toclient http_raw_header (http)": 4
[1 - Suricata-Main] 2025-05-19 19:49:55 Perf: detect: AppLayer MPM "toserver http_raw_header (http2)": 4
[1 - Suricata-Main] 2025-05-19 19:49:55 Perf: detect: AppLayer MPM "toserver http_raw_header (http2)": 2
[1 - Suricata-Main] 2025-05-19 19:49:55 Perf: detect: AppLayer MPM "toserver http_raw_header (http2)": 4
[1 - Suricata-Main] 2025-05-19 19:49:55 Perf: detect: AppLayer MPM "toclient http_raw_header (http2)": 4
[1 - Suricata-Main] 2025-05-19 19:49:55 Perf: detect: AppLayer MPM "toclient http_raw_header (http2)": 2
[1 - Suricata-Main] 2025-05-19 19:49:55 Perf: detect: AppLayer MPM "toclient http_raw_header (http2)": 4
[1 - Suricata-Main] 2025-05-19 19:49:55 Perf: detect: AppLayer MPM "toserver http_method (http)": 4
[1 - Suricata-Main] 2025-05-19 19:49:55 Perf: detect: AppLayer MPM "toserver http_method (http2)": 4
[1 - Suricata-Main] 2025-05-19 19:49:55 Perf: detect: AppLayer MPM "toserver http_cookie (http)": 8
[1 - Suricata-Main] 2025-05-19 19:49:55 Perf: detect: AppLayer MPM "toclient http_cookie (http)": 8
[1 - Suricata-Main] 2025-05-19 19:49:55 Perf: detect: AppLayer MPM "toserver http_cookie (http2)": 8
[1 - Suricata-Main] 2025-05-19 19:49:55 Perf: detect: AppLayer MPM "toclient http_cookie (http2)": 8
[1 - Suricata-Main] 2025-05-19 19:49:55 Perf: detect: AppLayer MPM "toserver http_user_agent (http)": 15
[1 - Suricata-Main] 2025-05-19 19:49:55 Perf: detect: AppLayer MPM "toserver http_user_agent (http2)": 15
[1 - Suricata-Main] 2025-05-19 19:49:55 Perf: detect: AppLayer MPM "toserver http_host (http)": 2
[1 - Suricata-Main] 2025-05-19 19:49:55 Perf: detect: AppLayer MPM "toserver http_host (http)": 4
[1 - Suricata-Main] 2025-05-19 19:49:55 Perf: detect: AppLayer MPM "toserver http_host (http2)": 2
[1 - Suricata-Main] 2025-05-19 19:49:55 Perf: detect: AppLayer MPM "toserver http_host (http2)": 4
[1 - Suricata-Main] 2025-05-19 19:49:55 Perf: detect: AppLayer MPM "toserver http_raw_host (http)": 2
[1 - Suricata-Main] 2025-05-19 19:49:55 Perf: detect: AppLayer MPM "toserver http_raw_host (http2)": 2
[1 - Suricata-Main] 2025-05-19 19:49:55 Perf: detect: AppLayer MPM "toclient http_stat_code (http)": 4
[1 - Suricata-Main] 2025-05-19 19:49:55 Perf: detect: AppLayer MPM "toclient http_stat_code (http2)": 4
[1 - Suricata-Main] 2025-05-19 19:49:55 Perf: detect: AppLayer MPM "toserver dns_query (dns)": 2
[1 - Suricata-Main] 2025-05-19 19:49:55 Perf: detect: AppLayer MPM "toserver dns_query (dns)": 1
[1 - Suricata-Main] 2025-05-19 19:49:55 Perf: detect: AppLayer MPM "toserver tls.sni (tls)": 3
[1 - Suricata-Main] 2025-05-19 19:49:55 Perf: detect: AppLayer MPM "toserver tls.sni (tls)": 1
[1 - Suricata-Main] 2025-05-19 19:49:55 Perf: detect: AppLayer MPM "toserver tls.cert_issuer (tls)": 6
[1 - Suricata-Main] 2025-05-19 19:49:55 Perf: detect: AppLayer MPM "toclient tls.cert_issuer (tls)": 6
[1 - Suricata-Main] 2025-05-19 19:49:55 Perf: detect: AppLayer MPM "toserver tls.cert_subject (tls)": 4
[1 - Suricata-Main] 2025-05-19 19:49:55 Perf: detect: AppLayer MPM "toclient tls.cert_subject (tls)": 4
[1 - Suricata-Main] 2025-05-19 19:49:55 Perf: detect: AppLayer MPM "toclient tls.cert_serial (tls)": 2
[1 - Suricata-Main] 2025-05-19 19:49:55 Perf: detect: AppLayer MPM "toserver tls.cert_serial (tls)": 2
[1 - Suricata-Main] 2025-05-19 19:49:55 Perf: detect: AppLayer MPM "toclient tls.cert_fingerprint (tls)": 1
[1 - Suricata-Main] 2025-05-19 19:49:55 Perf: detect: AppLayer MPM "toserver tls.cert_fingerprint (tls)": 1
[1 - Suricata-Main] 2025-05-19 19:49:55 Perf: detect: AppLayer MPM "toclient tls.certs (tls)": 2
[1 - Suricata-Main] 2025-05-19 19:49:55 Perf: detect: AppLayer MPM "toserver tls.certs (tls)": 2
[1 - Suricata-Main] 2025-05-19 19:49:55 Perf: detect: AppLayer MPM "toserver ja3.hash (tls)": 2
[1 - Suricata-Main] 2025-05-19 19:49:55 Perf: detect: AppLayer MPM "toserver ja3.hash (quic)": 2
[1 - Suricata-Main] 2025-05-19 19:49:55 Perf: detect: AppLayer MPM "toclient ja3s.hash (tls)": 1
[1 - Suricata-Main] 2025-05-19 19:49:55 Perf: detect: AppLayer MPM "toclient ja3s.hash (quic)": 1
[1 - Suricata-Main] 2025-05-19 19:49:55 Perf: detect: AppLayer MPM "toserver ssh.proto (ssh)": 1
[1 - Suricata-Main] 2025-05-19 19:49:55 Perf: detect: AppLayer MPM "toclient ssh.proto (ssh)": 1
[1 - Suricata-Main] 2025-05-19 19:49:55 Perf: detect: AppLayer MPM "toclient file_data (nfs)": 17
[1 - Suricata-Main] 2025-05-19 19:49:55 Perf: detect: AppLayer MPM "toclient file_data (nfs)": 2
[1 - Suricata-Main] 2025-05-19 19:49:55 Perf: detect: AppLayer MPM "toserver file_data (nfs)": 17
[1 - Suricata-Main] 2025-05-19 19:49:55 Perf: detect: AppLayer MPM "toserver file_data (nfs)": 2
[1 - Suricata-Main] 2025-05-19 19:49:55 Perf: detect: AppLayer MPM "toclient file_data (smb)": 17
[1 - Suricata-Main] 2025-05-19 19:49:55 Perf: detect: AppLayer MPM "toclient file_data (smb)": 2
[1 - Suricata-Main] 2025-05-19 19:49:55 Perf: detect: AppLayer MPM "toserver file_data (smb)": 17
[1 - Suricata-Main] 2025-05-19 19:49:55 Perf: detect: AppLayer MPM "toserver file_data (smb)": 2
[1 - Suricata-Main] 2025-05-19 19:49:55 Perf: detect: AppLayer MPM "toclient file_data (ftp)": 17
[1 - Suricata-Main] 2025-05-19 19:49:55 Perf: detect: AppLayer MPM "toclient file_data (ftp)": 2
[1 - Suricata-Main] 2025-05-19 19:49:55 Perf: detect: AppLayer MPM "toserver file_data (ftp)": 17
[1 - Suricata-Main] 2025-05-19 19:49:55 Perf: detect: AppLayer MPM "toserver file_data (ftp)": 2
[1 - Suricata-Main] 2025-05-19 19:49:55 Perf: detect: AppLayer MPM "toclient file_data (ftp-data)": 17
[1 - Suricata-Main] 2025-05-19 19:49:55 Perf: detect: AppLayer MPM "toclient file_data (ftp-data)": 2
[1 - Suricata-Main] 2025-05-19 19:49:55 Perf: detect: AppLayer MPM "toserver file_data (ftp-data)": 17
[1 - Suricata-Main] 2025-05-19 19:49:55 Perf: detect: AppLayer MPM "toserver file_data (ftp-data)": 2
[1 - Suricata-Main] 2025-05-19 19:49:55 Perf: detect: AppLayer MPM "toclient file_data (http)": 17
[1 - Suricata-Main] 2025-05-19 19:49:55 Perf: detect: AppLayer MPM "toclient file_data (http)": 2
[1 - Suricata-Main] 2025-05-19 19:49:55 Perf: detect: AppLayer MPM "toserver file_data (http)": 17
[1 - Suricata-Main] 2025-05-19 19:49:55 Perf: detect: AppLayer MPM "toserver file_data (http)": 2
[1 - Suricata-Main] 2025-05-19 19:49:55 Perf: detect: AppLayer MPM "toclient file_data (http2)": 17
[1 - Suricata-Main] 2025-05-19 19:49:55 Perf: detect: AppLayer MPM "toclient file_data (http2)": 2
[1 - Suricata-Main] 2025-05-19 19:49:55 Perf: detect: AppLayer MPM "toserver file_data (http2)": 17
[1 - Suricata-Main] 2025-05-19 19:49:55 Perf: detect: AppLayer MPM "toserver file_data (http2)": 2
[1 - Suricata-Main] 2025-05-19 19:49:55 Perf: detect: AppLayer MPM "toserver file_data (smtp)": 17
[1 - Suricata-Main] 2025-05-19 19:49:55 Perf: detect: AppLayer MPM "toserver file_data (smtp)": 2
[1 - Suricata-Main] 2025-05-19 19:49:55 Perf: detect: Pkt MPM "icmpv6.hdr": 1
[1 - Suricata-Main] 2025-05-19 19:49:55 Perf: detect: Pkt MPM "ipv6.hdr": 1
[1 - Suricata-Main] 2025-05-19 19:49:57 Config: af-packet: enp0s3: using flow cluster mode for AF_PACKET
[1 - Suricata-Main] 2025-05-19 19:49:57 Perf: af-packet: enp0s3: cluster_flow: 5 cores, using 5 threads
[1 - Suricata-Main] 2025-05-19 19:49:57 Perf: ioctl: enp0s3: disabling gro offloading
[1 - Suricata-Main] 2025-05-19 19:49:57 Perf: ioctl: enp0s3: disabling tso offloading
[1 - Suricata-Main] 2025-05-19 19:49:57 Perf: ioctl: enp0s3: disabling gso offloading
[1 - Suricata-Main] 2025-05-19 19:49:57 Perf: ioctl: enp0s3: disabling sg offloading
[1 - Suricata-Main] 2025-05-19 19:49:57 Warning: af-packet: enp0s3: AF_PACKET tpacket-v3 is recommended for non-inline operation
[1 - Suricata-Main] 2025-05-19 19:49:57 Info: runmodes: enp0s3: creating 5 threads
[1 - Suricata-Main] 2025-05-19 19:49:57 Config: flow-manager: using 1 flow manager threads
[1 - Suricata-Main] 2025-05-19 19:49:57 Config: flow-manager: using 1 flow recycler threads
[1 - Suricata-Main] 2025-05-19 19:49:57 Info: unix-manager: unix socket '/var/run/suricata/suricata-command.socket'
[13 - W#01-enp0s3] 2025-05-19 19:49:57 Config: af-packet: enp0s3: defrag enabled, setting snaplen to 9216
[13 - W#01-enp0s3] 2025-05-19 19:49:57 Perf: af-packet: enp0s3: rx ring: block_size=131072 block_nr=30 frame_size=9296 frame_nr=420
[14 - W#02-enp0s3] 2025-05-19 19:49:57 Config: af-packet: enp0s3: defrag enabled, setting snaplen to 9216
[14 - W#02-enp0s3] 2025-05-19 19:49:57 Perf: af-packet: enp0s3: rx ring: block_size=131072 block_nr=30 frame_size=9296 frame_nr=420
[15 - W#03-enp0s3] 2025-05-19 19:49:57 Config: af-packet: enp0s3: defrag enabled, setting snaplen to 9216
[15 - W#03-enp0s3] 2025-05-19 19:49:57 Perf: af-packet: enp0s3: rx ring: block_size=131072 block_nr=30 frame_size=9296 frame_nr=420
[16 - W#04-enp0s3] 2025-05-19 19:49:57 Config: af-packet: enp0s3: defrag enabled, setting snaplen to 9216
[16 - W#04-enp0s3] 2025-05-19 19:49:57 Perf: af-packet: enp0s3: rx ring: block_size=131072 block_nr=30 frame_size=9296 frame_nr=420
[17 - W#05-enp0s3] 2025-05-19 19:49:57 Config: af-packet: enp0s3: defrag enabled, setting snaplen to 9216
[17 - W#05-enp0s3] 2025-05-19 19:49:57 Perf: af-packet: enp0s3: rx ring: block_size=131072 block_nr=30 frame_size=9296 frame_nr=420
[1 - Suricata-Main] 2025-05-19 19:49:57 Notice: threads: Threads created -> W: 5 FM: 1 FR: 1   Engine started.
[1 - Suricata-Main] 2025-05-19 19:53:47 Notice: suricata: Signal Received.  Stopping engine.
[1 - Suricata-Main] 2025-05-19 19:53:48 Info: suricata: time elapsed 231.413s
[19 - FR#01] 2025-05-19 19:53:49 Perf: flow-manager: 486 flows processed
[13 - W#01-enp0s3] 2025-05-19 19:53:49 Perf: af-packet: enp0s3: (W#01-enp0s3) kernel: Packets 2441, dropped 0
[14 - W#02-enp0s3] 2025-05-19 19:53:49 Perf: af-packet: enp0s3: (W#02-enp0s3) kernel: Packets 3423, dropped 0
[15 - W#03-enp0s3] 2025-05-19 19:53:49 Perf: af-packet: enp0s3: (W#03-enp0s3) kernel: Packets 1183, dropped 0
[16 - W#04-enp0s3] 2025-05-19 19:53:49 Perf: af-packet: enp0s3: (W#04-enp0s3) kernel: Packets 1722, dropped 0
[17 - W#05-enp0s3] 2025-05-19 19:53:49 Perf: af-packet: enp0s3: (W#05-enp0s3) kernel: Packets 32818, dropped 0
[1 - Suricata-Main] 2025-05-19 19:53:49 Info: counters: Alerts: 0
[1 - Suricata-Main] 2025-05-19 19:53:49 Perf: ippair: ippair memory usage: 414144 bytes, maximum: 16777216
[1 - Suricata-Main] 2025-05-19 19:53:49 Perf: host: host memory usage: 398144 bytes, maximum: 33554432
[1 - Suricata-Main] 2025-05-19 19:53:49 Notice: device: enp0s3: packets: 41587, drops: 0 (0.00%), invalid chksum: 0
[1 - Suricata-Main] 2025-05-19 19:53:49 Perf: ioctl: enp0s3: restoring gro offloading
[1 - Suricata-Main] 2025-05-19 19:53:49 Perf: ioctl: enp0s3: restoring tso offloading
[1 - Suricata-Main] 2025-05-19 19:53:50 Perf: ioctl: enp0s3: restoring gso offloading
[1 - Suricata-Main] 2025-05-19 19:53:50 Perf: ioctl: enp0s3: restoring sg offloading
[1 - Suricata-Main] 2025-05-19 20:20:06 Notice: suricata: This is Suricata version 7.0.10 RELEASE running in SYSTEM mode
[1 - Suricata-Main] 2025-05-19 20:20:06 Info: cpu: CPUs/cores online: 5
[1 - Suricata-Main] 2025-05-19 20:20:06 Info: suricata: Setting engine mode to IDS mode by default
[1 - Suricata-Main] 2025-05-19 20:20:06 Info: exception-policy: master exception-policy set to: auto
[1 - Suricata-Main] 2025-05-19 20:20:06 Config: exception-policy: app-layer.error-policy: ignore (defined via 'exception-policy' master switch)
[1 - Suricata-Main] 2025-05-19 20:20:06 Config: app-layer-htp: 'default' server has 'request-body-minimal-inspect-size' set to 34274 and 'request-body-inspect-window' set to 3909 after randomization.
[1 - Suricata-Main] 2025-05-19 20:20:06 Config: app-layer-htp: 'default' server has 'response-body-minimal-inspect-size' set to 39043 and 'response-body-inspect-window' set to 16996 after randomization.
[1 - Suricata-Main] 2025-05-19 20:20:06 Config: smb: read: max record size: 16777216, max queued chunks 64, max queued size 67108864
[1 - Suricata-Main] 2025-05-19 20:20:06 Config: smb: write: max record size: 16777216, max queued chunks 64, max queued size 67108864
[1 - Suricata-Main] 2025-05-19 20:20:06 Config: app-layer-enip: Protocol detection and parser disabled for enip protocol.
[1 - Suricata-Main] 2025-05-19 20:20:06 Config: app-layer-dnp3: Protocol detection and parser disabled for DNP3.
[1 - Suricata-Main] 2025-05-19 20:20:06 Config: host: allocated 262144 bytes of memory for the host hash... 4096 buckets of size 64
[1 - Suricata-Main] 2025-05-19 20:20:06 Config: host: preallocated 1000 hosts of size 136
[1 - Suricata-Main] 2025-05-19 20:20:06 Config: host: host memory usage: 398144 bytes, maximum: 33554432
[1 - Suricata-Main] 2025-05-19 20:20:06 Config: coredump-config: Core dump size is unlimited.
[1 - Suricata-Main] 2025-05-19 20:20:06 Config: exception-policy: defrag.memcap-policy: ignore (defined via 'exception-policy' master switch)
[1 - Suricata-Main] 2025-05-19 20:20:06 Config: defrag-hash: allocated 3670016 bytes of memory for the defrag hash... 65536 buckets of size 56
[1 - Suricata-Main] 2025-05-19 20:20:06 Config: defrag-hash: preallocated 65535 defrag trackers of size 160
[1 - Suricata-Main] 2025-05-19 20:20:06 Config: defrag-hash: defrag memory usage: 14155616 bytes, maximum: 33554432
[1 - Suricata-Main] 2025-05-19 20:20:06 Config: exception-policy: flow.memcap-policy: ignore (defined via 'exception-policy' master switch)
[1 - Suricata-Main] 2025-05-19 20:20:06 Config: flow: flow size 304, memcap allows for 441505 flows. Per hash row in perfect conditions 6
[1 - Suricata-Main] 2025-05-19 20:20:06 Config: stream-tcp: stream "prealloc-sessions": 2048 (per thread)
[1 - Suricata-Main] 2025-05-19 20:20:06 Config: stream-tcp: stream "memcap": 67108864
[1 - Suricata-Main] 2025-05-19 20:20:06 Config: stream-tcp: stream "midstream" session pickups: disabled
[1 - Suricata-Main] 2025-05-19 20:20:06 Config: stream-tcp: stream "async-oneside": disabled
[1 - Suricata-Main] 2025-05-19 20:20:06 Config: stream-tcp: stream "checksum-validation": enabled
[1 - Suricata-Main] 2025-05-19 20:20:06 Config: exception-policy: stream.memcap-policy: ignore (defined via 'exception-policy' master switch)
[1 - Suricata-Main] 2025-05-19 20:20:06 Config: exception-policy: stream.reassembly.memcap-policy: ignore (defined via 'exception-policy' master switch)
[1 - Suricata-Main] 2025-05-19 20:20:06 Config: exception-policy: stream.midstream-policy: ignore (defined via 'exception-policy' master switch)
[1 - Suricata-Main] 2025-05-19 20:20:06 Config: stream-tcp: stream."inline": disabled
[1 - Suricata-Main] 2025-05-19 20:20:06 Config: stream-tcp: stream "bypass": disabled
[1 - Suricata-Main] 2025-05-19 20:20:06 Config: stream-tcp: stream.reassembly.urgent.policy": inline
[1 - Suricata-Main] 2025-05-19 20:20:06 Config: stream-tcp: stream "max-syn-queued": 10
[1 - Suricata-Main] 2025-05-19 20:20:06 Config: stream-tcp: stream "max-synack-queued": 5
[1 - Suricata-Main] 2025-05-19 20:20:06 Config: stream-tcp: stream.reassembly "memcap": 268435456
[1 - Suricata-Main] 2025-05-19 20:20:06 Config: stream-tcp: stream.reassembly "depth": 1048576
[1 - Suricata-Main] 2025-05-19 20:20:06 Config: stream-tcp: stream.reassembly "toserver-chunk-size": 2434
[1 - Suricata-Main] 2025-05-19 20:20:06 Config: stream-tcp: stream.reassembly "toclient-chunk-size": 2435
[1 - Suricata-Main] 2025-05-19 20:20:06 Config: stream-tcp: stream.reassembly.raw: enabled
[1 - Suricata-Main] 2025-05-19 20:20:06 Config: stream-tcp: stream.liberal-timestamps: disabled
[1 - Suricata-Main] 2025-05-19 20:20:06 Config: stream-tcp-reassemble: stream.reassembly "segment-prealloc": 2048
[1 - Suricata-Main] 2025-05-19 20:20:06 Config: stream-tcp-reassemble: stream.reassembly "max-regions": 8
[1 - Suricata-Main] 2025-05-19 20:20:06 Info: conf: Running in live mode, activating unix socket
[1 - Suricata-Main] 2025-05-19 20:20:06 Info: logopenfile: fast output device (regular) initialized: fast.log
[1 - Suricata-Main] 2025-05-19 20:20:06 Info: logopenfile: eve-log output device (regular) initialized: eve.json
[1 - Suricata-Main] 2025-05-19 20:20:06 Config: runmodes: enabling 'eve-log' module 'alert'
[1 - Suricata-Main] 2025-05-19 20:20:06 Config: runmodes: enabling 'eve-log' module 'frame'
[1 - Suricata-Main] 2025-05-19 20:20:06 Config: runmodes: enabling 'eve-log' module 'anomaly'
[1 - Suricata-Main] 2025-05-19 20:20:06 Config: runmodes: enabling 'eve-log' module 'http'
[1 - Suricata-Main] 2025-05-19 20:20:06 Config: runmodes: enabling 'eve-log' module 'dns'
[1 - Suricata-Main] 2025-05-19 20:20:06 Config: runmodes: enabling 'eve-log' module 'tls'
[1 - Suricata-Main] 2025-05-19 20:20:06 Config: runmodes: enabling 'eve-log' module 'files'
[1 - Suricata-Main] 2025-05-19 20:20:06 Config: runmodes: enabling 'eve-log' module 'smtp'
[1 - Suricata-Main] 2025-05-19 20:20:06 Config: runmodes: enabling 'eve-log' module 'ftp'
[1 - Suricata-Main] 2025-05-19 20:20:06 Config: runmodes: enabling 'eve-log' module 'rdp'
[1 - Suricata-Main] 2025-05-19 20:20:06 Config: runmodes: enabling 'eve-log' module 'nfs'
[1 - Suricata-Main] 2025-05-19 20:20:06 Config: runmodes: enabling 'eve-log' module 'smb'
[1 - Suricata-Main] 2025-05-19 20:20:06 Config: runmodes: enabling 'eve-log' module 'tftp'
[1 - Suricata-Main] 2025-05-19 20:20:06 Config: runmodes: enabling 'eve-log' module 'ike'
[1 - Suricata-Main] 2025-05-19 20:20:06 Config: runmodes: enabling 'eve-log' module 'dcerpc'
[1 - Suricata-Main] 2025-05-19 20:20:06 Config: runmodes: enabling 'eve-log' module 'krb5'
[1 - Suricata-Main] 2025-05-19 20:20:06 Config: runmodes: enabling 'eve-log' module 'bittorrent-dht'
[1 - Suricata-Main] 2025-05-19 20:20:06 Config: runmodes: enabling 'eve-log' module 'snmp'
[1 - Suricata-Main] 2025-05-19 20:20:06 Config: runmodes: enabling 'eve-log' module 'rfb'
[1 - Suricata-Main] 2025-05-19 20:20:06 Config: runmodes: enabling 'eve-log' module 'sip'
[1 - Suricata-Main] 2025-05-19 20:20:06 Config: runmodes: enabling 'eve-log' module 'quic'
[1 - Suricata-Main] 2025-05-19 20:20:06 Config: runmodes: enabling 'eve-log' module 'dhcp'
[1 - Suricata-Main] 2025-05-19 20:20:06 Config: runmodes: enabling 'eve-log' module 'ssh'
[1 - Suricata-Main] 2025-05-19 20:20:06 Config: runmodes: enabling 'eve-log' module 'mqtt'
[1 - Suricata-Main] 2025-05-19 20:20:06 Config: runmodes: enabling 'eve-log' module 'http2'
[1 - Suricata-Main] 2025-05-19 20:20:06 Config: runmodes: enabling 'eve-log' module 'pgsql'
[1 - Suricata-Main] 2025-05-19 20:20:06 Config: runmodes: enabling 'eve-log' module 'stats'
[1 - Suricata-Main] 2025-05-19 20:20:06 Config: runmodes: enabling 'eve-log' module 'flow'
[1 - Suricata-Main] 2025-05-19 20:20:06 Info: logopenfile: stats output device (regular) initialized: stats.log
[1 - Suricata-Main] 2025-05-19 20:20:06 Config: landlock: Landlock is not enabled in configuration
[1 - Suricata-Main] 2025-05-19 20:20:06 Config: suricata: Delayed detect disabled
[1 - Suricata-Main] 2025-05-19 20:20:06 Config: detect: pattern matchers: MPM: ac, SPM: bm
[1 - Suricata-Main] 2025-05-19 20:20:06 Config: detect: grouping: tcp-whitelist (default) 53, 80, 139, 443, 445, 1433, 3306, 3389, 6666, 6667, 8080
[1 - Suricata-Main] 2025-05-19 20:20:06 Config: detect: grouping: udp-whitelist (default) 53, 135, 5060
[1 - Suricata-Main] 2025-05-19 20:20:06 Config: detect: prefilter engines: MPM
[1 - Suricata-Main] 2025-05-19 20:20:06 Config: reputation: IP reputation disabled
[1 - Suricata-Main] 2025-05-19 20:20:06 Config: detect: Loading rule file: /var/lib/suricata/rules/suricata.rules
[1 - Suricata-Main] 2025-05-19 20:20:07 Info: detect-fast-pattern: fast_pattern is ineffective with base64_data
[1 - Suricata-Main] 2025-05-19 20:20:07 Info: detect-fast-pattern: fast_pattern is ineffective with base64_data
[1 - Suricata-Main] 2025-05-19 20:20:07 Info: detect: 1 rule files processed. 42614 rules successfully loaded, 0 rules failed, 0
[1 - Suricata-Main] 2025-05-19 20:20:07 Info: threshold-config: Threshold config parsed: 0 rule(s) found
[1 - Suricata-Main] 2025-05-19 20:20:07 Info: detect: 42617 signatures processed. 1270 are IP-only rules, 4333 are inspecting packet payload, 36797 inspect application layer, 109 are decoder event only
[1 - Suricata-Main] 2025-05-19 20:20:07 Config: detect: building signature grouping structure, stage 1: preprocessing rules... complete
[1 - Suricata-Main] 2025-05-19 20:20:07 Perf: detect: TCP toserver: 41 port groups, 40 unique SGH's, 1 copies
[1 - Suricata-Main] 2025-05-19 20:20:07 Perf: detect: TCP toclient: 21 port groups, 21 unique SGH's, 0 copies
[1 - Suricata-Main] 2025-05-19 20:20:07 Perf: detect: UDP toserver: 41 port groups, 40 unique SGH's, 1 copies
[1 - Suricata-Main] 2025-05-19 20:20:07 Perf: detect: UDP toclient: 21 port groups, 17 unique SGH's, 4 copies
[1 - Suricata-Main] 2025-05-19 20:20:07 Perf: detect: OTHER toserver: 254 proto groups, 4 unique SGH's, 250 copies
[1 - Suricata-Main] 2025-05-19 20:20:07 Perf: detect: OTHER toclient: 254 proto groups, 0 unique SGH's, 254 copies
[1 - Suricata-Main] 2025-05-19 20:20:08 Perf: detect: Unique rule groups: 122
[1 - Suricata-Main] 2025-05-19 20:20:08 Perf: detect: Builtin MPM "toserver TCP packet": 31
[1 - Suricata-Main] 2025-05-19 20:20:08 Perf: detect: Builtin MPM "toclient TCP packet": 20
[1 - Suricata-Main] 2025-05-19 20:20:08 Perf: detect: Builtin MPM "toserver TCP stream": 34
[1 - Suricata-Main] 2025-05-19 20:20:08 Perf: detect: Builtin MPM "toclient TCP stream": 19
[1 - Suricata-Main] 2025-05-19 20:20:08 Perf: detect: Builtin MPM "toserver UDP packet": 40
[1 - Suricata-Main] 2025-05-19 20:20:08 Perf: detect: Builtin MPM "toclient UDP packet": 17
[1 - Suricata-Main] 2025-05-19 20:20:08 Perf: detect: Builtin MPM "other IP packet": 3
[1 - Suricata-Main] 2025-05-19 20:20:08 Perf: detect: AppLayer MPM "toserver http_uri (http)": 16
[1 - Suricata-Main] 2025-05-19 20:20:08 Perf: detect: AppLayer MPM "toserver http_uri (http2)": 16
[1 - Suricata-Main] 2025-05-19 20:20:08 Perf: detect: AppLayer MPM "toserver http_raw_uri (http)": 2
[1 - Suricata-Main] 2025-05-19 20:20:08 Perf: detect: AppLayer MPM "toserver http_raw_uri (http)": 2
[1 - Suricata-Main] 2025-05-19 20:20:08 Perf: detect: AppLayer MPM "toserver http_raw_uri (http2)": 2
[1 - Suricata-Main] 2025-05-19 20:20:08 Perf: detect: AppLayer MPM "toserver http_raw_uri (http2)": 2
[1 - Suricata-Main] 2025-05-19 20:20:08 Perf: detect: AppLayer MPM "toserver http_request_line (http)": 8
[1 - Suricata-Main] 2025-05-19 20:20:08 Perf: detect: AppLayer MPM "toserver http_request_line (http2)": 8
[1 - Suricata-Main] 2025-05-19 20:20:08 Perf: detect: AppLayer MPM "toserver http_client_body (http)": 14
[1 - Suricata-Main] 2025-05-19 20:20:08 Perf: detect: AppLayer MPM "toserver http_client_body (http)": 2
[1 - Suricata-Main] 2025-05-19 20:20:08 Perf: detect: AppLayer MPM "toserver http_client_body (http2)": 14
[1 - Suricata-Main] 2025-05-19 20:20:08 Perf: detect: AppLayer MPM "toserver http_client_body (http2)": 2
[1 - Suricata-Main] 2025-05-19 20:20:08 Perf: detect: AppLayer MPM "toclient http_response_line (http)": 2
[1 - Suricata-Main] 2025-05-19 20:20:08 Perf: detect: AppLayer MPM "toclient http_response_line (http2)": 2
[1 - Suricata-Main] 2025-05-19 20:20:08 Perf: detect: AppLayer MPM "toserver http_header (http)": 10
[1 - Suricata-Main] 2025-05-19 20:20:08 Perf: detect: AppLayer MPM "toserver http_header (http)": 1
[1 - Suricata-Main] 2025-05-19 20:20:08 Perf: detect: AppLayer MPM "toserver http_header (http)": 4
[1 - Suricata-Main] 2025-05-19 20:20:08 Perf: detect: AppLayer MPM "toserver http_header (http)": 4
[1 - Suricata-Main] 2025-05-19 20:20:08 Perf: detect: AppLayer MPM "toserver http_header (http)": 10
[1 - Suricata-Main] 2025-05-19 20:20:08 Perf: detect: AppLayer MPM "toclient http_header (http)": 10
[1 - Suricata-Main] 2025-05-19 20:20:08 Perf: detect: AppLayer MPM "toclient http_header (http)": 1
[1 - Suricata-Main] 2025-05-19 20:20:08 Perf: detect: AppLayer MPM "toclient http_header (http)": 4
[1 - Suricata-Main] 2025-05-19 20:20:08 Perf: detect: AppLayer MPM "toclient http_header (http)": 4
[1 - Suricata-Main] 2025-05-19 20:20:08 Perf: detect: AppLayer MPM "toclient http_header (http)": 10
[1 - Suricata-Main] 2025-05-19 20:20:08 Perf: detect: AppLayer MPM "toserver http_header (http2)": 10
[1 - Suricata-Main] 2025-05-19 20:20:08 Perf: detect: AppLayer MPM "toserver http_header (http2)": 1
[1 - Suricata-Main] 2025-05-19 20:20:08 Perf: detect: AppLayer MPM "toserver http_header (http2)": 4
[1 - Suricata-Main] 2025-05-19 20:20:08 Perf: detect: AppLayer MPM "toserver http_header (http2)": 4
[1 - Suricata-Main] 2025-05-19 20:20:08 Perf: detect: AppLayer MPM "toserver http_header (http2)": 10
[1 - Suricata-Main] 2025-05-19 20:20:08 Perf: detect: AppLayer MPM "toclient http_header (http2)": 10
[1 - Suricata-Main] 2025-05-19 20:20:08 Perf: detect: AppLayer MPM "toclient http_header (http2)": 1
[1 - Suricata-Main] 2025-05-19 20:20:08 Perf: detect: AppLayer MPM "toclient http_header (http2)": 4
[1 - Suricata-Main] 2025-05-19 20:20:08 Perf: detect: AppLayer MPM "toclient http_header (http2)": 4
[1 - Suricata-Main] 2025-05-19 20:20:08 Perf: detect: AppLayer MPM "toclient http_header (http2)": 10
[1 - Suricata-Main] 2025-05-19 20:20:08 Perf: detect: AppLayer MPM "toserver http_request_header (http2)": 2
[1 - Suricata-Main] 2025-05-19 20:20:08 Perf: detect: AppLayer MPM "toserver http_request_header (http2)": 4
[1 - Suricata-Main] 2025-05-19 20:20:08 Perf: detect: AppLayer MPM "toserver http_request_header (http)": 2
[1 - Suricata-Main] 2025-05-19 20:20:08 Perf: detect: AppLayer MPM "toserver http_request_header (http)": 4
[1 - Suricata-Main] 2025-05-19 20:20:08 Perf: detect: AppLayer MPM "toclient http_response_header (http2)": 2
[1 - Suricata-Main] 2025-05-19 20:20:08 Perf: detect: AppLayer MPM "toclient http_response_header (http2)": 2
[1 - Suricata-Main] 2025-05-19 20:20:08 Perf: detect: AppLayer MPM "toclient http_response_header (http2)": 2
[1 - Suricata-Main] 2025-05-19 20:20:08 Perf: detect: AppLayer MPM "toclient http_response_header (http2)": 2
[1 - Suricata-Main] 2025-05-19 20:20:08 Perf: detect: AppLayer MPM "toclient http_response_header (http)": 2
[1 - Suricata-Main] 2025-05-19 20:20:08 Perf: detect: AppLayer MPM "toclient http_response_header (http)": 2
[1 - Suricata-Main] 2025-05-19 20:20:08 Perf: detect: AppLayer MPM "toclient http_response_header (http)": 2
[1 - Suricata-Main] 2025-05-19 20:20:08 Perf: detect: AppLayer MPM "toclient http_response_header (http)": 2
[1 - Suricata-Main] 2025-05-19 20:20:08 Perf: detect: AppLayer MPM "toserver http_header_names (http)": 11
[1 - Suricata-Main] 2025-05-19 20:20:08 Perf: detect: AppLayer MPM "toserver http_header_names (http)": 1
[1 - Suricata-Main] 2025-05-19 20:20:08 Perf: detect: AppLayer MPM "toserver http_header_names (http)": 2
[1 - Suricata-Main] 2025-05-19 20:20:08 Perf: detect: AppLayer MPM "toserver http_header_names (http)": 4
[1 - Suricata-Main] 2025-05-19 20:20:08 Perf: detect: AppLayer MPM "toserver http_header_names (http)": 8
[1 - Suricata-Main] 2025-05-19 20:20:08 Perf: detect: AppLayer MPM "toclient http_header_names (http)": 11
[1 - Suricata-Main] 2025-05-19 20:20:08 Perf: detect: AppLayer MPM "toclient http_header_names (http)": 1
[1 - Suricata-Main] 2025-05-19 20:20:08 Perf: detect: AppLayer MPM "toclient http_header_names (http)": 2
[1 - Suricata-Main] 2025-05-19 20:20:08 Perf: detect: AppLayer MPM "toclient http_header_names (http)": 4
[1 - Suricata-Main] 2025-05-19 20:20:08 Perf: detect: AppLayer MPM "toclient http_header_names (http)": 8
[1 - Suricata-Main] 2025-05-19 20:20:08 Perf: detect: AppLayer MPM "toserver http_header_names (http2)": 11
[1 - Suricata-Main] 2025-05-19 20:20:08 Perf: detect: AppLayer MPM "toserver http_header_names (http2)": 1
[1 - Suricata-Main] 2025-05-19 20:20:08 Perf: detect: AppLayer MPM "toserver http_header_names (http2)": 2
[1 - Suricata-Main] 2025-05-19 20:20:08 Perf: detect: AppLayer MPM "toserver http_header_names (http2)": 4
[1 - Suricata-Main] 2025-05-19 20:20:08 Perf: detect: AppLayer MPM "toserver http_header_names (http2)": 8
[1 - Suricata-Main] 2025-05-19 20:20:08 Perf: detect: AppLayer MPM "toclient http_header_names (http2)": 11
[1 - Suricata-Main] 2025-05-19 20:20:08 Perf: detect: AppLayer MPM "toclient http_header_names (http2)": 1
[1 - Suricata-Main] 2025-05-19 20:20:08 Perf: detect: AppLayer MPM "toclient http_header_names (http2)": 2
[1 - Suricata-Main] 2025-05-19 20:20:08 Perf: detect: AppLayer MPM "toclient http_header_names (http2)": 4
[1 - Suricata-Main] 2025-05-19 20:20:08 Perf: detect: AppLayer MPM "toclient http_header_names (http2)": 8
[1 - Suricata-Main] 2025-05-19 20:20:08 Perf: detect: AppLayer MPM "toserver http_accept (http)": 8
[1 - Suricata-Main] 2025-05-19 20:20:08 Perf: detect: AppLayer MPM "toserver http_accept (http2)": 8
[1 - Suricata-Main] 2025-05-19 20:20:08 Perf: detect: AppLayer MPM "toserver http_accept_enc (http)": 2
[1 - Suricata-Main] 2025-05-19 20:20:08 Perf: detect: AppLayer MPM "toserver http_accept_enc (http2)": 2
[1 - Suricata-Main] 2025-05-19 20:20:08 Perf: detect: AppLayer MPM "toserver http_accept_lang (http)": 2
[1 - Suricata-Main] 2025-05-19 20:20:08 Perf: detect: AppLayer MPM "toserver http_accept_lang (http2)": 2
[1 - Suricata-Main] 2025-05-19 20:20:08 Perf: detect: AppLayer MPM "toserver http_referer (http)": 2
[1 - Suricata-Main] 2025-05-19 20:20:08 Perf: detect: AppLayer MPM "toserver http_referer (http2)": 2
[1 - Suricata-Main] 2025-05-19 20:20:08 Perf: detect: AppLayer MPM "toserver http_connection (http)": 2
[1 - Suricata-Main] 2025-05-19 20:20:08 Perf: detect: AppLayer MPM "toserver http_connection (http2)": 2
[1 - Suricata-Main] 2025-05-19 20:20:08 Perf: detect: AppLayer MPM "toclient http_connection (http)": 2
[1 - Suricata-Main] 2025-05-19 20:20:08 Perf: detect: AppLayer MPM "toclient http_connection (http2)": 2
[1 - Suricata-Main] 2025-05-19 20:20:08 Perf: detect: AppLayer MPM "toserver http_content_len (http)": 4
[1 - Suricata-Main] 2025-05-19 20:20:08 Perf: detect: AppLayer MPM "toserver http_content_len (http2)": 4
[1 - Suricata-Main] 2025-05-19 20:20:08 Perf: detect: AppLayer MPM "toclient http_content_len (http)": 4
[1 - Suricata-Main] 2025-05-19 20:20:08 Perf: detect: AppLayer MPM "toclient http_content_len (http2)": 4
[1 - Suricata-Main] 2025-05-19 20:20:08 Perf: detect: AppLayer MPM "toserver http_content_type (http)": 4
[1 - Suricata-Main] 2025-05-19 20:20:08 Perf: detect: AppLayer MPM "toserver http_content_type (http2)": 4
[1 - Suricata-Main] 2025-05-19 20:20:08 Perf: detect: AppLayer MPM "toclient http_content_type (http)": 4
[1 - Suricata-Main] 2025-05-19 20:20:08 Perf: detect: AppLayer MPM "toclient http_content_type (http2)": 4
[1 - Suricata-Main] 2025-05-19 20:20:08 Perf: detect: AppLayer MPM "toclient http.server (http)": 4
[1 - Suricata-Main] 2025-05-19 20:20:08 Perf: detect: AppLayer MPM "toclient http.server (http2)": 4
[1 - Suricata-Main] 2025-05-19 20:20:08 Perf: detect: AppLayer MPM "toclient http.location (http)": 2
[1 - Suricata-Main] 2025-05-19 20:20:08 Perf: detect: AppLayer MPM "toclient http.location (http2)": 2
[1 - Suricata-Main] 2025-05-19 20:20:08 Perf: detect: AppLayer MPM "toserver http_start (http)": 6
[1 - Suricata-Main] 2025-05-19 20:20:08 Perf: detect: AppLayer MPM "toclient http_start (http)": 6
[1 - Suricata-Main] 2025-05-19 20:20:08 Perf: detect: AppLayer MPM "toserver http_raw_header (http)": 4
[1 - Suricata-Main] 2025-05-19 20:20:08 Perf: detect: AppLayer MPM "toserver http_raw_header (http)": 2
[1 - Suricata-Main] 2025-05-19 20:20:08 Perf: detect: AppLayer MPM "toserver http_raw_header (http)": 4
[1 - Suricata-Main] 2025-05-19 20:20:08 Perf: detect: AppLayer MPM "toclient http_raw_header (http)": 4
[1 - Suricata-Main] 2025-05-19 20:20:08 Perf: detect: AppLayer MPM "toclient http_raw_header (http)": 2
[1 - Suricata-Main] 2025-05-19 20:20:08 Perf: detect: AppLayer MPM "toclient http_raw_header (http)": 4
[1 - Suricata-Main] 2025-05-19 20:20:08 Perf: detect: AppLayer MPM "toserver http_raw_header (http2)": 4
[1 - Suricata-Main] 2025-05-19 20:20:08 Perf: detect: AppLayer MPM "toserver http_raw_header (http2)": 2
[1 - Suricata-Main] 2025-05-19 20:20:08 Perf: detect: AppLayer MPM "toserver http_raw_header (http2)": 4
[1 - Suricata-Main] 2025-05-19 20:20:08 Perf: detect: AppLayer MPM "toclient http_raw_header (http2)": 4
[1 - Suricata-Main] 2025-05-19 20:20:08 Perf: detect: AppLayer MPM "toclient http_raw_header (http2)": 2
[1 - Suricata-Main] 2025-05-19 20:20:08 Perf: detect: AppLayer MPM "toclient http_raw_header (http2)": 4
[1 - Suricata-Main] 2025-05-19 20:20:08 Perf: detect: AppLayer MPM "toserver http_method (http)": 4
[1 - Suricata-Main] 2025-05-19 20:20:08 Perf: detect: AppLayer MPM "toserver http_method (http2)": 4
[1 - Suricata-Main] 2025-05-19 20:20:08 Perf: detect: AppLayer MPM "toserver http_cookie (http)": 8
[1 - Suricata-Main] 2025-05-19 20:20:08 Perf: detect: AppLayer MPM "toclient http_cookie (http)": 8
[1 - Suricata-Main] 2025-05-19 20:20:08 Perf: detect: AppLayer MPM "toserver http_cookie (http2)": 8
[1 - Suricata-Main] 2025-05-19 20:20:08 Perf: detect: AppLayer MPM "toclient http_cookie (http2)": 8
[1 - Suricata-Main] 2025-05-19 20:20:08 Perf: detect: AppLayer MPM "toserver http_user_agent (http)": 15
[1 - Suricata-Main] 2025-05-19 20:20:08 Perf: detect: AppLayer MPM "toserver http_user_agent (http2)": 15
[1 - Suricata-Main] 2025-05-19 20:20:08 Perf: detect: AppLayer MPM "toserver http_host (http)": 2
[1 - Suricata-Main] 2025-05-19 20:20:08 Perf: detect: AppLayer MPM "toserver http_host (http)": 4
[1 - Suricata-Main] 2025-05-19 20:20:08 Perf: detect: AppLayer MPM "toserver http_host (http2)": 2
[1 - Suricata-Main] 2025-05-19 20:20:08 Perf: detect: AppLayer MPM "toserver http_host (http2)": 4
[1 - Suricata-Main] 2025-05-19 20:20:08 Perf: detect: AppLayer MPM "toserver http_raw_host (http)": 2
[1 - Suricata-Main] 2025-05-19 20:20:08 Perf: detect: AppLayer MPM "toserver http_raw_host (http2)": 2
[1 - Suricata-Main] 2025-05-19 20:20:08 Perf: detect: AppLayer MPM "toclient http_stat_code (http)": 4
[1 - Suricata-Main] 2025-05-19 20:20:08 Perf: detect: AppLayer MPM "toclient http_stat_code (http2)": 4
[1 - Suricata-Main] 2025-05-19 20:20:08 Perf: detect: AppLayer MPM "toserver dns_query (dns)": 2
[1 - Suricata-Main] 2025-05-19 20:20:08 Perf: detect: AppLayer MPM "toserver dns_query (dns)": 1
[1 - Suricata-Main] 2025-05-19 20:20:08 Perf: detect: AppLayer MPM "toserver tls.sni (tls)": 3
[1 - Suricata-Main] 2025-05-19 20:20:08 Perf: detect: AppLayer MPM "toserver tls.sni (tls)": 1
[1 - Suricata-Main] 2025-05-19 20:20:08 Perf: detect: AppLayer MPM "toserver tls.cert_issuer (tls)": 6
[1 - Suricata-Main] 2025-05-19 20:20:08 Perf: detect: AppLayer MPM "toclient tls.cert_issuer (tls)": 6
[1 - Suricata-Main] 2025-05-19 20:20:08 Perf: detect: AppLayer MPM "toserver tls.cert_subject (tls)": 4
[1 - Suricata-Main] 2025-05-19 20:20:08 Perf: detect: AppLayer MPM "toclient tls.cert_subject (tls)": 4
[1 - Suricata-Main] 2025-05-19 20:20:08 Perf: detect: AppLayer MPM "toclient tls.cert_serial (tls)": 2
[1 - Suricata-Main] 2025-05-19 20:20:08 Perf: detect: AppLayer MPM "toserver tls.cert_serial (tls)": 2
[1 - Suricata-Main] 2025-05-19 20:20:08 Perf: detect: AppLayer MPM "toclient tls.cert_fingerprint (tls)": 1
[1 - Suricata-Main] 2025-05-19 20:20:08 Perf: detect: AppLayer MPM "toserver tls.cert_fingerprint (tls)": 1
[1 - Suricata-Main] 2025-05-19 20:20:08 Perf: detect: AppLayer MPM "toclient tls.certs (tls)": 2
[1 - Suricata-Main] 2025-05-19 20:20:08 Perf: detect: AppLayer MPM "toserver tls.certs (tls)": 2
[1 - Suricata-Main] 2025-05-19 20:20:08 Perf: detect: AppLayer MPM "toserver ja3.hash (tls)": 2
[1 - Suricata-Main] 2025-05-19 20:20:08 Perf: detect: AppLayer MPM "toserver ja3.hash (quic)": 2
[1 - Suricata-Main] 2025-05-19 20:20:08 Perf: detect: AppLayer MPM "toclient ja3s.hash (tls)": 1
[1 - Suricata-Main] 2025-05-19 20:20:08 Perf: detect: AppLayer MPM "toclient ja3s.hash (quic)": 1
[1 - Suricata-Main] 2025-05-19 20:20:08 Perf: detect: AppLayer MPM "toserver ssh.proto (ssh)": 1
[1 - Suricata-Main] 2025-05-19 20:20:08 Perf: detect: AppLayer MPM "toclient ssh.proto (ssh)": 1
[1 - Suricata-Main] 2025-05-19 20:20:08 Perf: detect: AppLayer MPM "toclient file_data (nfs)": 17
[1 - Suricata-Main] 2025-05-19 20:20:08 Perf: detect: AppLayer MPM "toclient file_data (nfs)": 2
[1 - Suricata-Main] 2025-05-19 20:20:08 Perf: detect: AppLayer MPM "toserver file_data (nfs)": 17
[1 - Suricata-Main] 2025-05-19 20:20:08 Perf: detect: AppLayer MPM "toserver file_data (nfs)": 2
[1 - Suricata-Main] 2025-05-19 20:20:08 Perf: detect: AppLayer MPM "toclient file_data (smb)": 17
[1 - Suricata-Main] 2025-05-19 20:20:08 Perf: detect: AppLayer MPM "toclient file_data (smb)": 2
[1 - Suricata-Main] 2025-05-19 20:20:08 Perf: detect: AppLayer MPM "toserver file_data (smb)": 17
[1 - Suricata-Main] 2025-05-19 20:20:08 Perf: detect: AppLayer MPM "toserver file_data (smb)": 2
[1 - Suricata-Main] 2025-05-19 20:20:08 Perf: detect: AppLayer MPM "toclient file_data (ftp)": 17
[1 - Suricata-Main] 2025-05-19 20:20:08 Perf: detect: AppLayer MPM "toclient file_data (ftp)": 2
[1 - Suricata-Main] 2025-05-19 20:20:08 Perf: detect: AppLayer MPM "toserver file_data (ftp)": 17
[1 - Suricata-Main] 2025-05-19 20:20:08 Perf: detect: AppLayer MPM "toserver file_data (ftp)": 2
[1 - Suricata-Main] 2025-05-19 20:20:08 Perf: detect: AppLayer MPM "toclient file_data (ftp-data)": 17
[1 - Suricata-Main] 2025-05-19 20:20:08 Perf: detect: AppLayer MPM "toclient file_data (ftp-data)": 2
[1 - Suricata-Main] 2025-05-19 20:20:08 Perf: detect: AppLayer MPM "toserver file_data (ftp-data)": 17
[1 - Suricata-Main] 2025-05-19 20:20:08 Perf: detect: AppLayer MPM "toserver file_data (ftp-data)": 2
[1 - Suricata-Main] 2025-05-19 20:20:08 Perf: detect: AppLayer MPM "toclient file_data (http)": 17
[1 - Suricata-Main] 2025-05-19 20:20:08 Perf: detect: AppLayer MPM "toclient file_data (http)": 2
[1 - Suricata-Main] 2025-05-19 20:20:08 Perf: detect: AppLayer MPM "toserver file_data (http)": 17
[1 - Suricata-Main] 2025-05-19 20:20:08 Perf: detect: AppLayer MPM "toserver file_data (http)": 2
[1 - Suricata-Main] 2025-05-19 20:20:08 Perf: detect: AppLayer MPM "toclient file_data (http2)": 17
[1 - Suricata-Main] 2025-05-19 20:20:08 Perf: detect: AppLayer MPM "toclient file_data (http2)": 2
[1 - Suricata-Main] 2025-05-19 20:20:08 Perf: detect: AppLayer MPM "toserver file_data (http2)": 17
[1 - Suricata-Main] 2025-05-19 20:20:08 Perf: detect: AppLayer MPM "toserver file_data (http2)": 2
[1 - Suricata-Main] 2025-05-19 20:20:08 Perf: detect: AppLayer MPM "toserver file_data (smtp)": 17
[1 - Suricata-Main] 2025-05-19 20:20:08 Perf: detect: AppLayer MPM "toserver file_data (smtp)": 2
[1 - Suricata-Main] 2025-05-19 20:20:08 Perf: detect: Pkt MPM "icmpv6.hdr": 1
[1 - Suricata-Main] 2025-05-19 20:20:08 Perf: detect: Pkt MPM "ipv6.hdr": 1
[1 - Suricata-Main] 2025-05-19 20:20:10 Config: af-packet: enp0s3: using flow cluster mode for AF_PACKET
[1 - Suricata-Main] 2025-05-19 20:20:10 Perf: af-packet: enp0s3: cluster_flow: 5 cores, using 5 threads
[1 - Suricata-Main] 2025-05-19 20:20:10 Perf: ioctl: enp0s3: disabling gro offloading
[1 - Suricata-Main] 2025-05-19 20:20:10 Perf: ioctl: enp0s3: disabling tso offloading
[1 - Suricata-Main] 2025-05-19 20:20:10 Perf: ioctl: enp0s3: disabling gso offloading
[1 - Suricata-Main] 2025-05-19 20:20:10 Perf: ioctl: enp0s3: disabling sg offloading
[1 - Suricata-Main] 2025-05-19 20:20:10 Warning: af-packet: enp0s3: AF_PACKET tpacket-v3 is recommended for non-inline operation
[1 - Suricata-Main] 2025-05-19 20:20:10 Info: runmodes: enp0s3: creating 5 threads
[1 - Suricata-Main] 2025-05-19 20:20:10 Config: flow-manager: using 1 flow manager threads
[1 - Suricata-Main] 2025-05-19 20:20:10 Config: flow-manager: using 1 flow recycler threads
[1 - Suricata-Main] 2025-05-19 20:20:10 Info: unix-manager: unix socket '/var/run/suricata/suricata-command.socket'
[12 - W#01-enp0s3] 2025-05-19 20:20:10 Config: af-packet: enp0s3: defrag enabled, setting snaplen to 9216
[12 - W#01-enp0s3] 2025-05-19 20:20:10 Perf: af-packet: enp0s3: rx ring: block_size=131072 block_nr=30 frame_size=9296 frame_nr=420
[13 - W#02-enp0s3] 2025-05-19 20:20:10 Config: af-packet: enp0s3: defrag enabled, setting snaplen to 9216
[13 - W#02-enp0s3] 2025-05-19 20:20:10 Perf: af-packet: enp0s3: rx ring: block_size=131072 block_nr=30 frame_size=9296 frame_nr=420
[14 - W#03-enp0s3] 2025-05-19 20:20:10 Config: af-packet: enp0s3: defrag enabled, setting snaplen to 9216
[14 - W#03-enp0s3] 2025-05-19 20:20:10 Perf: af-packet: enp0s3: rx ring: block_size=131072 block_nr=30 frame_size=9296 frame_nr=420
[15 - W#04-enp0s3] 2025-05-19 20:20:10 Config: af-packet: enp0s3: defrag enabled, setting snaplen to 9216
[15 - W#04-enp0s3] 2025-05-19 20:20:10 Perf: af-packet: enp0s3: rx ring: block_size=131072 block_nr=30 frame_size=9296 frame_nr=420
[16 - W#05-enp0s3] 2025-05-19 20:20:10 Config: af-packet: enp0s3: defrag enabled, setting snaplen to 9216
[16 - W#05-enp0s3] 2025-05-19 20:20:10 Perf: af-packet: enp0s3: rx ring: block_size=131072 block_nr=30 frame_size=9296 frame_nr=420
[1 - Suricata-Main] 2025-05-19 20:20:11 Notice: threads: Threads created -> W: 5 FM: 1 FR: 1   Engine started.
[1 - Suricata-Main] 2025-05-19 20:23:20 Notice: suricata: Signal Received.  Stopping engine.
[1 - Suricata-Main] 2025-05-19 20:23:21 Info: suricata: time elapsed 190.959s
[18 - FR#01] 2025-05-19 20:23:22 Perf: flow-manager: 546 flows processed
[12 - W#01-enp0s3] 2025-05-19 20:23:22 Perf: af-packet: enp0s3: (W#01-enp0s3) kernel: Packets 1103, dropped 0
[13 - W#02-enp0s3] 2025-05-19 20:23:22 Perf: af-packet: enp0s3: (W#02-enp0s3) kernel: Packets 1388, dropped 0
[14 - W#03-enp0s3] 2025-05-19 20:23:22 Perf: af-packet: enp0s3: (W#03-enp0s3) kernel: Packets 32432, dropped 0
[15 - W#04-enp0s3] 2025-05-19 20:23:22 Perf: af-packet: enp0s3: (W#04-enp0s3) kernel: Packets 1686, dropped 0
[16 - W#05-enp0s3] 2025-05-19 20:23:22 Perf: af-packet: enp0s3: (W#05-enp0s3) kernel: Packets 1211, dropped 0
[1 - Suricata-Main] 2025-05-19 20:23:22 Info: counters: Alerts: 10
[1 - Suricata-Main] 2025-05-19 20:23:22 Perf: ippair: ippair memory usage: 414144 bytes, maximum: 16777216
[1 - Suricata-Main] 2025-05-19 20:23:22 Perf: host: host memory usage: 398144 bytes, maximum: 33554432
[1 - Suricata-Main] 2025-05-19 20:23:22 Notice: device: enp0s3: packets: 37820, drops: 0 (0.00%), invalid chksum: 0
[1 - Suricata-Main] 2025-05-19 20:23:22 Perf: ioctl: enp0s3: restoring gro offloading
[1 - Suricata-Main] 2025-05-19 20:23:22 Perf: ioctl: enp0s3: restoring tso offloading
[1 - Suricata-Main] 2025-05-19 20:23:22 Perf: ioctl: enp0s3: restoring gso offloading
[1 - Suricata-Main] 2025-05-19 20:23:22 Perf: ioctl: enp0s3: restoring sg offloading
[1 - Suricata-Main] 2025-05-19 20:23:26 Notice: suricata: This is Suricata version 7.0.10 RELEASE running in SYSTEM mode
[1 - Suricata-Main] 2025-05-19 20:23:26 Info: cpu: CPUs/cores online: 5
[1 - Suricata-Main] 2025-05-19 20:23:26 Info: suricata: Setting engine mode to IDS mode by default
[1 - Suricata-Main] 2025-05-19 20:23:26 Info: exception-policy: master exception-policy set to: auto
[1 - Suricata-Main] 2025-05-19 20:23:26 Config: exception-policy: app-layer.error-policy: ignore (defined via 'exception-policy' master switch)
[1 - Suricata-Main] 2025-05-19 20:23:26 Config: app-layer-htp: 'default' server has 'request-body-minimal-inspect-size' set to 32793 and 'request-body-inspect-window' set to 4252 after randomization.
[1 - Suricata-Main] 2025-05-19 20:23:26 Config: app-layer-htp: 'default' server has 'response-body-minimal-inspect-size' set to 40860 and 'response-body-inspect-window' set to 16665 after randomization.
[1 - Suricata-Main] 2025-05-19 20:23:26 Config: smb: read: max record size: 16777216, max queued chunks 64, max queued size 67108864
[1 - Suricata-Main] 2025-05-19 20:23:26 Config: smb: write: max record size: 16777216, max queued chunks 64, max queued size 67108864
[1 - Suricata-Main] 2025-05-19 20:23:26 Config: app-layer-enip: Protocol detection and parser disabled for enip protocol.
[1 - Suricata-Main] 2025-05-19 20:23:26 Config: app-layer-dnp3: Protocol detection and parser disabled for DNP3.
[1 - Suricata-Main] 2025-05-19 20:23:26 Config: host: allocated 262144 bytes of memory for the host hash... 4096 buckets of size 64
[1 - Suricata-Main] 2025-05-19 20:23:26 Config: host: preallocated 1000 hosts of size 136
[1 - Suricata-Main] 2025-05-19 20:23:26 Config: host: host memory usage: 398144 bytes, maximum: 33554432
[1 - Suricata-Main] 2025-05-19 20:23:26 Config: coredump-config: Core dump size is unlimited.
[1 - Suricata-Main] 2025-05-19 20:23:26 Config: exception-policy: defrag.memcap-policy: ignore (defined via 'exception-policy' master switch)
[1 - Suricata-Main] 2025-05-19 20:23:26 Config: defrag-hash: allocated 3670016 bytes of memory for the defrag hash... 65536 buckets of size 56
[1 - Suricata-Main] 2025-05-19 20:23:26 Config: defrag-hash: preallocated 65535 defrag trackers of size 160
[1 - Suricata-Main] 2025-05-19 20:23:26 Config: defrag-hash: defrag memory usage: 14155616 bytes, maximum: 33554432
[1 - Suricata-Main] 2025-05-19 20:23:26 Config: exception-policy: flow.memcap-policy: ignore (defined via 'exception-policy' master switch)
[1 - Suricata-Main] 2025-05-19 20:23:26 Config: flow: flow size 304, memcap allows for 441505 flows. Per hash row in perfect conditions 6
[1 - Suricata-Main] 2025-05-19 20:23:26 Config: stream-tcp: stream "prealloc-sessions": 2048 (per thread)
[1 - Suricata-Main] 2025-05-19 20:23:26 Config: stream-tcp: stream "memcap": 67108864
[1 - Suricata-Main] 2025-05-19 20:23:26 Config: stream-tcp: stream "midstream" session pickups: disabled
[1 - Suricata-Main] 2025-05-19 20:23:26 Config: stream-tcp: stream "async-oneside": disabled
[1 - Suricata-Main] 2025-05-19 20:23:26 Config: stream-tcp: stream "checksum-validation": enabled
[1 - Suricata-Main] 2025-05-19 20:23:26 Config: exception-policy: stream.memcap-policy: ignore (defined via 'exception-policy' master switch)
[1 - Suricata-Main] 2025-05-19 20:23:26 Config: exception-policy: stream.reassembly.memcap-policy: ignore (defined via 'exception-policy' master switch)
[1 - Suricata-Main] 2025-05-19 20:23:26 Config: exception-policy: stream.midstream-policy: ignore (defined via 'exception-policy' master switch)
[1 - Suricata-Main] 2025-05-19 20:23:26 Config: stream-tcp: stream."inline": disabled
[1 - Suricata-Main] 2025-05-19 20:23:26 Config: stream-tcp: stream "bypass": disabled
[1 - Suricata-Main] 2025-05-19 20:23:26 Config: stream-tcp: stream.reassembly.urgent.policy": inline
[1 - Suricata-Main] 2025-05-19 20:23:26 Config: stream-tcp: stream "max-syn-queued": 10
[1 - Suricata-Main] 2025-05-19 20:23:26 Config: stream-tcp: stream "max-synack-queued": 5
[1 - Suricata-Main] 2025-05-19 20:23:26 Config: stream-tcp: stream.reassembly "memcap": 268435456
[1 - Suricata-Main] 2025-05-19 20:23:26 Config: stream-tcp: stream.reassembly "depth": 1048576
[1 - Suricata-Main] 2025-05-19 20:23:26 Config: stream-tcp: stream.reassembly "toserver-chunk-size": 2529
[1 - Suricata-Main] 2025-05-19 20:23:26 Config: stream-tcp: stream.reassembly "toclient-chunk-size": 2590
[1 - Suricata-Main] 2025-05-19 20:23:26 Config: stream-tcp: stream.reassembly.raw: enabled
[1 - Suricata-Main] 2025-05-19 20:23:26 Config: stream-tcp: stream.liberal-timestamps: disabled
[1 - Suricata-Main] 2025-05-19 20:23:26 Config: stream-tcp-reassemble: stream.reassembly "segment-prealloc": 2048
[1 - Suricata-Main] 2025-05-19 20:23:26 Config: stream-tcp-reassemble: stream.reassembly "max-regions": 8
[1 - Suricata-Main] 2025-05-19 20:23:26 Info: conf: Running in live mode, activating unix socket
[1 - Suricata-Main] 2025-05-19 20:23:26 Info: logopenfile: fast output device (regular) initialized: fast.log
[1 - Suricata-Main] 2025-05-19 20:23:26 Info: logopenfile: eve-log output device (regular) initialized: eve.json
[1 - Suricata-Main] 2025-05-19 20:23:26 Config: runmodes: enabling 'eve-log' module 'alert'
[1 - Suricata-Main] 2025-05-19 20:23:26 Config: runmodes: enabling 'eve-log' module 'frame'
[1 - Suricata-Main] 2025-05-19 20:23:26 Config: runmodes: enabling 'eve-log' module 'anomaly'
[1 - Suricata-Main] 2025-05-19 20:23:26 Config: runmodes: enabling 'eve-log' module 'http'
[1 - Suricata-Main] 2025-05-19 20:23:26 Config: runmodes: enabling 'eve-log' module 'dns'
[1 - Suricata-Main] 2025-05-19 20:23:26 Config: runmodes: enabling 'eve-log' module 'tls'
[1 - Suricata-Main] 2025-05-19 20:23:26 Config: runmodes: enabling 'eve-log' module 'files'
[1 - Suricata-Main] 2025-05-19 20:23:26 Config: runmodes: enabling 'eve-log' module 'smtp'
[1 - Suricata-Main] 2025-05-19 20:23:26 Config: runmodes: enabling 'eve-log' module 'ftp'
[1 - Suricata-Main] 2025-05-19 20:23:26 Config: runmodes: enabling 'eve-log' module 'rdp'
[1 - Suricata-Main] 2025-05-19 20:23:26 Config: runmodes: enabling 'eve-log' module 'nfs'
[1 - Suricata-Main] 2025-05-19 20:23:26 Config: runmodes: enabling 'eve-log' module 'smb'
[1 - Suricata-Main] 2025-05-19 20:23:26 Config: runmodes: enabling 'eve-log' module 'tftp'
[1 - Suricata-Main] 2025-05-19 20:23:26 Config: runmodes: enabling 'eve-log' module 'ike'
[1 - Suricata-Main] 2025-05-19 20:23:26 Config: runmodes: enabling 'eve-log' module 'dcerpc'
[1 - Suricata-Main] 2025-05-19 20:23:26 Config: runmodes: enabling 'eve-log' module 'krb5'
[1 - Suricata-Main] 2025-05-19 20:23:26 Config: runmodes: enabling 'eve-log' module 'bittorrent-dht'
[1 - Suricata-Main] 2025-05-19 20:23:26 Config: runmodes: enabling 'eve-log' module 'snmp'
[1 - Suricata-Main] 2025-05-19 20:23:26 Config: runmodes: enabling 'eve-log' module 'rfb'
[1 - Suricata-Main] 2025-05-19 20:23:26 Config: runmodes: enabling 'eve-log' module 'sip'
[1 - Suricata-Main] 2025-05-19 20:23:26 Config: runmodes: enabling 'eve-log' module 'quic'
[1 - Suricata-Main] 2025-05-19 20:23:26 Config: runmodes: enabling 'eve-log' module 'dhcp'
[1 - Suricata-Main] 2025-05-19 20:23:26 Config: runmodes: enabling 'eve-log' module 'ssh'
[1 - Suricata-Main] 2025-05-19 20:23:26 Config: runmodes: enabling 'eve-log' module 'mqtt'
[1 - Suricata-Main] 2025-05-19 20:23:26 Config: runmodes: enabling 'eve-log' module 'http2'
[1 - Suricata-Main] 2025-05-19 20:23:26 Config: runmodes: enabling 'eve-log' module 'pgsql'
[1 - Suricata-Main] 2025-05-19 20:23:26 Config: runmodes: enabling 'eve-log' module 'stats'
[1 - Suricata-Main] 2025-05-19 20:23:26 Config: runmodes: enabling 'eve-log' module 'flow'
[1 - Suricata-Main] 2025-05-19 20:23:26 Info: logopenfile: stats output device (regular) initialized: stats.log
[1 - Suricata-Main] 2025-05-19 20:23:26 Config: landlock: Landlock is not enabled in configuration
[1 - Suricata-Main] 2025-05-19 20:23:26 Config: suricata: Delayed detect disabled
[1 - Suricata-Main] 2025-05-19 20:23:26 Config: detect: pattern matchers: MPM: ac, SPM: bm
[1 - Suricata-Main] 2025-05-19 20:23:26 Config: detect: grouping: tcp-whitelist (default) 53, 80, 139, 443, 445, 1433, 3306, 3389, 6666, 6667, 8080
[1 - Suricata-Main] 2025-05-19 20:23:26 Config: detect: grouping: udp-whitelist (default) 53, 135, 5060
[1 - Suricata-Main] 2025-05-19 20:23:26 Config: detect: prefilter engines: MPM
[1 - Suricata-Main] 2025-05-19 20:23:26 Config: reputation: IP reputation disabled
[1 - Suricata-Main] 2025-05-19 20:23:26 Config: detect: Loading rule file: /var/lib/suricata/rules/suricata.rules
[1 - Suricata-Main] 2025-05-19 20:23:27 Info: detect-fast-pattern: fast_pattern is ineffective with base64_data
[1 - Suricata-Main] 2025-05-19 20:23:27 Info: detect-fast-pattern: fast_pattern is ineffective with base64_data
[1 - Suricata-Main] 2025-05-19 20:23:27 Info: detect: 1 rule files processed. 42614 rules successfully loaded, 0 rules failed, 0
[1 - Suricata-Main] 2025-05-19 20:23:27 Info: threshold-config: Threshold config parsed: 0 rule(s) found
[1 - Suricata-Main] 2025-05-19 20:23:27 Info: detect: 42617 signatures processed. 1270 are IP-only rules, 4333 are inspecting packet payload, 36797 inspect application layer, 109 are decoder event only
[1 - Suricata-Main] 2025-05-19 20:23:27 Config: detect: building signature grouping structure, stage 1: preprocessing rules... complete
[1 - Suricata-Main] 2025-05-19 20:23:27 Perf: detect: TCP toserver: 41 port groups, 40 unique SGH's, 1 copies
[1 - Suricata-Main] 2025-05-19 20:23:27 Perf: detect: TCP toclient: 21 port groups, 21 unique SGH's, 0 copies
[1 - Suricata-Main] 2025-05-19 20:23:27 Perf: detect: UDP toserver: 41 port groups, 40 unique SGH's, 1 copies
[1 - Suricata-Main] 2025-05-19 20:23:27 Perf: detect: UDP toclient: 21 port groups, 17 unique SGH's, 4 copies
[1 - Suricata-Main] 2025-05-19 20:23:27 Perf: detect: OTHER toserver: 254 proto groups, 4 unique SGH's, 250 copies
[1 - Suricata-Main] 2025-05-19 20:23:27 Perf: detect: OTHER toclient: 254 proto groups, 0 unique SGH's, 254 copies
[1 - Suricata-Main] 2025-05-19 20:23:28 Perf: detect: Unique rule groups: 122
[1 - Suricata-Main] 2025-05-19 20:23:28 Perf: detect: Builtin MPM "toserver TCP packet": 31
[1 - Suricata-Main] 2025-05-19 20:23:28 Perf: detect: Builtin MPM "toclient TCP packet": 20
[1 - Suricata-Main] 2025-05-19 20:23:28 Perf: detect: Builtin MPM "toserver TCP stream": 34
[1 - Suricata-Main] 2025-05-19 20:23:28 Perf: detect: Builtin MPM "toclient TCP stream": 19
[1 - Suricata-Main] 2025-05-19 20:23:28 Perf: detect: Builtin MPM "toserver UDP packet": 40
[1 - Suricata-Main] 2025-05-19 20:23:28 Perf: detect: Builtin MPM "toclient UDP packet": 17
[1 - Suricata-Main] 2025-05-19 20:23:28 Perf: detect: Builtin MPM "other IP packet": 3
[1 - Suricata-Main] 2025-05-19 20:23:28 Perf: detect: AppLayer MPM "toserver http_uri (http)": 16
[1 - Suricata-Main] 2025-05-19 20:23:28 Perf: detect: AppLayer MPM "toserver http_uri (http2)": 16
[1 - Suricata-Main] 2025-05-19 20:23:28 Perf: detect: AppLayer MPM "toserver http_raw_uri (http)": 2
[1 - Suricata-Main] 2025-05-19 20:23:28 Perf: detect: AppLayer MPM "toserver http_raw_uri (http)": 2
[1 - Suricata-Main] 2025-05-19 20:23:28 Perf: detect: AppLayer MPM "toserver http_raw_uri (http2)": 2
[1 - Suricata-Main] 2025-05-19 20:23:28 Perf: detect: AppLayer MPM "toserver http_raw_uri (http2)": 2
[1 - Suricata-Main] 2025-05-19 20:23:28 Perf: detect: AppLayer MPM "toserver http_request_line (http)": 8
[1 - Suricata-Main] 2025-05-19 20:23:28 Perf: detect: AppLayer MPM "toserver http_request_line (http2)": 8
[1 - Suricata-Main] 2025-05-19 20:23:28 Perf: detect: AppLayer MPM "toserver http_client_body (http)": 14
[1 - Suricata-Main] 2025-05-19 20:23:28 Perf: detect: AppLayer MPM "toserver http_client_body (http)": 2
[1 - Suricata-Main] 2025-05-19 20:23:28 Perf: detect: AppLayer MPM "toserver http_client_body (http2)": 14
[1 - Suricata-Main] 2025-05-19 20:23:28 Perf: detect: AppLayer MPM "toserver http_client_body (http2)": 2
[1 - Suricata-Main] 2025-05-19 20:23:28 Perf: detect: AppLayer MPM "toclient http_response_line (http)": 2
[1 - Suricata-Main] 2025-05-19 20:23:28 Perf: detect: AppLayer MPM "toclient http_response_line (http2)": 2
[1 - Suricata-Main] 2025-05-19 20:23:28 Perf: detect: AppLayer MPM "toserver http_header (http)": 10
[1 - Suricata-Main] 2025-05-19 20:23:28 Perf: detect: AppLayer MPM "toserver http_header (http)": 1
[1 - Suricata-Main] 2025-05-19 20:23:28 Perf: detect: AppLayer MPM "toserver http_header (http)": 4
[1 - Suricata-Main] 2025-05-19 20:23:28 Perf: detect: AppLayer MPM "toserver http_header (http)": 4
[1 - Suricata-Main] 2025-05-19 20:23:28 Perf: detect: AppLayer MPM "toserver http_header (http)": 10
[1 - Suricata-Main] 2025-05-19 20:23:28 Perf: detect: AppLayer MPM "toclient http_header (http)": 10
[1 - Suricata-Main] 2025-05-19 20:23:28 Perf: detect: AppLayer MPM "toclient http_header (http)": 1
[1 - Suricata-Main] 2025-05-19 20:23:28 Perf: detect: AppLayer MPM "toclient http_header (http)": 4
[1 - Suricata-Main] 2025-05-19 20:23:28 Perf: detect: AppLayer MPM "toclient http_header (http)": 4
[1 - Suricata-Main] 2025-05-19 20:23:28 Perf: detect: AppLayer MPM "toclient http_header (http)": 10
[1 - Suricata-Main] 2025-05-19 20:23:28 Perf: detect: AppLayer MPM "toserver http_header (http2)": 10
[1 - Suricata-Main] 2025-05-19 20:23:28 Perf: detect: AppLayer MPM "toserver http_header (http2)": 1
[1 - Suricata-Main] 2025-05-19 20:23:28 Perf: detect: AppLayer MPM "toserver http_header (http2)": 4
[1 - Suricata-Main] 2025-05-19 20:23:28 Perf: detect: AppLayer MPM "toserver http_header (http2)": 4
[1 - Suricata-Main] 2025-05-19 20:23:28 Perf: detect: AppLayer MPM "toserver http_header (http2)": 10
[1 - Suricata-Main] 2025-05-19 20:23:28 Perf: detect: AppLayer MPM "toclient http_header (http2)": 10
[1 - Suricata-Main] 2025-05-19 20:23:28 Perf: detect: AppLayer MPM "toclient http_header (http2)": 1
[1 - Suricata-Main] 2025-05-19 20:23:28 Perf: detect: AppLayer MPM "toclient http_header (http2)": 4
[1 - Suricata-Main] 2025-05-19 20:23:28 Perf: detect: AppLayer MPM "toclient http_header (http2)": 4
[1 - Suricata-Main] 2025-05-19 20:23:28 Perf: detect: AppLayer MPM "toclient http_header (http2)": 10
[1 - Suricata-Main] 2025-05-19 20:23:28 Perf: detect: AppLayer MPM "toserver http_request_header (http2)": 2
[1 - Suricata-Main] 2025-05-19 20:23:28 Perf: detect: AppLayer MPM "toserver http_request_header (http2)": 4
[1 - Suricata-Main] 2025-05-19 20:23:28 Perf: detect: AppLayer MPM "toserver http_request_header (http)": 2
[1 - Suricata-Main] 2025-05-19 20:23:28 Perf: detect: AppLayer MPM "toserver http_request_header (http)": 4
[1 - Suricata-Main] 2025-05-19 20:23:28 Perf: detect: AppLayer MPM "toclient http_response_header (http2)": 2
[1 - Suricata-Main] 2025-05-19 20:23:28 Perf: detect: AppLayer MPM "toclient http_response_header (http2)": 2
[1 - Suricata-Main] 2025-05-19 20:23:28 Perf: detect: AppLayer MPM "toclient http_response_header (http2)": 2
[1 - Suricata-Main] 2025-05-19 20:23:28 Perf: detect: AppLayer MPM "toclient http_response_header (http2)": 2
[1 - Suricata-Main] 2025-05-19 20:23:28 Perf: detect: AppLayer MPM "toclient http_response_header (http)": 2
[1 - Suricata-Main] 2025-05-19 20:23:28 Perf: detect: AppLayer MPM "toclient http_response_header (http)": 2
[1 - Suricata-Main] 2025-05-19 20:23:28 Perf: detect: AppLayer MPM "toclient http_response_header (http)": 2
[1 - Suricata-Main] 2025-05-19 20:23:28 Perf: detect: AppLayer MPM "toclient http_response_header (http)": 2
[1 - Suricata-Main] 2025-05-19 20:23:28 Perf: detect: AppLayer MPM "toserver http_header_names (http)": 11
[1 - Suricata-Main] 2025-05-19 20:23:28 Perf: detect: AppLayer MPM "toserver http_header_names (http)": 1
[1 - Suricata-Main] 2025-05-19 20:23:28 Perf: detect: AppLayer MPM "toserver http_header_names (http)": 2
[1 - Suricata-Main] 2025-05-19 20:23:28 Perf: detect: AppLayer MPM "toserver http_header_names (http)": 4
[1 - Suricata-Main] 2025-05-19 20:23:28 Perf: detect: AppLayer MPM "toserver http_header_names (http)": 8
[1 - Suricata-Main] 2025-05-19 20:23:28 Perf: detect: AppLayer MPM "toclient http_header_names (http)": 11
[1 - Suricata-Main] 2025-05-19 20:23:28 Perf: detect: AppLayer MPM "toclient http_header_names (http)": 1
[1 - Suricata-Main] 2025-05-19 20:23:28 Perf: detect: AppLayer MPM "toclient http_header_names (http)": 2
[1 - Suricata-Main] 2025-05-19 20:23:28 Perf: detect: AppLayer MPM "toclient http_header_names (http)": 4
[1 - Suricata-Main] 2025-05-19 20:23:28 Perf: detect: AppLayer MPM "toclient http_header_names (http)": 8
[1 - Suricata-Main] 2025-05-19 20:23:28 Perf: detect: AppLayer MPM "toserver http_header_names (http2)": 11
[1 - Suricata-Main] 2025-05-19 20:23:28 Perf: detect: AppLayer MPM "toserver http_header_names (http2)": 1
[1 - Suricata-Main] 2025-05-19 20:23:28 Perf: detect: AppLayer MPM "toserver http_header_names (http2)": 2
[1 - Suricata-Main] 2025-05-19 20:23:28 Perf: detect: AppLayer MPM "toserver http_header_names (http2)": 4
[1 - Suricata-Main] 2025-05-19 20:23:28 Perf: detect: AppLayer MPM "toserver http_header_names (http2)": 8
[1 - Suricata-Main] 2025-05-19 20:23:28 Perf: detect: AppLayer MPM "toclient http_header_names (http2)": 11
[1 - Suricata-Main] 2025-05-19 20:23:28 Perf: detect: AppLayer MPM "toclient http_header_names (http2)": 1
[1 - Suricata-Main] 2025-05-19 20:23:28 Perf: detect: AppLayer MPM "toclient http_header_names (http2)": 2
[1 - Suricata-Main] 2025-05-19 20:23:28 Perf: detect: AppLayer MPM "toclient http_header_names (http2)": 4
[1 - Suricata-Main] 2025-05-19 20:23:28 Perf: detect: AppLayer MPM "toclient http_header_names (http2)": 8
[1 - Suricata-Main] 2025-05-19 20:23:28 Perf: detect: AppLayer MPM "toserver http_accept (http)": 8
[1 - Suricata-Main] 2025-05-19 20:23:28 Perf: detect: AppLayer MPM "toserver http_accept (http2)": 8
[1 - Suricata-Main] 2025-05-19 20:23:28 Perf: detect: AppLayer MPM "toserver http_accept_enc (http)": 2
[1 - Suricata-Main] 2025-05-19 20:23:28 Perf: detect: AppLayer MPM "toserver http_accept_enc (http2)": 2
[1 - Suricata-Main] 2025-05-19 20:23:28 Perf: detect: AppLayer MPM "toserver http_accept_lang (http)": 2
[1 - Suricata-Main] 2025-05-19 20:23:28 Perf: detect: AppLayer MPM "toserver http_accept_lang (http2)": 2
[1 - Suricata-Main] 2025-05-19 20:23:28 Perf: detect: AppLayer MPM "toserver http_referer (http)": 2
[1 - Suricata-Main] 2025-05-19 20:23:28 Perf: detect: AppLayer MPM "toserver http_referer (http2)": 2
[1 - Suricata-Main] 2025-05-19 20:23:28 Perf: detect: AppLayer MPM "toserver http_connection (http)": 2
[1 - Suricata-Main] 2025-05-19 20:23:28 Perf: detect: AppLayer MPM "toserver http_connection (http2)": 2
[1 - Suricata-Main] 2025-05-19 20:23:28 Perf: detect: AppLayer MPM "toclient http_connection (http)": 2
[1 - Suricata-Main] 2025-05-19 20:23:28 Perf: detect: AppLayer MPM "toclient http_connection (http2)": 2
[1 - Suricata-Main] 2025-05-19 20:23:28 Perf: detect: AppLayer MPM "toserver http_content_len (http)": 4
[1 - Suricata-Main] 2025-05-19 20:23:28 Perf: detect: AppLayer MPM "toserver http_content_len (http2)": 4
[1 - Suricata-Main] 2025-05-19 20:23:28 Perf: detect: AppLayer MPM "toclient http_content_len (http)": 4
[1 - Suricata-Main] 2025-05-19 20:23:28 Perf: detect: AppLayer MPM "toclient http_content_len (http2)": 4
[1 - Suricata-Main] 2025-05-19 20:23:28 Perf: detect: AppLayer MPM "toserver http_content_type (http)": 4
[1 - Suricata-Main] 2025-05-19 20:23:28 Perf: detect: AppLayer MPM "toserver http_content_type (http2)": 4
[1 - Suricata-Main] 2025-05-19 20:23:28 Perf: detect: AppLayer MPM "toclient http_content_type (http)": 4
[1 - Suricata-Main] 2025-05-19 20:23:28 Perf: detect: AppLayer MPM "toclient http_content_type (http2)": 4
[1 - Suricata-Main] 2025-05-19 20:23:28 Perf: detect: AppLayer MPM "toclient http.server (http)": 4
[1 - Suricata-Main] 2025-05-19 20:23:28 Perf: detect: AppLayer MPM "toclient http.server (http2)": 4
[1 - Suricata-Main] 2025-05-19 20:23:28 Perf: detect: AppLayer MPM "toclient http.location (http)": 2
[1 - Suricata-Main] 2025-05-19 20:23:28 Perf: detect: AppLayer MPM "toclient http.location (http2)": 2
[1 - Suricata-Main] 2025-05-19 20:23:28 Perf: detect: AppLayer MPM "toserver http_start (http)": 6
[1 - Suricata-Main] 2025-05-19 20:23:28 Perf: detect: AppLayer MPM "toclient http_start (http)": 6
[1 - Suricata-Main] 2025-05-19 20:23:28 Perf: detect: AppLayer MPM "toserver http_raw_header (http)": 4
[1 - Suricata-Main] 2025-05-19 20:23:28 Perf: detect: AppLayer MPM "toserver http_raw_header (http)": 2
[1 - Suricata-Main] 2025-05-19 20:23:28 Perf: detect: AppLayer MPM "toserver http_raw_header (http)": 4
[1 - Suricata-Main] 2025-05-19 20:23:28 Perf: detect: AppLayer MPM "toclient http_raw_header (http)": 4
[1 - Suricata-Main] 2025-05-19 20:23:28 Perf: detect: AppLayer MPM "toclient http_raw_header (http)": 2
[1 - Suricata-Main] 2025-05-19 20:23:28 Perf: detect: AppLayer MPM "toclient http_raw_header (http)": 4
[1 - Suricata-Main] 2025-05-19 20:23:28 Perf: detect: AppLayer MPM "toserver http_raw_header (http2)": 4
[1 - Suricata-Main] 2025-05-19 20:23:28 Perf: detect: AppLayer MPM "toserver http_raw_header (http2)": 2
[1 - Suricata-Main] 2025-05-19 20:23:28 Perf: detect: AppLayer MPM "toserver http_raw_header (http2)": 4
[1 - Suricata-Main] 2025-05-19 20:23:28 Perf: detect: AppLayer MPM "toclient http_raw_header (http2)": 4
[1 - Suricata-Main] 2025-05-19 20:23:28 Perf: detect: AppLayer MPM "toclient http_raw_header (http2)": 2
[1 - Suricata-Main] 2025-05-19 20:23:28 Perf: detect: AppLayer MPM "toclient http_raw_header (http2)": 4
[1 - Suricata-Main] 2025-05-19 20:23:28 Perf: detect: AppLayer MPM "toserver http_method (http)": 4
[1 - Suricata-Main] 2025-05-19 20:23:28 Perf: detect: AppLayer MPM "toserver http_method (http2)": 4
[1 - Suricata-Main] 2025-05-19 20:23:28 Perf: detect: AppLayer MPM "toserver http_cookie (http)": 8
[1 - Suricata-Main] 2025-05-19 20:23:28 Perf: detect: AppLayer MPM "toclient http_cookie (http)": 8
[1 - Suricata-Main] 2025-05-19 20:23:28 Perf: detect: AppLayer MPM "toserver http_cookie (http2)": 8
[1 - Suricata-Main] 2025-05-19 20:23:28 Perf: detect: AppLayer MPM "toclient http_cookie (http2)": 8
[1 - Suricata-Main] 2025-05-19 20:23:28 Perf: detect: AppLayer MPM "toserver http_user_agent (http)": 15
[1 - Suricata-Main] 2025-05-19 20:23:28 Perf: detect: AppLayer MPM "toserver http_user_agent (http2)": 15
[1 - Suricata-Main] 2025-05-19 20:23:28 Perf: detect: AppLayer MPM "toserver http_host (http)": 2
[1 - Suricata-Main] 2025-05-19 20:23:28 Perf: detect: AppLayer MPM "toserver http_host (http)": 4
[1 - Suricata-Main] 2025-05-19 20:23:28 Perf: detect: AppLayer MPM "toserver http_host (http2)": 2
[1 - Suricata-Main] 2025-05-19 20:23:28 Perf: detect: AppLayer MPM "toserver http_host (http2)": 4
[1 - Suricata-Main] 2025-05-19 20:23:28 Perf: detect: AppLayer MPM "toserver http_raw_host (http)": 2
[1 - Suricata-Main] 2025-05-19 20:23:28 Perf: detect: AppLayer MPM "toserver http_raw_host (http2)": 2
[1 - Suricata-Main] 2025-05-19 20:23:28 Perf: detect: AppLayer MPM "toclient http_stat_code (http)": 4
[1 - Suricata-Main] 2025-05-19 20:23:28 Perf: detect: AppLayer MPM "toclient http_stat_code (http2)": 4
[1 - Suricata-Main] 2025-05-19 20:23:28 Perf: detect: AppLayer MPM "toserver dns_query (dns)": 2
[1 - Suricata-Main] 2025-05-19 20:23:28 Perf: detect: AppLayer MPM "toserver dns_query (dns)": 1
[1 - Suricata-Main] 2025-05-19 20:23:28 Perf: detect: AppLayer MPM "toserver tls.sni (tls)": 3
[1 - Suricata-Main] 2025-05-19 20:23:28 Perf: detect: AppLayer MPM "toserver tls.sni (tls)": 1
[1 - Suricata-Main] 2025-05-19 20:23:28 Perf: detect: AppLayer MPM "toserver tls.cert_issuer (tls)": 6
[1 - Suricata-Main] 2025-05-19 20:23:28 Perf: detect: AppLayer MPM "toclient tls.cert_issuer (tls)": 6
[1 - Suricata-Main] 2025-05-19 20:23:28 Perf: detect: AppLayer MPM "toserver tls.cert_subject (tls)": 4
[1 - Suricata-Main] 2025-05-19 20:23:28 Perf: detect: AppLayer MPM "toclient tls.cert_subject (tls)": 4
[1 - Suricata-Main] 2025-05-19 20:23:28 Perf: detect: AppLayer MPM "toclient tls.cert_serial (tls)": 2
[1 - Suricata-Main] 2025-05-19 20:23:28 Perf: detect: AppLayer MPM "toserver tls.cert_serial (tls)": 2
[1 - Suricata-Main] 2025-05-19 20:23:28 Perf: detect: AppLayer MPM "toclient tls.cert_fingerprint (tls)": 1
[1 - Suricata-Main] 2025-05-19 20:23:28 Perf: detect: AppLayer MPM "toserver tls.cert_fingerprint (tls)": 1
[1 - Suricata-Main] 2025-05-19 20:23:28 Perf: detect: AppLayer MPM "toclient tls.certs (tls)": 2
[1 - Suricata-Main] 2025-05-19 20:23:28 Perf: detect: AppLayer MPM "toserver tls.certs (tls)": 2
[1 - Suricata-Main] 2025-05-19 20:23:28 Perf: detect: AppLayer MPM "toserver ja3.hash (tls)": 2
[1 - Suricata-Main] 2025-05-19 20:23:28 Perf: detect: AppLayer MPM "toserver ja3.hash (quic)": 2
[1 - Suricata-Main] 2025-05-19 20:23:28 Perf: detect: AppLayer MPM "toclient ja3s.hash (tls)": 1
[1 - Suricata-Main] 2025-05-19 20:23:28 Perf: detect: AppLayer MPM "toclient ja3s.hash (quic)": 1
[1 - Suricata-Main] 2025-05-19 20:23:28 Perf: detect: AppLayer MPM "toserver ssh.proto (ssh)": 1
[1 - Suricata-Main] 2025-05-19 20:23:28 Perf: detect: AppLayer MPM "toclient ssh.proto (ssh)": 1
[1 - Suricata-Main] 2025-05-19 20:23:28 Perf: detect: AppLayer MPM "toclient file_data (nfs)": 17
[1 - Suricata-Main] 2025-05-19 20:23:28 Perf: detect: AppLayer MPM "toclient file_data (nfs)": 2
[1 - Suricata-Main] 2025-05-19 20:23:28 Perf: detect: AppLayer MPM "toserver file_data (nfs)": 17
[1 - Suricata-Main] 2025-05-19 20:23:28 Perf: detect: AppLayer MPM "toserver file_data (nfs)": 2
[1 - Suricata-Main] 2025-05-19 20:23:28 Perf: detect: AppLayer MPM "toclient file_data (smb)": 17
[1 - Suricata-Main] 2025-05-19 20:23:28 Perf: detect: AppLayer MPM "toclient file_data (smb)": 2
[1 - Suricata-Main] 2025-05-19 20:23:28 Perf: detect: AppLayer MPM "toserver file_data (smb)": 17
[1 - Suricata-Main] 2025-05-19 20:23:28 Perf: detect: AppLayer MPM "toserver file_data (smb)": 2
[1 - Suricata-Main] 2025-05-19 20:23:28 Perf: detect: AppLayer MPM "toclient file_data (ftp)": 17
[1 - Suricata-Main] 2025-05-19 20:23:28 Perf: detect: AppLayer MPM "toclient file_data (ftp)": 2
[1 - Suricata-Main] 2025-05-19 20:23:28 Perf: detect: AppLayer MPM "toserver file_data (ftp)": 17
[1 - Suricata-Main] 2025-05-19 20:23:28 Perf: detect: AppLayer MPM "toserver file_data (ftp)": 2
[1 - Suricata-Main] 2025-05-19 20:23:28 Perf: detect: AppLayer MPM "toclient file_data (ftp-data)": 17
[1 - Suricata-Main] 2025-05-19 20:23:28 Perf: detect: AppLayer MPM "toclient file_data (ftp-data)": 2
[1 - Suricata-Main] 2025-05-19 20:23:28 Perf: detect: AppLayer MPM "toserver file_data (ftp-data)": 17
[1 - Suricata-Main] 2025-05-19 20:23:28 Perf: detect: AppLayer MPM "toserver file_data (ftp-data)": 2
[1 - Suricata-Main] 2025-05-19 20:23:28 Perf: detect: AppLayer MPM "toclient file_data (http)": 17
[1 - Suricata-Main] 2025-05-19 20:23:28 Perf: detect: AppLayer MPM "toclient file_data (http)": 2
[1 - Suricata-Main] 2025-05-19 20:23:28 Perf: detect: AppLayer MPM "toserver file_data (http)": 17
[1 - Suricata-Main] 2025-05-19 20:23:28 Perf: detect: AppLayer MPM "toserver file_data (http)": 2
[1 - Suricata-Main] 2025-05-19 20:23:28 Perf: detect: AppLayer MPM "toclient file_data (http2)": 17
[1 - Suricata-Main] 2025-05-19 20:23:28 Perf: detect: AppLayer MPM "toclient file_data (http2)": 2
[1 - Suricata-Main] 2025-05-19 20:23:28 Perf: detect: AppLayer MPM "toserver file_data (http2)": 17
[1 - Suricata-Main] 2025-05-19 20:23:28 Perf: detect: AppLayer MPM "toserver file_data (http2)": 2
[1 - Suricata-Main] 2025-05-19 20:23:28 Perf: detect: AppLayer MPM "toserver file_data (smtp)": 17
[1 - Suricata-Main] 2025-05-19 20:23:28 Perf: detect: AppLayer MPM "toserver file_data (smtp)": 2
[1 - Suricata-Main] 2025-05-19 20:23:28 Perf: detect: Pkt MPM "icmpv6.hdr": 1
[1 - Suricata-Main] 2025-05-19 20:23:28 Perf: detect: Pkt MPM "ipv6.hdr": 1
[1 - Suricata-Main] 2025-05-19 20:23:30 Config: af-packet: enp0s3: using flow cluster mode for AF_PACKET
[1 - Suricata-Main] 2025-05-19 20:23:30 Perf: af-packet: enp0s3: cluster_flow: 5 cores, using 5 threads
[1 - Suricata-Main] 2025-05-19 20:23:31 Perf: ioctl: enp0s3: disabling gro offloading
[1 - Suricata-Main] 2025-05-19 20:23:31 Perf: ioctl: enp0s3: disabling tso offloading
[1 - Suricata-Main] 2025-05-19 20:23:31 Perf: ioctl: enp0s3: disabling gso offloading
[1 - Suricata-Main] 2025-05-19 20:23:31 Perf: ioctl: enp0s3: disabling sg offloading
[1 - Suricata-Main] 2025-05-19 20:23:31 Warning: af-packet: enp0s3: AF_PACKET tpacket-v3 is recommended for non-inline operation
[1 - Suricata-Main] 2025-05-19 20:23:31 Info: runmodes: enp0s3: creating 5 threads
[1 - Suricata-Main] 2025-05-19 20:23:31 Config: flow-manager: using 1 flow manager threads
[1 - Suricata-Main] 2025-05-19 20:23:31 Config: flow-manager: using 1 flow recycler threads
[1 - Suricata-Main] 2025-05-19 20:23:31 Info: unix-manager: unix socket '/var/run/suricata/suricata-command.socket'
[12 - W#01-enp0s3] 2025-05-19 20:23:31 Config: af-packet: enp0s3: defrag enabled, setting snaplen to 9216
[12 - W#01-enp0s3] 2025-05-19 20:23:31 Perf: af-packet: enp0s3: rx ring: block_size=131072 block_nr=30 frame_size=9296 frame_nr=420
[13 - W#02-enp0s3] 2025-05-19 20:23:31 Config: af-packet: enp0s3: defrag enabled, setting snaplen to 9216
[13 - W#02-enp0s3] 2025-05-19 20:23:31 Perf: af-packet: enp0s3: rx ring: block_size=131072 block_nr=30 frame_size=9296 frame_nr=420
[14 - W#03-enp0s3] 2025-05-19 20:23:31 Config: af-packet: enp0s3: defrag enabled, setting snaplen to 9216
[14 - W#03-enp0s3] 2025-05-19 20:23:31 Perf: af-packet: enp0s3: rx ring: block_size=131072 block_nr=30 frame_size=9296 frame_nr=420
[15 - W#04-enp0s3] 2025-05-19 20:23:31 Config: af-packet: enp0s3: defrag enabled, setting snaplen to 9216
[15 - W#04-enp0s3] 2025-05-19 20:23:31 Perf: af-packet: enp0s3: rx ring: block_size=131072 block_nr=30 frame_size=9296 frame_nr=420
[16 - W#05-enp0s3] 2025-05-19 20:23:31 Config: af-packet: enp0s3: defrag enabled, setting snaplen to 9216
[16 - W#05-enp0s3] 2025-05-19 20:23:31 Perf: af-packet: enp0s3: rx ring: block_size=131072 block_nr=30 frame_size=9296 frame_nr=420
[1 - Suricata-Main] 2025-05-19 20:23:31 Notice: threads: Threads created -> W: 5 FM: 1 FR: 1   Engine started.
[1 - Suricata-Main] 2025-05-19 20:24:51 Notice: suricata: Signal Received.  Stopping engine.
[1 - Suricata-Main] 2025-05-19 20:24:52 Info: suricata: time elapsed 81.231s
[18 - FR#01] 2025-05-19 20:24:53 Perf: flow-manager: 208 flows processed
[12 - W#01-enp0s3] 2025-05-19 20:24:53 Perf: af-packet: enp0s3: (W#01-enp0s3) kernel: Packets 729, dropped 0
[13 - W#02-enp0s3] 2025-05-19 20:24:53 Perf: af-packet: enp0s3: (W#02-enp0s3) kernel: Packets 503, dropped 0
[14 - W#03-enp0s3] 2025-05-19 20:24:53 Perf: af-packet: enp0s3: (W#03-enp0s3) kernel: Packets 414, dropped 0
[15 - W#04-enp0s3] 2025-05-19 20:24:53 Perf: af-packet: enp0s3: (W#04-enp0s3) kernel: Packets 632, dropped 0
[16 - W#05-enp0s3] 2025-05-19 20:24:53 Perf: af-packet: enp0s3: (W#05-enp0s3) kernel: Packets 537, dropped 0
[1 - Suricata-Main] 2025-05-19 20:24:53 Info: counters: Alerts: 0
[1 - Suricata-Main] 2025-05-19 20:24:53 Perf: ippair: ippair memory usage: 414144 bytes, maximum: 16777216
[1 - Suricata-Main] 2025-05-19 20:24:53 Perf: host: host memory usage: 398144 bytes, maximum: 33554432
[1 - Suricata-Main] 2025-05-19 20:24:53 Notice: device: enp0s3: packets: 2815, drops: 0 (0.00%), invalid chksum: 0
[1 - Suricata-Main] 2025-05-19 20:24:53 Perf: ioctl: enp0s3: restoring gro offloading
[1 - Suricata-Main] 2025-05-19 20:24:53 Perf: ioctl: enp0s3: restoring tso offloading
[1 - Suricata-Main] 2025-05-19 20:24:53 Perf: ioctl: enp0s3: restoring gso offloading
[1 - Suricata-Main] 2025-05-19 20:24:53 Perf: ioctl: enp0s3: restoring sg offloading
[1 - Suricata-Main] 2025-05-19 20:24:57 Notice: suricata: This is Suricata version 7.0.10 RELEASE running in SYSTEM mode
[1 - Suricata-Main] 2025-05-19 20:24:57 Info: cpu: CPUs/cores online: 5
[1 - Suricata-Main] 2025-05-19 20:24:57 Info: suricata: Setting engine mode to IDS mode by default
[1 - Suricata-Main] 2025-05-19 20:24:57 Info: exception-policy: master exception-policy set to: auto
[1 - Suricata-Main] 2025-05-19 20:24:57 Config: exception-policy: app-layer.error-policy: ignore (defined via 'exception-policy' master switch)
[1 - Suricata-Main] 2025-05-19 20:24:57 Config: app-layer-htp: 'default' server has 'request-body-minimal-inspect-size' set to 33332 and 'request-body-inspect-window' set to 3999 after randomization.
[1 - Suricata-Main] 2025-05-19 20:24:57 Config: app-layer-htp: 'default' server has 'response-body-minimal-inspect-size' set to 42688 and 'response-body-inspect-window' set to 16568 after randomization.
[1 - Suricata-Main] 2025-05-19 20:24:57 Config: smb: read: max record size: 16777216, max queued chunks 64, max queued size 67108864
[1 - Suricata-Main] 2025-05-19 20:24:57 Config: smb: write: max record size: 16777216, max queued chunks 64, max queued size 67108864
[1 - Suricata-Main] 2025-05-19 20:24:57 Config: app-layer-enip: Protocol detection and parser disabled for enip protocol.
[1 - Suricata-Main] 2025-05-19 20:24:57 Config: app-layer-dnp3: Protocol detection and parser disabled for DNP3.
[1 - Suricata-Main] 2025-05-19 20:24:57 Config: host: allocated 262144 bytes of memory for the host hash... 4096 buckets of size 64
[1 - Suricata-Main] 2025-05-19 20:24:57 Config: host: preallocated 1000 hosts of size 136
[1 - Suricata-Main] 2025-05-19 20:24:57 Config: host: host memory usage: 398144 bytes, maximum: 33554432
[1 - Suricata-Main] 2025-05-19 20:24:57 Config: coredump-config: Core dump size is unlimited.
[1 - Suricata-Main] 2025-05-19 20:24:57 Config: exception-policy: defrag.memcap-policy: ignore (defined via 'exception-policy' master switch)
[1 - Suricata-Main] 2025-05-19 20:24:57 Config: defrag-hash: allocated 3670016 bytes of memory for the defrag hash... 65536 buckets of size 56
[1 - Suricata-Main] 2025-05-19 20:24:57 Config: defrag-hash: preallocated 65535 defrag trackers of size 160
[1 - Suricata-Main] 2025-05-19 20:24:57 Config: defrag-hash: defrag memory usage: 14155616 bytes, maximum: 33554432
[1 - Suricata-Main] 2025-05-19 20:24:57 Config: exception-policy: flow.memcap-policy: ignore (defined via 'exception-policy' master switch)
[1 - Suricata-Main] 2025-05-19 20:24:57 Config: flow: flow size 304, memcap allows for 441505 flows. Per hash row in perfect conditions 6
[1 - Suricata-Main] 2025-05-19 20:24:57 Config: stream-tcp: stream "prealloc-sessions": 2048 (per thread)
[1 - Suricata-Main] 2025-05-19 20:24:57 Config: stream-tcp: stream "memcap": 67108864
[1 - Suricata-Main] 2025-05-19 20:24:57 Config: stream-tcp: stream "midstream" session pickups: disabled
[1 - Suricata-Main] 2025-05-19 20:24:57 Config: stream-tcp: stream "async-oneside": disabled
[1 - Suricata-Main] 2025-05-19 20:24:57 Config: stream-tcp: stream "checksum-validation": enabled
[1 - Suricata-Main] 2025-05-19 20:24:57 Config: exception-policy: stream.memcap-policy: ignore (defined via 'exception-policy' master switch)
[1 - Suricata-Main] 2025-05-19 20:24:57 Config: exception-policy: stream.reassembly.memcap-policy: ignore (defined via 'exception-policy' master switch)
[1 - Suricata-Main] 2025-05-19 20:24:57 Config: exception-policy: stream.midstream-policy: ignore (defined via 'exception-policy' master switch)
[1 - Suricata-Main] 2025-05-19 20:24:57 Config: stream-tcp: stream."inline": disabled
[1 - Suricata-Main] 2025-05-19 20:24:57 Config: stream-tcp: stream "bypass": disabled
[1 - Suricata-Main] 2025-05-19 20:24:57 Config: stream-tcp: stream.reassembly.urgent.policy": inline
[1 - Suricata-Main] 2025-05-19 20:24:57 Config: stream-tcp: stream "max-syn-queued": 10
[1 - Suricata-Main] 2025-05-19 20:24:57 Config: stream-tcp: stream "max-synack-queued": 5
[1 - Suricata-Main] 2025-05-19 20:24:57 Config: stream-tcp: stream.reassembly "memcap": 268435456
[1 - Suricata-Main] 2025-05-19 20:24:57 Config: stream-tcp: stream.reassembly "depth": 1048576
[1 - Suricata-Main] 2025-05-19 20:24:57 Config: stream-tcp: stream.reassembly "toserver-chunk-size": 2590
[1 - Suricata-Main] 2025-05-19 20:24:57 Config: stream-tcp: stream.reassembly "toclient-chunk-size": 2682
[1 - Suricata-Main] 2025-05-19 20:24:57 Config: stream-tcp: stream.reassembly.raw: enabled
[1 - Suricata-Main] 2025-05-19 20:24:57 Config: stream-tcp: stream.liberal-timestamps: disabled
[1 - Suricata-Main] 2025-05-19 20:24:57 Config: stream-tcp-reassemble: stream.reassembly "segment-prealloc": 2048
[1 - Suricata-Main] 2025-05-19 20:24:57 Config: stream-tcp-reassemble: stream.reassembly "max-regions": 8
[1 - Suricata-Main] 2025-05-19 20:24:57 Info: conf: Running in live mode, activating unix socket
[1 - Suricata-Main] 2025-05-19 20:24:57 Info: logopenfile: fast output device (regular) initialized: fast.log
[1 - Suricata-Main] 2025-05-19 20:24:57 Info: logopenfile: eve-log output device (regular) initialized: eve.json
[1 - Suricata-Main] 2025-05-19 20:24:57 Config: runmodes: enabling 'eve-log' module 'alert'
[1 - Suricata-Main] 2025-05-19 20:24:57 Config: runmodes: enabling 'eve-log' module 'frame'
[1 - Suricata-Main] 2025-05-19 20:24:57 Config: runmodes: enabling 'eve-log' module 'anomaly'
[1 - Suricata-Main] 2025-05-19 20:24:57 Config: runmodes: enabling 'eve-log' module 'http'
[1 - Suricata-Main] 2025-05-19 20:24:57 Config: runmodes: enabling 'eve-log' module 'dns'
[1 - Suricata-Main] 2025-05-19 20:24:57 Config: runmodes: enabling 'eve-log' module 'tls'
[1 - Suricata-Main] 2025-05-19 20:24:57 Config: runmodes: enabling 'eve-log' module 'files'
[1 - Suricata-Main] 2025-05-19 20:24:57 Config: runmodes: enabling 'eve-log' module 'smtp'
[1 - Suricata-Main] 2025-05-19 20:24:57 Config: runmodes: enabling 'eve-log' module 'ftp'
[1 - Suricata-Main] 2025-05-19 20:24:57 Config: runmodes: enabling 'eve-log' module 'rdp'
[1 - Suricata-Main] 2025-05-19 20:24:57 Config: runmodes: enabling 'eve-log' module 'nfs'
[1 - Suricata-Main] 2025-05-19 20:24:57 Config: runmodes: enabling 'eve-log' module 'smb'
[1 - Suricata-Main] 2025-05-19 20:24:57 Config: runmodes: enabling 'eve-log' module 'tftp'
[1 - Suricata-Main] 2025-05-19 20:24:57 Config: runmodes: enabling 'eve-log' module 'ike'
[1 - Suricata-Main] 2025-05-19 20:24:57 Config: runmodes: enabling 'eve-log' module 'dcerpc'
[1 - Suricata-Main] 2025-05-19 20:24:57 Config: runmodes: enabling 'eve-log' module 'krb5'
[1 - Suricata-Main] 2025-05-19 20:24:57 Config: runmodes: enabling 'eve-log' module 'bittorrent-dht'
[1 - Suricata-Main] 2025-05-19 20:24:57 Config: runmodes: enabling 'eve-log' module 'snmp'
[1 - Suricata-Main] 2025-05-19 20:24:57 Config: runmodes: enabling 'eve-log' module 'rfb'
[1 - Suricata-Main] 2025-05-19 20:24:57 Config: runmodes: enabling 'eve-log' module 'sip'
[1 - Suricata-Main] 2025-05-19 20:24:57 Config: runmodes: enabling 'eve-log' module 'quic'
[1 - Suricata-Main] 2025-05-19 20:24:57 Config: runmodes: enabling 'eve-log' module 'dhcp'
[1 - Suricata-Main] 2025-05-19 20:24:57 Config: runmodes: enabling 'eve-log' module 'ssh'
[1 - Suricata-Main] 2025-05-19 20:24:57 Config: runmodes: enabling 'eve-log' module 'mqtt'
[1 - Suricata-Main] 2025-05-19 20:24:57 Config: runmodes: enabling 'eve-log' module 'http2'
[1 - Suricata-Main] 2025-05-19 20:24:57 Config: runmodes: enabling 'eve-log' module 'pgsql'
[1 - Suricata-Main] 2025-05-19 20:24:57 Config: runmodes: enabling 'eve-log' module 'stats'
[1 - Suricata-Main] 2025-05-19 20:24:57 Config: runmodes: enabling 'eve-log' module 'flow'
[1 - Suricata-Main] 2025-05-19 20:24:57 Info: logopenfile: stats output device (regular) initialized: stats.log
[1 - Suricata-Main] 2025-05-19 20:24:57 Config: landlock: Landlock is not enabled in configuration
[1 - Suricata-Main] 2025-05-19 20:24:57 Config: suricata: Delayed detect disabled
[1 - Suricata-Main] 2025-05-19 20:24:57 Config: detect: pattern matchers: MPM: ac, SPM: bm
[1 - Suricata-Main] 2025-05-19 20:24:57 Config: detect: grouping: tcp-whitelist (default) 53, 80, 139, 443, 445, 1433, 3306, 3389, 6666, 6667, 8080
[1 - Suricata-Main] 2025-05-19 20:24:57 Config: detect: grouping: udp-whitelist (default) 53, 135, 5060
[1 - Suricata-Main] 2025-05-19 20:24:57 Config: detect: prefilter engines: MPM
[1 - Suricata-Main] 2025-05-19 20:24:57 Config: reputation: IP reputation disabled
[1 - Suricata-Main] 2025-05-19 20:24:57 Config: detect: Loading rule file: /var/lib/suricata/rules/suricata.rules
[1 - Suricata-Main] 2025-05-19 20:24:58 Info: detect-fast-pattern: fast_pattern is ineffective with base64_data
[1 - Suricata-Main] 2025-05-19 20:24:58 Info: detect-fast-pattern: fast_pattern is ineffective with base64_data
[1 - Suricata-Main] 2025-05-19 20:24:58 Info: detect: 1 rule files processed. 42614 rules successfully loaded, 0 rules failed, 0
[1 - Suricata-Main] 2025-05-19 20:24:58 Info: threshold-config: Threshold config parsed: 0 rule(s) found
[1 - Suricata-Main] 2025-05-19 20:24:58 Info: detect: 42617 signatures processed. 1270 are IP-only rules, 4333 are inspecting packet payload, 36797 inspect application layer, 109 are decoder event only
[1 - Suricata-Main] 2025-05-19 20:24:58 Config: detect: building signature grouping structure, stage 1: preprocessing rules... complete
[1 - Suricata-Main] 2025-05-19 20:24:58 Perf: detect: TCP toserver: 41 port groups, 40 unique SGH's, 1 copies
[1 - Suricata-Main] 2025-05-19 20:24:58 Perf: detect: TCP toclient: 21 port groups, 21 unique SGH's, 0 copies
[1 - Suricata-Main] 2025-05-19 20:24:58 Perf: detect: UDP toserver: 41 port groups, 40 unique SGH's, 1 copies
[1 - Suricata-Main] 2025-05-19 20:24:58 Perf: detect: UDP toclient: 21 port groups, 17 unique SGH's, 4 copies
[1 - Suricata-Main] 2025-05-19 20:24:58 Perf: detect: OTHER toserver: 254 proto groups, 4 unique SGH's, 250 copies
[1 - Suricata-Main] 2025-05-19 20:24:58 Perf: detect: OTHER toclient: 254 proto groups, 0 unique SGH's, 254 copies
[1 - Suricata-Main] 2025-05-19 20:24:59 Perf: detect: Unique rule groups: 122
[1 - Suricata-Main] 2025-05-19 20:24:59 Perf: detect: Builtin MPM "toserver TCP packet": 31
[1 - Suricata-Main] 2025-05-19 20:24:59 Perf: detect: Builtin MPM "toclient TCP packet": 20
[1 - Suricata-Main] 2025-05-19 20:24:59 Perf: detect: Builtin MPM "toserver TCP stream": 34
[1 - Suricata-Main] 2025-05-19 20:24:59 Perf: detect: Builtin MPM "toclient TCP stream": 19
[1 - Suricata-Main] 2025-05-19 20:24:59 Perf: detect: Builtin MPM "toserver UDP packet": 40
[1 - Suricata-Main] 2025-05-19 20:24:59 Perf: detect: Builtin MPM "toclient UDP packet": 17
[1 - Suricata-Main] 2025-05-19 20:24:59 Perf: detect: Builtin MPM "other IP packet": 3
[1 - Suricata-Main] 2025-05-19 20:24:59 Perf: detect: AppLayer MPM "toserver http_uri (http)": 16
[1 - Suricata-Main] 2025-05-19 20:24:59 Perf: detect: AppLayer MPM "toserver http_uri (http2)": 16
[1 - Suricata-Main] 2025-05-19 20:24:59 Perf: detect: AppLayer MPM "toserver http_raw_uri (http)": 2
[1 - Suricata-Main] 2025-05-19 20:24:59 Perf: detect: AppLayer MPM "toserver http_raw_uri (http)": 2
[1 - Suricata-Main] 2025-05-19 20:24:59 Perf: detect: AppLayer MPM "toserver http_raw_uri (http2)": 2
[1 - Suricata-Main] 2025-05-19 20:24:59 Perf: detect: AppLayer MPM "toserver http_raw_uri (http2)": 2
[1 - Suricata-Main] 2025-05-19 20:24:59 Perf: detect: AppLayer MPM "toserver http_request_line (http)": 8
[1 - Suricata-Main] 2025-05-19 20:24:59 Perf: detect: AppLayer MPM "toserver http_request_line (http2)": 8
[1 - Suricata-Main] 2025-05-19 20:24:59 Perf: detect: AppLayer MPM "toserver http_client_body (http)": 14
[1 - Suricata-Main] 2025-05-19 20:24:59 Perf: detect: AppLayer MPM "toserver http_client_body (http)": 2
[1 - Suricata-Main] 2025-05-19 20:24:59 Perf: detect: AppLayer MPM "toserver http_client_body (http2)": 14
[1 - Suricata-Main] 2025-05-19 20:24:59 Perf: detect: AppLayer MPM "toserver http_client_body (http2)": 2
[1 - Suricata-Main] 2025-05-19 20:24:59 Perf: detect: AppLayer MPM "toclient http_response_line (http)": 2
[1 - Suricata-Main] 2025-05-19 20:24:59 Perf: detect: AppLayer MPM "toclient http_response_line (http2)": 2
[1 - Suricata-Main] 2025-05-19 20:24:59 Perf: detect: AppLayer MPM "toserver http_header (http)": 10
[1 - Suricata-Main] 2025-05-19 20:24:59 Perf: detect: AppLayer MPM "toserver http_header (http)": 1
[1 - Suricata-Main] 2025-05-19 20:24:59 Perf: detect: AppLayer MPM "toserver http_header (http)": 4
[1 - Suricata-Main] 2025-05-19 20:24:59 Perf: detect: AppLayer MPM "toserver http_header (http)": 4
[1 - Suricata-Main] 2025-05-19 20:24:59 Perf: detect: AppLayer MPM "toserver http_header (http)": 10
[1 - Suricata-Main] 2025-05-19 20:24:59 Perf: detect: AppLayer MPM "toclient http_header (http)": 10
[1 - Suricata-Main] 2025-05-19 20:24:59 Perf: detect: AppLayer MPM "toclient http_header (http)": 1
[1 - Suricata-Main] 2025-05-19 20:24:59 Perf: detect: AppLayer MPM "toclient http_header (http)": 4
[1 - Suricata-Main] 2025-05-19 20:24:59 Perf: detect: AppLayer MPM "toclient http_header (http)": 4
[1 - Suricata-Main] 2025-05-19 20:24:59 Perf: detect: AppLayer MPM "toclient http_header (http)": 10
[1 - Suricata-Main] 2025-05-19 20:24:59 Perf: detect: AppLayer MPM "toserver http_header (http2)": 10
[1 - Suricata-Main] 2025-05-19 20:24:59 Perf: detect: AppLayer MPM "toserver http_header (http2)": 1
[1 - Suricata-Main] 2025-05-19 20:24:59 Perf: detect: AppLayer MPM "toserver http_header (http2)": 4
[1 - Suricata-Main] 2025-05-19 20:24:59 Perf: detect: AppLayer MPM "toserver http_header (http2)": 4
[1 - Suricata-Main] 2025-05-19 20:24:59 Perf: detect: AppLayer MPM "toserver http_header (http2)": 10
[1 - Suricata-Main] 2025-05-19 20:24:59 Perf: detect: AppLayer MPM "toclient http_header (http2)": 10
[1 - Suricata-Main] 2025-05-19 20:24:59 Perf: detect: AppLayer MPM "toclient http_header (http2)": 1
[1 - Suricata-Main] 2025-05-19 20:24:59 Perf: detect: AppLayer MPM "toclient http_header (http2)": 4
[1 - Suricata-Main] 2025-05-19 20:24:59 Perf: detect: AppLayer MPM "toclient http_header (http2)": 4
[1 - Suricata-Main] 2025-05-19 20:24:59 Perf: detect: AppLayer MPM "toclient http_header (http2)": 10
[1 - Suricata-Main] 2025-05-19 20:24:59 Perf: detect: AppLayer MPM "toserver http_request_header (http2)": 2
[1 - Suricata-Main] 2025-05-19 20:24:59 Perf: detect: AppLayer MPM "toserver http_request_header (http2)": 4
[1 - Suricata-Main] 2025-05-19 20:24:59 Perf: detect: AppLayer MPM "toserver http_request_header (http)": 2
[1 - Suricata-Main] 2025-05-19 20:24:59 Perf: detect: AppLayer MPM "toserver http_request_header (http)": 4
[1 - Suricata-Main] 2025-05-19 20:24:59 Perf: detect: AppLayer MPM "toclient http_response_header (http2)": 2
[1 - Suricata-Main] 2025-05-19 20:24:59 Perf: detect: AppLayer MPM "toclient http_response_header (http2)": 2
[1 - Suricata-Main] 2025-05-19 20:24:59 Perf: detect: AppLayer MPM "toclient http_response_header (http2)": 2
[1 - Suricata-Main] 2025-05-19 20:24:59 Perf: detect: AppLayer MPM "toclient http_response_header (http2)": 2
[1 - Suricata-Main] 2025-05-19 20:24:59 Perf: detect: AppLayer MPM "toclient http_response_header (http)": 2
[1 - Suricata-Main] 2025-05-19 20:24:59 Perf: detect: AppLayer MPM "toclient http_response_header (http)": 2
[1 - Suricata-Main] 2025-05-19 20:24:59 Perf: detect: AppLayer MPM "toclient http_response_header (http)": 2
[1 - Suricata-Main] 2025-05-19 20:24:59 Perf: detect: AppLayer MPM "toclient http_response_header (http)": 2
[1 - Suricata-Main] 2025-05-19 20:24:59 Perf: detect: AppLayer MPM "toserver http_header_names (http)": 11
[1 - Suricata-Main] 2025-05-19 20:24:59 Perf: detect: AppLayer MPM "toserver http_header_names (http)": 1
[1 - Suricata-Main] 2025-05-19 20:24:59 Perf: detect: AppLayer MPM "toserver http_header_names (http)": 2
[1 - Suricata-Main] 2025-05-19 20:24:59 Perf: detect: AppLayer MPM "toserver http_header_names (http)": 4
[1 - Suricata-Main] 2025-05-19 20:24:59 Perf: detect: AppLayer MPM "toserver http_header_names (http)": 8
[1 - Suricata-Main] 2025-05-19 20:24:59 Perf: detect: AppLayer MPM "toclient http_header_names (http)": 11
[1 - Suricata-Main] 2025-05-19 20:24:59 Perf: detect: AppLayer MPM "toclient http_header_names (http)": 1
[1 - Suricata-Main] 2025-05-19 20:24:59 Perf: detect: AppLayer MPM "toclient http_header_names (http)": 2
[1 - Suricata-Main] 2025-05-19 20:24:59 Perf: detect: AppLayer MPM "toclient http_header_names (http)": 4
[1 - Suricata-Main] 2025-05-19 20:24:59 Perf: detect: AppLayer MPM "toclient http_header_names (http)": 8
[1 - Suricata-Main] 2025-05-19 20:24:59 Perf: detect: AppLayer MPM "toserver http_header_names (http2)": 11
[1 - Suricata-Main] 2025-05-19 20:24:59 Perf: detect: AppLayer MPM "toserver http_header_names (http2)": 1
[1 - Suricata-Main] 2025-05-19 20:24:59 Perf: detect: AppLayer MPM "toserver http_header_names (http2)": 2
[1 - Suricata-Main] 2025-05-19 20:24:59 Perf: detect: AppLayer MPM "toserver http_header_names (http2)": 4
[1 - Suricata-Main] 2025-05-19 20:24:59 Perf: detect: AppLayer MPM "toserver http_header_names (http2)": 8
[1 - Suricata-Main] 2025-05-19 20:24:59 Perf: detect: AppLayer MPM "toclient http_header_names (http2)": 11
[1 - Suricata-Main] 2025-05-19 20:24:59 Perf: detect: AppLayer MPM "toclient http_header_names (http2)": 1
[1 - Suricata-Main] 2025-05-19 20:24:59 Perf: detect: AppLayer MPM "toclient http_header_names (http2)": 2
[1 - Suricata-Main] 2025-05-19 20:24:59 Perf: detect: AppLayer MPM "toclient http_header_names (http2)": 4
[1 - Suricata-Main] 2025-05-19 20:24:59 Perf: detect: AppLayer MPM "toclient http_header_names (http2)": 8
[1 - Suricata-Main] 2025-05-19 20:24:59 Perf: detect: AppLayer MPM "toserver http_accept (http)": 8
[1 - Suricata-Main] 2025-05-19 20:24:59 Perf: detect: AppLayer MPM "toserver http_accept (http2)": 8
[1 - Suricata-Main] 2025-05-19 20:24:59 Perf: detect: AppLayer MPM "toserver http_accept_enc (http)": 2
[1 - Suricata-Main] 2025-05-19 20:24:59 Perf: detect: AppLayer MPM "toserver http_accept_enc (http2)": 2
[1 - Suricata-Main] 2025-05-19 20:24:59 Perf: detect: AppLayer MPM "toserver http_accept_lang (http)": 2
[1 - Suricata-Main] 2025-05-19 20:24:59 Perf: detect: AppLayer MPM "toserver http_accept_lang (http2)": 2
[1 - Suricata-Main] 2025-05-19 20:24:59 Perf: detect: AppLayer MPM "toserver http_referer (http)": 2
[1 - Suricata-Main] 2025-05-19 20:24:59 Perf: detect: AppLayer MPM "toserver http_referer (http2)": 2
[1 - Suricata-Main] 2025-05-19 20:24:59 Perf: detect: AppLayer MPM "toserver http_connection (http)": 2
[1 - Suricata-Main] 2025-05-19 20:24:59 Perf: detect: AppLayer MPM "toserver http_connection (http2)": 2
[1 - Suricata-Main] 2025-05-19 20:24:59 Perf: detect: AppLayer MPM "toclient http_connection (http)": 2
[1 - Suricata-Main] 2025-05-19 20:24:59 Perf: detect: AppLayer MPM "toclient http_connection (http2)": 2
[1 - Suricata-Main] 2025-05-19 20:24:59 Perf: detect: AppLayer MPM "toserver http_content_len (http)": 4
[1 - Suricata-Main] 2025-05-19 20:24:59 Perf: detect: AppLayer MPM "toserver http_content_len (http2)": 4
[1 - Suricata-Main] 2025-05-19 20:24:59 Perf: detect: AppLayer MPM "toclient http_content_len (http)": 4
[1 - Suricata-Main] 2025-05-19 20:24:59 Perf: detect: AppLayer MPM "toclient http_content_len (http2)": 4
[1 - Suricata-Main] 2025-05-19 20:24:59 Perf: detect: AppLayer MPM "toserver http_content_type (http)": 4
[1 - Suricata-Main] 2025-05-19 20:24:59 Perf: detect: AppLayer MPM "toserver http_content_type (http2)": 4
[1 - Suricata-Main] 2025-05-19 20:24:59 Perf: detect: AppLayer MPM "toclient http_content_type (http)": 4
[1 - Suricata-Main] 2025-05-19 20:24:59 Perf: detect: AppLayer MPM "toclient http_content_type (http2)": 4
[1 - Suricata-Main] 2025-05-19 20:24:59 Perf: detect: AppLayer MPM "toclient http.server (http)": 4
[1 - Suricata-Main] 2025-05-19 20:24:59 Perf: detect: AppLayer MPM "toclient http.server (http2)": 4
[1 - Suricata-Main] 2025-05-19 20:24:59 Perf: detect: AppLayer MPM "toclient http.location (http)": 2
[1 - Suricata-Main] 2025-05-19 20:24:59 Perf: detect: AppLayer MPM "toclient http.location (http2)": 2
[1 - Suricata-Main] 2025-05-19 20:24:59 Perf: detect: AppLayer MPM "toserver http_start (http)": 6
[1 - Suricata-Main] 2025-05-19 20:24:59 Perf: detect: AppLayer MPM "toclient http_start (http)": 6
[1 - Suricata-Main] 2025-05-19 20:24:59 Perf: detect: AppLayer MPM "toserver http_raw_header (http)": 4
[1 - Suricata-Main] 2025-05-19 20:24:59 Perf: detect: AppLayer MPM "toserver http_raw_header (http)": 2
[1 - Suricata-Main] 2025-05-19 20:24:59 Perf: detect: AppLayer MPM "toserver http_raw_header (http)": 4
[1 - Suricata-Main] 2025-05-19 20:24:59 Perf: detect: AppLayer MPM "toclient http_raw_header (http)": 4
[1 - Suricata-Main] 2025-05-19 20:24:59 Perf: detect: AppLayer MPM "toclient http_raw_header (http)": 2
[1 - Suricata-Main] 2025-05-19 20:24:59 Perf: detect: AppLayer MPM "toclient http_raw_header (http)": 4
[1 - Suricata-Main] 2025-05-19 20:24:59 Perf: detect: AppLayer MPM "toserver http_raw_header (http2)": 4
[1 - Suricata-Main] 2025-05-19 20:24:59 Perf: detect: AppLayer MPM "toserver http_raw_header (http2)": 2
[1 - Suricata-Main] 2025-05-19 20:24:59 Perf: detect: AppLayer MPM "toserver http_raw_header (http2)": 4
[1 - Suricata-Main] 2025-05-19 20:24:59 Perf: detect: AppLayer MPM "toclient http_raw_header (http2)": 4
[1 - Suricata-Main] 2025-05-19 20:24:59 Perf: detect: AppLayer MPM "toclient http_raw_header (http2)": 2
[1 - Suricata-Main] 2025-05-19 20:24:59 Perf: detect: AppLayer MPM "toclient http_raw_header (http2)": 4
[1 - Suricata-Main] 2025-05-19 20:24:59 Perf: detect: AppLayer MPM "toserver http_method (http)": 4
[1 - Suricata-Main] 2025-05-19 20:24:59 Perf: detect: AppLayer MPM "toserver http_method (http2)": 4
[1 - Suricata-Main] 2025-05-19 20:24:59 Perf: detect: AppLayer MPM "toserver http_cookie (http)": 8
[1 - Suricata-Main] 2025-05-19 20:24:59 Perf: detect: AppLayer MPM "toclient http_cookie (http)": 8
[1 - Suricata-Main] 2025-05-19 20:24:59 Perf: detect: AppLayer MPM "toserver http_cookie (http2)": 8
[1 - Suricata-Main] 2025-05-19 20:24:59 Perf: detect: AppLayer MPM "toclient http_cookie (http2)": 8
[1 - Suricata-Main] 2025-05-19 20:24:59 Perf: detect: AppLayer MPM "toserver http_user_agent (http)": 15
[1 - Suricata-Main] 2025-05-19 20:24:59 Perf: detect: AppLayer MPM "toserver http_user_agent (http2)": 15
[1 - Suricata-Main] 2025-05-19 20:24:59 Perf: detect: AppLayer MPM "toserver http_host (http)": 2
[1 - Suricata-Main] 2025-05-19 20:24:59 Perf: detect: AppLayer MPM "toserver http_host (http)": 4
[1 - Suricata-Main] 2025-05-19 20:24:59 Perf: detect: AppLayer MPM "toserver http_host (http2)": 2
[1 - Suricata-Main] 2025-05-19 20:24:59 Perf: detect: AppLayer MPM "toserver http_host (http2)": 4
[1 - Suricata-Main] 2025-05-19 20:24:59 Perf: detect: AppLayer MPM "toserver http_raw_host (http)": 2
[1 - Suricata-Main] 2025-05-19 20:24:59 Perf: detect: AppLayer MPM "toserver http_raw_host (http2)": 2
[1 - Suricata-Main] 2025-05-19 20:24:59 Perf: detect: AppLayer MPM "toclient http_stat_code (http)": 4
[1 - Suricata-Main] 2025-05-19 20:24:59 Perf: detect: AppLayer MPM "toclient http_stat_code (http2)": 4
[1 - Suricata-Main] 2025-05-19 20:24:59 Perf: detect: AppLayer MPM "toserver dns_query (dns)": 2
[1 - Suricata-Main] 2025-05-19 20:24:59 Perf: detect: AppLayer MPM "toserver dns_query (dns)": 1
[1 - Suricata-Main] 2025-05-19 20:24:59 Perf: detect: AppLayer MPM "toserver tls.sni (tls)": 3
[1 - Suricata-Main] 2025-05-19 20:24:59 Perf: detect: AppLayer MPM "toserver tls.sni (tls)": 1
[1 - Suricata-Main] 2025-05-19 20:24:59 Perf: detect: AppLayer MPM "toserver tls.cert_issuer (tls)": 6
[1 - Suricata-Main] 2025-05-19 20:24:59 Perf: detect: AppLayer MPM "toclient tls.cert_issuer (tls)": 6
[1 - Suricata-Main] 2025-05-19 20:24:59 Perf: detect: AppLayer MPM "toserver tls.cert_subject (tls)": 4
[1 - Suricata-Main] 2025-05-19 20:24:59 Perf: detect: AppLayer MPM "toclient tls.cert_subject (tls)": 4
[1 - Suricata-Main] 2025-05-19 20:24:59 Perf: detect: AppLayer MPM "toclient tls.cert_serial (tls)": 2
[1 - Suricata-Main] 2025-05-19 20:24:59 Perf: detect: AppLayer MPM "toserver tls.cert_serial (tls)": 2
[1 - Suricata-Main] 2025-05-19 20:24:59 Perf: detect: AppLayer MPM "toclient tls.cert_fingerprint (tls)": 1
[1 - Suricata-Main] 2025-05-19 20:24:59 Perf: detect: AppLayer MPM "toserver tls.cert_fingerprint (tls)": 1
[1 - Suricata-Main] 2025-05-19 20:24:59 Perf: detect: AppLayer MPM "toclient tls.certs (tls)": 2
[1 - Suricata-Main] 2025-05-19 20:24:59 Perf: detect: AppLayer MPM "toserver tls.certs (tls)": 2
[1 - Suricata-Main] 2025-05-19 20:24:59 Perf: detect: AppLayer MPM "toserver ja3.hash (tls)": 2
[1 - Suricata-Main] 2025-05-19 20:24:59 Perf: detect: AppLayer MPM "toserver ja3.hash (quic)": 2
[1 - Suricata-Main] 2025-05-19 20:24:59 Perf: detect: AppLayer MPM "toclient ja3s.hash (tls)": 1
[1 - Suricata-Main] 2025-05-19 20:24:59 Perf: detect: AppLayer MPM "toclient ja3s.hash (quic)": 1
[1 - Suricata-Main] 2025-05-19 20:24:59 Perf: detect: AppLayer MPM "toserver ssh.proto (ssh)": 1
[1 - Suricata-Main] 2025-05-19 20:24:59 Perf: detect: AppLayer MPM "toclient ssh.proto (ssh)": 1
[1 - Suricata-Main] 2025-05-19 20:24:59 Perf: detect: AppLayer MPM "toclient file_data (nfs)": 17
[1 - Suricata-Main] 2025-05-19 20:24:59 Perf: detect: AppLayer MPM "toclient file_data (nfs)": 2
[1 - Suricata-Main] 2025-05-19 20:24:59 Perf: detect: AppLayer MPM "toserver file_data (nfs)": 17
[1 - Suricata-Main] 2025-05-19 20:24:59 Perf: detect: AppLayer MPM "toserver file_data (nfs)": 2
[1 - Suricata-Main] 2025-05-19 20:24:59 Perf: detect: AppLayer MPM "toclient file_data (smb)": 17
[1 - Suricata-Main] 2025-05-19 20:24:59 Perf: detect: AppLayer MPM "toclient file_data (smb)": 2
[1 - Suricata-Main] 2025-05-19 20:24:59 Perf: detect: AppLayer MPM "toserver file_data (smb)": 17
[1 - Suricata-Main] 2025-05-19 20:24:59 Perf: detect: AppLayer MPM "toserver file_data (smb)": 2
[1 - Suricata-Main] 2025-05-19 20:24:59 Perf: detect: AppLayer MPM "toclient file_data (ftp)": 17
[1 - Suricata-Main] 2025-05-19 20:24:59 Perf: detect: AppLayer MPM "toclient file_data (ftp)": 2
[1 - Suricata-Main] 2025-05-19 20:24:59 Perf: detect: AppLayer MPM "toserver file_data (ftp)": 17
[1 - Suricata-Main] 2025-05-19 20:24:59 Perf: detect: AppLayer MPM "toserver file_data (ftp)": 2
[1 - Suricata-Main] 2025-05-19 20:24:59 Perf: detect: AppLayer MPM "toclient file_data (ftp-data)": 17
[1 - Suricata-Main] 2025-05-19 20:24:59 Perf: detect: AppLayer MPM "toclient file_data (ftp-data)": 2
[1 - Suricata-Main] 2025-05-19 20:24:59 Perf: detect: AppLayer MPM "toserver file_data (ftp-data)": 17
[1 - Suricata-Main] 2025-05-19 20:24:59 Perf: detect: AppLayer MPM "toserver file_data (ftp-data)": 2
[1 - Suricata-Main] 2025-05-19 20:24:59 Perf: detect: AppLayer MPM "toclient file_data (http)": 17
[1 - Suricata-Main] 2025-05-19 20:24:59 Perf: detect: AppLayer MPM "toclient file_data (http)": 2
[1 - Suricata-Main] 2025-05-19 20:24:59 Perf: detect: AppLayer MPM "toserver file_data (http)": 17
[1 - Suricata-Main] 2025-05-19 20:24:59 Perf: detect: AppLayer MPM "toserver file_data (http)": 2
[1 - Suricata-Main] 2025-05-19 20:24:59 Perf: detect: AppLayer MPM "toclient file_data (http2)": 17
[1 - Suricata-Main] 2025-05-19 20:24:59 Perf: detect: AppLayer MPM "toclient file_data (http2)": 2
[1 - Suricata-Main] 2025-05-19 20:24:59 Perf: detect: AppLayer MPM "toserver file_data (http2)": 17
[1 - Suricata-Main] 2025-05-19 20:24:59 Perf: detect: AppLayer MPM "toserver file_data (http2)": 2
[1 - Suricata-Main] 2025-05-19 20:24:59 Perf: detect: AppLayer MPM "toserver file_data (smtp)": 17
[1 - Suricata-Main] 2025-05-19 20:24:59 Perf: detect: AppLayer MPM "toserver file_data (smtp)": 2
[1 - Suricata-Main] 2025-05-19 20:24:59 Perf: detect: Pkt MPM "icmpv6.hdr": 1
[1 - Suricata-Main] 2025-05-19 20:24:59 Perf: detect: Pkt MPM "ipv6.hdr": 1
[1 - Suricata-Main] 2025-05-19 20:25:01 Config: af-packet: enp0s3: using flow cluster mode for AF_PACKET
[1 - Suricata-Main] 2025-05-19 20:25:01 Perf: af-packet: enp0s3: cluster_flow: 5 cores, using 5 threads
[1 - Suricata-Main] 2025-05-19 20:25:01 Perf: ioctl: enp0s3: disabling gro offloading
[1 - Suricata-Main] 2025-05-19 20:25:01 Perf: ioctl: enp0s3: disabling tso offloading
[1 - Suricata-Main] 2025-05-19 20:25:01 Perf: ioctl: enp0s3: disabling gso offloading
[1 - Suricata-Main] 2025-05-19 20:25:01 Perf: ioctl: enp0s3: disabling sg offloading
[1 - Suricata-Main] 2025-05-19 20:25:01 Warning: af-packet: enp0s3: AF_PACKET tpacket-v3 is recommended for non-inline operation
[1 - Suricata-Main] 2025-05-19 20:25:01 Info: runmodes: enp0s3: creating 5 threads
[1 - Suricata-Main] 2025-05-19 20:25:01 Config: flow-manager: using 1 flow manager threads
[1 - Suricata-Main] 2025-05-19 20:25:01 Config: flow-manager: using 1 flow recycler threads
[1 - Suricata-Main] 2025-05-19 20:25:01 Info: unix-manager: unix socket '/var/run/suricata/suricata-command.socket'
[12 - W#01-enp0s3] 2025-05-19 20:25:01 Config: af-packet: enp0s3: defrag enabled, setting snaplen to 9216
[12 - W#01-enp0s3] 2025-05-19 20:25:01 Perf: af-packet: enp0s3: rx ring: block_size=131072 block_nr=30 frame_size=9296 frame_nr=420
[13 - W#02-enp0s3] 2025-05-19 20:25:01 Config: af-packet: enp0s3: defrag enabled, setting snaplen to 9216
[13 - W#02-enp0s3] 2025-05-19 20:25:01 Perf: af-packet: enp0s3: rx ring: block_size=131072 block_nr=30 frame_size=9296 frame_nr=420
[14 - W#03-enp0s3] 2025-05-19 20:25:01 Config: af-packet: enp0s3: defrag enabled, setting snaplen to 9216
[14 - W#03-enp0s3] 2025-05-19 20:25:01 Perf: af-packet: enp0s3: rx ring: block_size=131072 block_nr=30 frame_size=9296 frame_nr=420
[15 - W#04-enp0s3] 2025-05-19 20:25:01 Config: af-packet: enp0s3: defrag enabled, setting snaplen to 9216
[15 - W#04-enp0s3] 2025-05-19 20:25:01 Perf: af-packet: enp0s3: rx ring: block_size=131072 block_nr=30 frame_size=9296 frame_nr=420
[16 - W#05-enp0s3] 2025-05-19 20:25:01 Config: af-packet: enp0s3: defrag enabled, setting snaplen to 9216
[16 - W#05-enp0s3] 2025-05-19 20:25:01 Perf: af-packet: enp0s3: rx ring: block_size=131072 block_nr=30 frame_size=9296 frame_nr=420
[1 - Suricata-Main] 2025-05-19 20:25:02 Notice: threads: Threads created -> W: 5 FM: 1 FR: 1   Engine started.
[1 - Suricata-Main] 2025-05-19 20:27:24 Notice: suricata: Signal Received.  Stopping engine.
[1 - Suricata-Main] 2025-05-19 20:27:24 Info: suricata: time elapsed 143.132s
[18 - FR#01] 2025-05-19 20:27:25 Perf: flow-manager: 319 flows processed
[12 - W#01-enp0s3] 2025-05-19 20:27:25 Perf: af-packet: enp0s3: (W#01-enp0s3) kernel: Packets 2931, dropped 0
[13 - W#02-enp0s3] 2025-05-19 20:27:25 Perf: af-packet: enp0s3: (W#02-enp0s3) kernel: Packets 753, dropped 0
[14 - W#03-enp0s3] 2025-05-19 20:27:25 Perf: af-packet: enp0s3: (W#03-enp0s3) kernel: Packets 661, dropped 0
[15 - W#04-enp0s3] 2025-05-19 20:27:25 Perf: af-packet: enp0s3: (W#04-enp0s3) kernel: Packets 1931, dropped 0
[16 - W#05-enp0s3] 2025-05-19 20:27:25 Perf: af-packet: enp0s3: (W#05-enp0s3) kernel: Packets 834, dropped 0
[1 - Suricata-Main] 2025-05-19 20:27:25 Info: counters: Alerts: 1
[1 - Suricata-Main] 2025-05-19 20:27:25 Perf: ippair: ippair memory usage: 414144 bytes, maximum: 16777216
[1 - Suricata-Main] 2025-05-19 20:27:25 Perf: host: host memory usage: 398144 bytes, maximum: 33554432
[1 - Suricata-Main] 2025-05-19 20:27:26 Notice: device: enp0s3: packets: 7110, drops: 0 (0.00%), invalid chksum: 0
[1 - Suricata-Main] 2025-05-19 20:27:26 Perf: ioctl: enp0s3: restoring gro offloading
[1 - Suricata-Main] 2025-05-19 20:27:26 Perf: ioctl: enp0s3: restoring tso offloading
[1 - Suricata-Main] 2025-05-19 20:27:26 Perf: ioctl: enp0s3: restoring gso offloading
[1 - Suricata-Main] 2025-05-19 20:27:26 Perf: ioctl: enp0s3: restoring sg offloading
[1 - Suricata-Main] 2025-05-19 20:30:15 Notice: suricata: This is Suricata version 7.0.10 RELEASE running in SYSTEM mode
[1 - Suricata-Main] 2025-05-19 20:30:15 Info: cpu: CPUs/cores online: 5
[1 - Suricata-Main] 2025-05-19 20:30:15 Info: suricata: Setting engine mode to IDS mode by default
[1 - Suricata-Main] 2025-05-19 20:30:15 Info: exception-policy: master exception-policy set to: auto
[1 - Suricata-Main] 2025-05-19 20:30:15 Config: exception-policy: app-layer.error-policy: ignore (defined via 'exception-policy' master switch)
[1 - Suricata-Main] 2025-05-19 20:30:15 Config: app-layer-htp: 'default' server has 'request-body-minimal-inspect-size' set to 32250 and 'request-body-inspect-window' set to 4158 after randomization.
[1 - Suricata-Main] 2025-05-19 20:30:15 Config: app-layer-htp: 'default' server has 'response-body-minimal-inspect-size' set to 39620 and 'response-body-inspect-window' set to 16831 after randomization.
[1 - Suricata-Main] 2025-05-19 20:30:15 Config: smb: read: max record size: 16777216, max queued chunks 64, max queued size 67108864
[1 - Suricata-Main] 2025-05-19 20:30:15 Config: smb: write: max record size: 16777216, max queued chunks 64, max queued size 67108864
[1 - Suricata-Main] 2025-05-19 20:30:15 Config: app-layer-enip: Protocol detection and parser disabled for enip protocol.
[1 - Suricata-Main] 2025-05-19 20:30:15 Config: app-layer-dnp3: Protocol detection and parser disabled for DNP3.
[1 - Suricata-Main] 2025-05-19 20:30:15 Config: host: allocated 262144 bytes of memory for the host hash... 4096 buckets of size 64
[1 - Suricata-Main] 2025-05-19 20:30:15 Config: host: preallocated 1000 hosts of size 136
[1 - Suricata-Main] 2025-05-19 20:30:15 Config: host: host memory usage: 398144 bytes, maximum: 33554432
[1 - Suricata-Main] 2025-05-19 20:30:15 Config: coredump-config: Core dump size is unlimited.
[1 - Suricata-Main] 2025-05-19 20:30:15 Config: exception-policy: defrag.memcap-policy: ignore (defined via 'exception-policy' master switch)
[1 - Suricata-Main] 2025-05-19 20:30:15 Config: defrag-hash: allocated 3670016 bytes of memory for the defrag hash... 65536 buckets of size 56
[1 - Suricata-Main] 2025-05-19 20:30:15 Config: defrag-hash: preallocated 65535 defrag trackers of size 160
[1 - Suricata-Main] 2025-05-19 20:30:15 Config: defrag-hash: defrag memory usage: 14155616 bytes, maximum: 33554432
[1 - Suricata-Main] 2025-05-19 20:30:15 Config: exception-policy: flow.memcap-policy: ignore (defined via 'exception-policy' master switch)
[1 - Suricata-Main] 2025-05-19 20:30:15 Config: flow: flow size 304, memcap allows for 441505 flows. Per hash row in perfect conditions 6
[1 - Suricata-Main] 2025-05-19 20:30:15 Config: stream-tcp: stream "prealloc-sessions": 2048 (per thread)
[1 - Suricata-Main] 2025-05-19 20:30:15 Config: stream-tcp: stream "memcap": 67108864
[1 - Suricata-Main] 2025-05-19 20:30:15 Config: stream-tcp: stream "midstream" session pickups: disabled
[1 - Suricata-Main] 2025-05-19 20:30:15 Config: stream-tcp: stream "async-oneside": disabled
[1 - Suricata-Main] 2025-05-19 20:30:15 Config: stream-tcp: stream "checksum-validation": enabled
[1 - Suricata-Main] 2025-05-19 20:30:15 Config: exception-policy: stream.memcap-policy: ignore (defined via 'exception-policy' master switch)
[1 - Suricata-Main] 2025-05-19 20:30:15 Config: exception-policy: stream.reassembly.memcap-policy: ignore (defined via 'exception-policy' master switch)
[1 - Suricata-Main] 2025-05-19 20:30:15 Config: exception-policy: stream.midstream-policy: ignore (defined via 'exception-policy' master switch)
[1 - Suricata-Main] 2025-05-19 20:30:15 Config: stream-tcp: stream."inline": disabled
[1 - Suricata-Main] 2025-05-19 20:30:15 Config: stream-tcp: stream "bypass": disabled
[1 - Suricata-Main] 2025-05-19 20:30:15 Config: stream-tcp: stream.reassembly.urgent.policy": inline
[1 - Suricata-Main] 2025-05-19 20:30:15 Config: stream-tcp: stream "max-syn-queued": 10
[1 - Suricata-Main] 2025-05-19 20:30:15 Config: stream-tcp: stream "max-synack-queued": 5
[1 - Suricata-Main] 2025-05-19 20:30:15 Config: stream-tcp: stream.reassembly "memcap": 268435456
[1 - Suricata-Main] 2025-05-19 20:30:15 Config: stream-tcp: stream.reassembly "depth": 1048576
[1 - Suricata-Main] 2025-05-19 20:30:15 Config: stream-tcp: stream.reassembly "toserver-chunk-size": 2665
[1 - Suricata-Main] 2025-05-19 20:30:15 Config: stream-tcp: stream.reassembly "toclient-chunk-size": 2629
[1 - Suricata-Main] 2025-05-19 20:30:15 Config: stream-tcp: stream.reassembly.raw: enabled
[1 - Suricata-Main] 2025-05-19 20:30:15 Config: stream-tcp: stream.liberal-timestamps: disabled
[1 - Suricata-Main] 2025-05-19 20:30:15 Config: stream-tcp-reassemble: stream.reassembly "segment-prealloc": 2048
[1 - Suricata-Main] 2025-05-19 20:30:15 Config: stream-tcp-reassemble: stream.reassembly "max-regions": 8
[1 - Suricata-Main] 2025-05-19 20:30:15 Info: conf: Running in live mode, activating unix socket
[1 - Suricata-Main] 2025-05-19 20:30:15 Info: logopenfile: fast output device (regular) initialized: fast.log
[1 - Suricata-Main] 2025-05-19 20:30:15 Info: logopenfile: eve-log output device (regular) initialized: eve.json
[1 - Suricata-Main] 2025-05-19 20:30:15 Config: runmodes: enabling 'eve-log' module 'alert'
[1 - Suricata-Main] 2025-05-19 20:30:15 Config: runmodes: enabling 'eve-log' module 'frame'
[1 - Suricata-Main] 2025-05-19 20:30:15 Config: runmodes: enabling 'eve-log' module 'anomaly'
[1 - Suricata-Main] 2025-05-19 20:30:15 Config: runmodes: enabling 'eve-log' module 'http'
[1 - Suricata-Main] 2025-05-19 20:30:15 Config: runmodes: enabling 'eve-log' module 'dns'
[1 - Suricata-Main] 2025-05-19 20:30:15 Config: runmodes: enabling 'eve-log' module 'tls'
[1 - Suricata-Main] 2025-05-19 20:30:15 Config: runmodes: enabling 'eve-log' module 'files'
[1 - Suricata-Main] 2025-05-19 20:30:15 Config: runmodes: enabling 'eve-log' module 'smtp'
[1 - Suricata-Main] 2025-05-19 20:30:15 Config: runmodes: enabling 'eve-log' module 'ftp'
[1 - Suricata-Main] 2025-05-19 20:30:15 Config: runmodes: enabling 'eve-log' module 'rdp'
[1 - Suricata-Main] 2025-05-19 20:30:15 Config: runmodes: enabling 'eve-log' module 'nfs'
[1 - Suricata-Main] 2025-05-19 20:30:15 Config: runmodes: enabling 'eve-log' module 'smb'
[1 - Suricata-Main] 2025-05-19 20:30:15 Config: runmodes: enabling 'eve-log' module 'tftp'
[1 - Suricata-Main] 2025-05-19 20:30:15 Config: runmodes: enabling 'eve-log' module 'ike'
[1 - Suricata-Main] 2025-05-19 20:30:15 Config: runmodes: enabling 'eve-log' module 'dcerpc'
[1 - Suricata-Main] 2025-05-19 20:30:15 Config: runmodes: enabling 'eve-log' module 'krb5'
[1 - Suricata-Main] 2025-05-19 20:30:15 Config: runmodes: enabling 'eve-log' module 'bittorrent-dht'
[1 - Suricata-Main] 2025-05-19 20:30:15 Config: runmodes: enabling 'eve-log' module 'snmp'
[1 - Suricata-Main] 2025-05-19 20:30:15 Config: runmodes: enabling 'eve-log' module 'rfb'
[1 - Suricata-Main] 2025-05-19 20:30:15 Config: runmodes: enabling 'eve-log' module 'sip'
[1 - Suricata-Main] 2025-05-19 20:30:15 Config: runmodes: enabling 'eve-log' module 'quic'
[1 - Suricata-Main] 2025-05-19 20:30:15 Config: runmodes: enabling 'eve-log' module 'dhcp'
[1 - Suricata-Main] 2025-05-19 20:30:15 Config: runmodes: enabling 'eve-log' module 'ssh'
[1 - Suricata-Main] 2025-05-19 20:30:15 Config: runmodes: enabling 'eve-log' module 'mqtt'
[1 - Suricata-Main] 2025-05-19 20:30:15 Config: runmodes: enabling 'eve-log' module 'http2'
[1 - Suricata-Main] 2025-05-19 20:30:15 Config: runmodes: enabling 'eve-log' module 'pgsql'
[1 - Suricata-Main] 2025-05-19 20:30:15 Config: runmodes: enabling 'eve-log' module 'stats'
[1 - Suricata-Main] 2025-05-19 20:30:15 Config: runmodes: enabling 'eve-log' module 'flow'
[1 - Suricata-Main] 2025-05-19 20:30:15 Info: logopenfile: stats output device (regular) initialized: stats.log
[1 - Suricata-Main] 2025-05-19 20:30:15 Config: landlock: Landlock is not enabled in configuration
[1 - Suricata-Main] 2025-05-19 20:30:15 Config: suricata: Delayed detect disabled
[1 - Suricata-Main] 2025-05-19 20:30:15 Config: detect: pattern matchers: MPM: ac, SPM: bm
[1 - Suricata-Main] 2025-05-19 20:30:15 Config: detect: grouping: tcp-whitelist (default) 53, 80, 139, 443, 445, 1433, 3306, 3389, 6666, 6667, 8080
[1 - Suricata-Main] 2025-05-19 20:30:15 Config: detect: grouping: udp-whitelist (default) 53, 135, 5060
[1 - Suricata-Main] 2025-05-19 20:30:15 Config: detect: prefilter engines: MPM
[1 - Suricata-Main] 2025-05-19 20:30:15 Config: reputation: IP reputation disabled
[1 - Suricata-Main] 2025-05-19 20:30:15 Config: detect: Loading rule file: /var/lib/suricata/rules/suricata.rules
[1 - Suricata-Main] 2025-05-19 20:30:16 Info: detect-fast-pattern: fast_pattern is ineffective with base64_data
[1 - Suricata-Main] 2025-05-19 20:30:16 Info: detect-fast-pattern: fast_pattern is ineffective with base64_data
[1 - Suricata-Main] 2025-05-19 20:30:16 Info: detect: 1 rule files processed. 42614 rules successfully loaded, 0 rules failed, 0
[1 - Suricata-Main] 2025-05-19 20:30:17 Info: threshold-config: Threshold config parsed: 0 rule(s) found
[1 - Suricata-Main] 2025-05-19 20:30:17 Info: detect: 42617 signatures processed. 1270 are IP-only rules, 4333 are inspecting packet payload, 36797 inspect application layer, 109 are decoder event only
[1 - Suricata-Main] 2025-05-19 20:30:17 Config: detect: building signature grouping structure, stage 1: preprocessing rules... complete
[1 - Suricata-Main] 2025-05-19 20:30:17 Perf: detect: TCP toserver: 41 port groups, 40 unique SGH's, 1 copies
[1 - Suricata-Main] 2025-05-19 20:30:17 Perf: detect: TCP toclient: 21 port groups, 21 unique SGH's, 0 copies
[1 - Suricata-Main] 2025-05-19 20:30:17 Perf: detect: UDP toserver: 41 port groups, 40 unique SGH's, 1 copies
[1 - Suricata-Main] 2025-05-19 20:30:17 Perf: detect: UDP toclient: 21 port groups, 17 unique SGH's, 4 copies
[1 - Suricata-Main] 2025-05-19 20:30:17 Perf: detect: OTHER toserver: 254 proto groups, 4 unique SGH's, 250 copies
[1 - Suricata-Main] 2025-05-19 20:30:17 Perf: detect: OTHER toclient: 254 proto groups, 0 unique SGH's, 254 copies
[1 - Suricata-Main] 2025-05-19 20:30:17 Perf: detect: Unique rule groups: 122
[1 - Suricata-Main] 2025-05-19 20:30:17 Perf: detect: Builtin MPM "toserver TCP packet": 31
[1 - Suricata-Main] 2025-05-19 20:30:17 Perf: detect: Builtin MPM "toclient TCP packet": 20
[1 - Suricata-Main] 2025-05-19 20:30:17 Perf: detect: Builtin MPM "toserver TCP stream": 34
[1 - Suricata-Main] 2025-05-19 20:30:17 Perf: detect: Builtin MPM "toclient TCP stream": 19
[1 - Suricata-Main] 2025-05-19 20:30:17 Perf: detect: Builtin MPM "toserver UDP packet": 40
[1 - Suricata-Main] 2025-05-19 20:30:17 Perf: detect: Builtin MPM "toclient UDP packet": 17
[1 - Suricata-Main] 2025-05-19 20:30:17 Perf: detect: Builtin MPM "other IP packet": 3
[1 - Suricata-Main] 2025-05-19 20:30:17 Perf: detect: AppLayer MPM "toserver http_uri (http)": 16
[1 - Suricata-Main] 2025-05-19 20:30:17 Perf: detect: AppLayer MPM "toserver http_uri (http2)": 16
[1 - Suricata-Main] 2025-05-19 20:30:17 Perf: detect: AppLayer MPM "toserver http_raw_uri (http)": 2
[1 - Suricata-Main] 2025-05-19 20:30:17 Perf: detect: AppLayer MPM "toserver http_raw_uri (http)": 2
[1 - Suricata-Main] 2025-05-19 20:30:17 Perf: detect: AppLayer MPM "toserver http_raw_uri (http2)": 2
[1 - Suricata-Main] 2025-05-19 20:30:17 Perf: detect: AppLayer MPM "toserver http_raw_uri (http2)": 2
[1 - Suricata-Main] 2025-05-19 20:30:17 Perf: detect: AppLayer MPM "toserver http_request_line (http)": 8
[1 - Suricata-Main] 2025-05-19 20:30:17 Perf: detect: AppLayer MPM "toserver http_request_line (http2)": 8
[1 - Suricata-Main] 2025-05-19 20:30:17 Perf: detect: AppLayer MPM "toserver http_client_body (http)": 14
[1 - Suricata-Main] 2025-05-19 20:30:17 Perf: detect: AppLayer MPM "toserver http_client_body (http)": 2
[1 - Suricata-Main] 2025-05-19 20:30:17 Perf: detect: AppLayer MPM "toserver http_client_body (http2)": 14
[1 - Suricata-Main] 2025-05-19 20:30:17 Perf: detect: AppLayer MPM "toserver http_client_body (http2)": 2
[1 - Suricata-Main] 2025-05-19 20:30:17 Perf: detect: AppLayer MPM "toclient http_response_line (http)": 2
[1 - Suricata-Main] 2025-05-19 20:30:17 Perf: detect: AppLayer MPM "toclient http_response_line (http2)": 2
[1 - Suricata-Main] 2025-05-19 20:30:17 Perf: detect: AppLayer MPM "toserver http_header (http)": 10
[1 - Suricata-Main] 2025-05-19 20:30:17 Perf: detect: AppLayer MPM "toserver http_header (http)": 1
[1 - Suricata-Main] 2025-05-19 20:30:17 Perf: detect: AppLayer MPM "toserver http_header (http)": 4
[1 - Suricata-Main] 2025-05-19 20:30:17 Perf: detect: AppLayer MPM "toserver http_header (http)": 4
[1 - Suricata-Main] 2025-05-19 20:30:17 Perf: detect: AppLayer MPM "toserver http_header (http)": 10
[1 - Suricata-Main] 2025-05-19 20:30:17 Perf: detect: AppLayer MPM "toclient http_header (http)": 10
[1 - Suricata-Main] 2025-05-19 20:30:17 Perf: detect: AppLayer MPM "toclient http_header (http)": 1
[1 - Suricata-Main] 2025-05-19 20:30:17 Perf: detect: AppLayer MPM "toclient http_header (http)": 4
[1 - Suricata-Main] 2025-05-19 20:30:17 Perf: detect: AppLayer MPM "toclient http_header (http)": 4
[1 - Suricata-Main] 2025-05-19 20:30:17 Perf: detect: AppLayer MPM "toclient http_header (http)": 10
[1 - Suricata-Main] 2025-05-19 20:30:17 Perf: detect: AppLayer MPM "toserver http_header (http2)": 10
[1 - Suricata-Main] 2025-05-19 20:30:17 Perf: detect: AppLayer MPM "toserver http_header (http2)": 1
[1 - Suricata-Main] 2025-05-19 20:30:17 Perf: detect: AppLayer MPM "toserver http_header (http2)": 4
[1 - Suricata-Main] 2025-05-19 20:30:17 Perf: detect: AppLayer MPM "toserver http_header (http2)": 4
[1 - Suricata-Main] 2025-05-19 20:30:17 Perf: detect: AppLayer MPM "toserver http_header (http2)": 10
[1 - Suricata-Main] 2025-05-19 20:30:17 Perf: detect: AppLayer MPM "toclient http_header (http2)": 10
[1 - Suricata-Main] 2025-05-19 20:30:17 Perf: detect: AppLayer MPM "toclient http_header (http2)": 1
[1 - Suricata-Main] 2025-05-19 20:30:17 Perf: detect: AppLayer MPM "toclient http_header (http2)": 4
[1 - Suricata-Main] 2025-05-19 20:30:17 Perf: detect: AppLayer MPM "toclient http_header (http2)": 4
[1 - Suricata-Main] 2025-05-19 20:30:17 Perf: detect: AppLayer MPM "toclient http_header (http2)": 10
[1 - Suricata-Main] 2025-05-19 20:30:17 Perf: detect: AppLayer MPM "toserver http_request_header (http2)": 2
[1 - Suricata-Main] 2025-05-19 20:30:17 Perf: detect: AppLayer MPM "toserver http_request_header (http2)": 4
[1 - Suricata-Main] 2025-05-19 20:30:17 Perf: detect: AppLayer MPM "toserver http_request_header (http)": 2
[1 - Suricata-Main] 2025-05-19 20:30:17 Perf: detect: AppLayer MPM "toserver http_request_header (http)": 4
[1 - Suricata-Main] 2025-05-19 20:30:17 Perf: detect: AppLayer MPM "toclient http_response_header (http2)": 2
[1 - Suricata-Main] 2025-05-19 20:30:17 Perf: detect: AppLayer MPM "toclient http_response_header (http2)": 2
[1 - Suricata-Main] 2025-05-19 20:30:17 Perf: detect: AppLayer MPM "toclient http_response_header (http2)": 2
[1 - Suricata-Main] 2025-05-19 20:30:17 Perf: detect: AppLayer MPM "toclient http_response_header (http2)": 2
[1 - Suricata-Main] 2025-05-19 20:30:17 Perf: detect: AppLayer MPM "toclient http_response_header (http)": 2
[1 - Suricata-Main] 2025-05-19 20:30:17 Perf: detect: AppLayer MPM "toclient http_response_header (http)": 2
[1 - Suricata-Main] 2025-05-19 20:30:17 Perf: detect: AppLayer MPM "toclient http_response_header (http)": 2
[1 - Suricata-Main] 2025-05-19 20:30:17 Perf: detect: AppLayer MPM "toclient http_response_header (http)": 2
[1 - Suricata-Main] 2025-05-19 20:30:17 Perf: detect: AppLayer MPM "toserver http_header_names (http)": 11
[1 - Suricata-Main] 2025-05-19 20:30:17 Perf: detect: AppLayer MPM "toserver http_header_names (http)": 1
[1 - Suricata-Main] 2025-05-19 20:30:17 Perf: detect: AppLayer MPM "toserver http_header_names (http)": 2
[1 - Suricata-Main] 2025-05-19 20:30:17 Perf: detect: AppLayer MPM "toserver http_header_names (http)": 4
[1 - Suricata-Main] 2025-05-19 20:30:17 Perf: detect: AppLayer MPM "toserver http_header_names (http)": 8
[1 - Suricata-Main] 2025-05-19 20:30:17 Perf: detect: AppLayer MPM "toclient http_header_names (http)": 11
[1 - Suricata-Main] 2025-05-19 20:30:17 Perf: detect: AppLayer MPM "toclient http_header_names (http)": 1
[1 - Suricata-Main] 2025-05-19 20:30:17 Perf: detect: AppLayer MPM "toclient http_header_names (http)": 2
[1 - Suricata-Main] 2025-05-19 20:30:17 Perf: detect: AppLayer MPM "toclient http_header_names (http)": 4
[1 - Suricata-Main] 2025-05-19 20:30:17 Perf: detect: AppLayer MPM "toclient http_header_names (http)": 8
[1 - Suricata-Main] 2025-05-19 20:30:17 Perf: detect: AppLayer MPM "toserver http_header_names (http2)": 11
[1 - Suricata-Main] 2025-05-19 20:30:17 Perf: detect: AppLayer MPM "toserver http_header_names (http2)": 1
[1 - Suricata-Main] 2025-05-19 20:30:17 Perf: detect: AppLayer MPM "toserver http_header_names (http2)": 2
[1 - Suricata-Main] 2025-05-19 20:30:17 Perf: detect: AppLayer MPM "toserver http_header_names (http2)": 4
[1 - Suricata-Main] 2025-05-19 20:30:17 Perf: detect: AppLayer MPM "toserver http_header_names (http2)": 8
[1 - Suricata-Main] 2025-05-19 20:30:17 Perf: detect: AppLayer MPM "toclient http_header_names (http2)": 11
[1 - Suricata-Main] 2025-05-19 20:30:17 Perf: detect: AppLayer MPM "toclient http_header_names (http2)": 1
[1 - Suricata-Main] 2025-05-19 20:30:17 Perf: detect: AppLayer MPM "toclient http_header_names (http2)": 2
[1 - Suricata-Main] 2025-05-19 20:30:17 Perf: detect: AppLayer MPM "toclient http_header_names (http2)": 4
[1 - Suricata-Main] 2025-05-19 20:30:17 Perf: detect: AppLayer MPM "toclient http_header_names (http2)": 8
[1 - Suricata-Main] 2025-05-19 20:30:17 Perf: detect: AppLayer MPM "toserver http_accept (http)": 8
[1 - Suricata-Main] 2025-05-19 20:30:17 Perf: detect: AppLayer MPM "toserver http_accept (http2)": 8
[1 - Suricata-Main] 2025-05-19 20:30:17 Perf: detect: AppLayer MPM "toserver http_accept_enc (http)": 2
[1 - Suricata-Main] 2025-05-19 20:30:17 Perf: detect: AppLayer MPM "toserver http_accept_enc (http2)": 2
[1 - Suricata-Main] 2025-05-19 20:30:17 Perf: detect: AppLayer MPM "toserver http_accept_lang (http)": 2
[1 - Suricata-Main] 2025-05-19 20:30:17 Perf: detect: AppLayer MPM "toserver http_accept_lang (http2)": 2
[1 - Suricata-Main] 2025-05-19 20:30:17 Perf: detect: AppLayer MPM "toserver http_referer (http)": 2
[1 - Suricata-Main] 2025-05-19 20:30:17 Perf: detect: AppLayer MPM "toserver http_referer (http2)": 2
[1 - Suricata-Main] 2025-05-19 20:30:17 Perf: detect: AppLayer MPM "toserver http_connection (http)": 2
[1 - Suricata-Main] 2025-05-19 20:30:17 Perf: detect: AppLayer MPM "toserver http_connection (http2)": 2
[1 - Suricata-Main] 2025-05-19 20:30:17 Perf: detect: AppLayer MPM "toclient http_connection (http)": 2
[1 - Suricata-Main] 2025-05-19 20:30:17 Perf: detect: AppLayer MPM "toclient http_connection (http2)": 2
[1 - Suricata-Main] 2025-05-19 20:30:17 Perf: detect: AppLayer MPM "toserver http_content_len (http)": 4
[1 - Suricata-Main] 2025-05-19 20:30:17 Perf: detect: AppLayer MPM "toserver http_content_len (http2)": 4
[1 - Suricata-Main] 2025-05-19 20:30:17 Perf: detect: AppLayer MPM "toclient http_content_len (http)": 4
[1 - Suricata-Main] 2025-05-19 20:30:17 Perf: detect: AppLayer MPM "toclient http_content_len (http2)": 4
[1 - Suricata-Main] 2025-05-19 20:30:17 Perf: detect: AppLayer MPM "toserver http_content_type (http)": 4
[1 - Suricata-Main] 2025-05-19 20:30:17 Perf: detect: AppLayer MPM "toserver http_content_type (http2)": 4
[1 - Suricata-Main] 2025-05-19 20:30:17 Perf: detect: AppLayer MPM "toclient http_content_type (http)": 4
[1 - Suricata-Main] 2025-05-19 20:30:17 Perf: detect: AppLayer MPM "toclient http_content_type (http2)": 4
[1 - Suricata-Main] 2025-05-19 20:30:17 Perf: detect: AppLayer MPM "toclient http.server (http)": 4
[1 - Suricata-Main] 2025-05-19 20:30:17 Perf: detect: AppLayer MPM "toclient http.server (http2)": 4
[1 - Suricata-Main] 2025-05-19 20:30:17 Perf: detect: AppLayer MPM "toclient http.location (http)": 2
[1 - Suricata-Main] 2025-05-19 20:30:17 Perf: detect: AppLayer MPM "toclient http.location (http2)": 2
[1 - Suricata-Main] 2025-05-19 20:30:17 Perf: detect: AppLayer MPM "toserver http_start (http)": 6
[1 - Suricata-Main] 2025-05-19 20:30:17 Perf: detect: AppLayer MPM "toclient http_start (http)": 6
[1 - Suricata-Main] 2025-05-19 20:30:17 Perf: detect: AppLayer MPM "toserver http_raw_header (http)": 4
[1 - Suricata-Main] 2025-05-19 20:30:17 Perf: detect: AppLayer MPM "toserver http_raw_header (http)": 2
[1 - Suricata-Main] 2025-05-19 20:30:17 Perf: detect: AppLayer MPM "toserver http_raw_header (http)": 4
[1 - Suricata-Main] 2025-05-19 20:30:17 Perf: detect: AppLayer MPM "toclient http_raw_header (http)": 4
[1 - Suricata-Main] 2025-05-19 20:30:17 Perf: detect: AppLayer MPM "toclient http_raw_header (http)": 2
[1 - Suricata-Main] 2025-05-19 20:30:17 Perf: detect: AppLayer MPM "toclient http_raw_header (http)": 4
[1 - Suricata-Main] 2025-05-19 20:30:17 Perf: detect: AppLayer MPM "toserver http_raw_header (http2)": 4
[1 - Suricata-Main] 2025-05-19 20:30:17 Perf: detect: AppLayer MPM "toserver http_raw_header (http2)": 2
[1 - Suricata-Main] 2025-05-19 20:30:17 Perf: detect: AppLayer MPM "toserver http_raw_header (http2)": 4
[1 - Suricata-Main] 2025-05-19 20:30:17 Perf: detect: AppLayer MPM "toclient http_raw_header (http2)": 4
[1 - Suricata-Main] 2025-05-19 20:30:17 Perf: detect: AppLayer MPM "toclient http_raw_header (http2)": 2
[1 - Suricata-Main] 2025-05-19 20:30:17 Perf: detect: AppLayer MPM "toclient http_raw_header (http2)": 4
[1 - Suricata-Main] 2025-05-19 20:30:17 Perf: detect: AppLayer MPM "toserver http_method (http)": 4
[1 - Suricata-Main] 2025-05-19 20:30:17 Perf: detect: AppLayer MPM "toserver http_method (http2)": 4
[1 - Suricata-Main] 2025-05-19 20:30:17 Perf: detect: AppLayer MPM "toserver http_cookie (http)": 8
[1 - Suricata-Main] 2025-05-19 20:30:17 Perf: detect: AppLayer MPM "toclient http_cookie (http)": 8
[1 - Suricata-Main] 2025-05-19 20:30:17 Perf: detect: AppLayer MPM "toserver http_cookie (http2)": 8
[1 - Suricata-Main] 2025-05-19 20:30:17 Perf: detect: AppLayer MPM "toclient http_cookie (http2)": 8
[1 - Suricata-Main] 2025-05-19 20:30:17 Perf: detect: AppLayer MPM "toserver http_user_agent (http)": 15
[1 - Suricata-Main] 2025-05-19 20:30:17 Perf: detect: AppLayer MPM "toserver http_user_agent (http2)": 15
[1 - Suricata-Main] 2025-05-19 20:30:17 Perf: detect: AppLayer MPM "toserver http_host (http)": 2
[1 - Suricata-Main] 2025-05-19 20:30:17 Perf: detect: AppLayer MPM "toserver http_host (http)": 4
[1 - Suricata-Main] 2025-05-19 20:30:17 Perf: detect: AppLayer MPM "toserver http_host (http2)": 2
[1 - Suricata-Main] 2025-05-19 20:30:17 Perf: detect: AppLayer MPM "toserver http_host (http2)": 4
[1 - Suricata-Main] 2025-05-19 20:30:17 Perf: detect: AppLayer MPM "toserver http_raw_host (http)": 2
[1 - Suricata-Main] 2025-05-19 20:30:17 Perf: detect: AppLayer MPM "toserver http_raw_host (http2)": 2
[1 - Suricata-Main] 2025-05-19 20:30:17 Perf: detect: AppLayer MPM "toclient http_stat_code (http)": 4
[1 - Suricata-Main] 2025-05-19 20:30:17 Perf: detect: AppLayer MPM "toclient http_stat_code (http2)": 4
[1 - Suricata-Main] 2025-05-19 20:30:17 Perf: detect: AppLayer MPM "toserver dns_query (dns)": 2
[1 - Suricata-Main] 2025-05-19 20:30:17 Perf: detect: AppLayer MPM "toserver dns_query (dns)": 1
[1 - Suricata-Main] 2025-05-19 20:30:17 Perf: detect: AppLayer MPM "toserver tls.sni (tls)": 3
[1 - Suricata-Main] 2025-05-19 20:30:17 Perf: detect: AppLayer MPM "toserver tls.sni (tls)": 1
[1 - Suricata-Main] 2025-05-19 20:30:17 Perf: detect: AppLayer MPM "toserver tls.cert_issuer (tls)": 6
[1 - Suricata-Main] 2025-05-19 20:30:17 Perf: detect: AppLayer MPM "toclient tls.cert_issuer (tls)": 6
[1 - Suricata-Main] 2025-05-19 20:30:17 Perf: detect: AppLayer MPM "toserver tls.cert_subject (tls)": 4
[1 - Suricata-Main] 2025-05-19 20:30:17 Perf: detect: AppLayer MPM "toclient tls.cert_subject (tls)": 4
[1 - Suricata-Main] 2025-05-19 20:30:17 Perf: detect: AppLayer MPM "toclient tls.cert_serial (tls)": 2
[1 - Suricata-Main] 2025-05-19 20:30:17 Perf: detect: AppLayer MPM "toserver tls.cert_serial (tls)": 2
[1 - Suricata-Main] 2025-05-19 20:30:17 Perf: detect: AppLayer MPM "toclient tls.cert_fingerprint (tls)": 1
[1 - Suricata-Main] 2025-05-19 20:30:17 Perf: detect: AppLayer MPM "toserver tls.cert_fingerprint (tls)": 1
[1 - Suricata-Main] 2025-05-19 20:30:17 Perf: detect: AppLayer MPM "toclient tls.certs (tls)": 2
[1 - Suricata-Main] 2025-05-19 20:30:17 Perf: detect: AppLayer MPM "toserver tls.certs (tls)": 2
[1 - Suricata-Main] 2025-05-19 20:30:17 Perf: detect: AppLayer MPM "toserver ja3.hash (tls)": 2
[1 - Suricata-Main] 2025-05-19 20:30:17 Perf: detect: AppLayer MPM "toserver ja3.hash (quic)": 2
[1 - Suricata-Main] 2025-05-19 20:30:17 Perf: detect: AppLayer MPM "toclient ja3s.hash (tls)": 1
[1 - Suricata-Main] 2025-05-19 20:30:17 Perf: detect: AppLayer MPM "toclient ja3s.hash (quic)": 1
[1 - Suricata-Main] 2025-05-19 20:30:17 Perf: detect: AppLayer MPM "toserver ssh.proto (ssh)": 1
[1 - Suricata-Main] 2025-05-19 20:30:17 Perf: detect: AppLayer MPM "toclient ssh.proto (ssh)": 1
[1 - Suricata-Main] 2025-05-19 20:30:17 Perf: detect: AppLayer MPM "toclient file_data (nfs)": 17
[1 - Suricata-Main] 2025-05-19 20:30:17 Perf: detect: AppLayer MPM "toclient file_data (nfs)": 2
[1 - Suricata-Main] 2025-05-19 20:30:17 Perf: detect: AppLayer MPM "toserver file_data (nfs)": 17
[1 - Suricata-Main] 2025-05-19 20:30:17 Perf: detect: AppLayer MPM "toserver file_data (nfs)": 2
[1 - Suricata-Main] 2025-05-19 20:30:17 Perf: detect: AppLayer MPM "toclient file_data (smb)": 17
[1 - Suricata-Main] 2025-05-19 20:30:17 Perf: detect: AppLayer MPM "toclient file_data (smb)": 2
[1 - Suricata-Main] 2025-05-19 20:30:17 Perf: detect: AppLayer MPM "toserver file_data (smb)": 17
[1 - Suricata-Main] 2025-05-19 20:30:17 Perf: detect: AppLayer MPM "toserver file_data (smb)": 2
[1 - Suricata-Main] 2025-05-19 20:30:17 Perf: detect: AppLayer MPM "toclient file_data (ftp)": 17
[1 - Suricata-Main] 2025-05-19 20:30:17 Perf: detect: AppLayer MPM "toclient file_data (ftp)": 2
[1 - Suricata-Main] 2025-05-19 20:30:17 Perf: detect: AppLayer MPM "toserver file_data (ftp)": 17
[1 - Suricata-Main] 2025-05-19 20:30:17 Perf: detect: AppLayer MPM "toserver file_data (ftp)": 2
[1 - Suricata-Main] 2025-05-19 20:30:17 Perf: detect: AppLayer MPM "toclient file_data (ftp-data)": 17
[1 - Suricata-Main] 2025-05-19 20:30:17 Perf: detect: AppLayer MPM "toclient file_data (ftp-data)": 2
[1 - Suricata-Main] 2025-05-19 20:30:17 Perf: detect: AppLayer MPM "toserver file_data (ftp-data)": 17
[1 - Suricata-Main] 2025-05-19 20:30:17 Perf: detect: AppLayer MPM "toserver file_data (ftp-data)": 2
[1 - Suricata-Main] 2025-05-19 20:30:17 Perf: detect: AppLayer MPM "toclient file_data (http)": 17
[1 - Suricata-Main] 2025-05-19 20:30:17 Perf: detect: AppLayer MPM "toclient file_data (http)": 2
[1 - Suricata-Main] 2025-05-19 20:30:17 Perf: detect: AppLayer MPM "toserver file_data (http)": 17
[1 - Suricata-Main] 2025-05-19 20:30:17 Perf: detect: AppLayer MPM "toserver file_data (http)": 2
[1 - Suricata-Main] 2025-05-19 20:30:17 Perf: detect: AppLayer MPM "toclient file_data (http2)": 17
[1 - Suricata-Main] 2025-05-19 20:30:17 Perf: detect: AppLayer MPM "toclient file_data (http2)": 2
[1 - Suricata-Main] 2025-05-19 20:30:17 Perf: detect: AppLayer MPM "toserver file_data (http2)": 17
[1 - Suricata-Main] 2025-05-19 20:30:17 Perf: detect: AppLayer MPM "toserver file_data (http2)": 2
[1 - Suricata-Main] 2025-05-19 20:30:17 Perf: detect: AppLayer MPM "toserver file_data (smtp)": 17
[1 - Suricata-Main] 2025-05-19 20:30:17 Perf: detect: AppLayer MPM "toserver file_data (smtp)": 2
[1 - Suricata-Main] 2025-05-19 20:30:17 Perf: detect: Pkt MPM "icmpv6.hdr": 1
[1 - Suricata-Main] 2025-05-19 20:30:17 Perf: detect: Pkt MPM "ipv6.hdr": 1
[1 - Suricata-Main] 2025-05-19 20:30:37 Config: af-packet: enp0s3: using flow cluster mode for AF_PACKET
[1 - Suricata-Main] 2025-05-19 20:30:37 Perf: af-packet: enp0s3: cluster_flow: 5 cores, using 5 threads
[1 - Suricata-Main] 2025-05-19 20:30:37 Perf: ioctl: enp0s3: disabling gro offloading
[1 - Suricata-Main] 2025-05-19 20:30:37 Perf: ioctl: enp0s3: disabling tso offloading
[1 - Suricata-Main] 2025-05-19 20:30:37 Perf: ioctl: enp0s3: disabling gso offloading
[1 - Suricata-Main] 2025-05-19 20:30:37 Perf: ioctl: enp0s3: disabling sg offloading
[1 - Suricata-Main] 2025-05-19 20:30:37 Warning: af-packet: enp0s3: AF_PACKET tpacket-v3 is recommended for non-inline operation
[1 - Suricata-Main] 2025-05-19 20:30:37 Info: runmodes: enp0s3: creating 5 threads
[1 - Suricata-Main] 2025-05-19 20:30:37 Config: flow-manager: using 1 flow manager threads
[1 - Suricata-Main] 2025-05-19 20:30:37 Config: flow-manager: using 1 flow recycler threads
[1 - Suricata-Main] 2025-05-19 20:30:37 Info: unix-manager: unix socket '/var/run/suricata/suricata-command.socket'
[11 - W#01-enp0s3] 2025-05-19 20:30:37 Config: af-packet: enp0s3: defrag enabled, setting snaplen to 9216
[11 - W#01-enp0s3] 2025-05-19 20:30:37 Perf: af-packet: enp0s3: rx ring: block_size=131072 block_nr=30 frame_size=9296 frame_nr=420
[12 - W#02-enp0s3] 2025-05-19 20:30:37 Config: af-packet: enp0s3: defrag enabled, setting snaplen to 9216
[12 - W#02-enp0s3] 2025-05-19 20:30:37 Perf: af-packet: enp0s3: rx ring: block_size=131072 block_nr=30 frame_size=9296 frame_nr=420
[13 - W#03-enp0s3] 2025-05-19 20:30:37 Config: af-packet: enp0s3: defrag enabled, setting snaplen to 9216
[13 - W#03-enp0s3] 2025-05-19 20:30:37 Perf: af-packet: enp0s3: rx ring: block_size=131072 block_nr=30 frame_size=9296 frame_nr=420
[14 - W#04-enp0s3] 2025-05-19 20:30:37 Config: af-packet: enp0s3: defrag enabled, setting snaplen to 9216
[14 - W#04-enp0s3] 2025-05-19 20:30:37 Perf: af-packet: enp0s3: rx ring: block_size=131072 block_nr=30 frame_size=9296 frame_nr=420
[15 - W#05-enp0s3] 2025-05-19 20:30:37 Config: af-packet: enp0s3: defrag enabled, setting snaplen to 9216
[15 - W#05-enp0s3] 2025-05-19 20:30:37 Perf: af-packet: enp0s3: rx ring: block_size=131072 block_nr=30 frame_size=9296 frame_nr=420
[1 - Suricata-Main] 2025-05-19 20:30:37 Notice: threads: Threads created -> W: 5 FM: 1 FR: 1   Engine started.
[1 - Suricata-Main] 2025-05-19 20:31:43 Notice: suricata: Signal Received.  Stopping engine.
[1 - Suricata-Main] 2025-05-19 20:31:44 Info: suricata: time elapsed 67.150s
[17 - FR#01] 2025-05-19 20:31:46 Perf: flow-manager: 159 flows processed
[11 - W#01-enp0s3] 2025-05-19 20:31:46 Perf: af-packet: enp0s3: (W#01-enp0s3) kernel: Packets 380, dropped 0
[12 - W#02-enp0s3] 2025-05-19 20:31:46 Perf: af-packet: enp0s3: (W#02-enp0s3) kernel: Packets 414, dropped 0
[13 - W#03-enp0s3] 2025-05-19 20:31:46 Perf: af-packet: enp0s3: (W#03-enp0s3) kernel: Packets 357, dropped 0
[14 - W#04-enp0s3] 2025-05-19 20:31:46 Perf: af-packet: enp0s3: (W#04-enp0s3) kernel: Packets 521, dropped 0
[15 - W#05-enp0s3] 2025-05-19 20:31:47 Perf: af-packet: enp0s3: (W#05-enp0s3) kernel: Packets 391, dropped 0
[1 - Suricata-Main] 2025-05-19 20:31:47 Info: counters: Alerts: 0
[1 - Suricata-Main] 2025-05-19 20:31:47 Perf: ippair: ippair memory usage: 414144 bytes, maximum: 16777216
[1 - Suricata-Main] 2025-05-19 20:31:47 Perf: host: host memory usage: 398144 bytes, maximum: 33554432
[1 - Suricata-Main] 2025-05-19 20:31:48 Notice: device: enp0s3: packets: 2063, drops: 0 (0.00%), invalid chksum: 0
[1 - Suricata-Main] 2025-05-19 20:31:48 Perf: ioctl: enp0s3: restoring gro offloading
[1 - Suricata-Main] 2025-05-19 20:31:48 Perf: ioctl: enp0s3: restoring tso offloading
[1 - Suricata-Main] 2025-05-19 20:31:48 Perf: ioctl: enp0s3: restoring gso offloading
[1 - Suricata-Main] 2025-05-19 20:31:48 Perf: ioctl: enp0s3: restoring sg offloading
[1 - Suricata-Main] 2025-05-19 20:31:54 Notice: suricata: This is Suricata version 7.0.10 RELEASE running in SYSTEM mode
[1 - Suricata-Main] 2025-05-19 20:31:54 Info: cpu: CPUs/cores online: 5
[1 - Suricata-Main] 2025-05-19 20:31:54 Info: suricata: Setting engine mode to IDS mode by default
[1 - Suricata-Main] 2025-05-19 20:31:54 Info: exception-policy: master exception-policy set to: auto
[1 - Suricata-Main] 2025-05-19 20:31:54 Config: exception-policy: app-layer.error-policy: ignore (defined via 'exception-policy' master switch)
[1 - Suricata-Main] 2025-05-19 20:31:54 Config: app-layer-htp: 'default' server has 'request-body-minimal-inspect-size' set to 31539 and 'request-body-inspect-window' set to 4019 after randomization.
[1 - Suricata-Main] 2025-05-19 20:31:54 Config: app-layer-htp: 'default' server has 'response-body-minimal-inspect-size' set to 41003 and 'response-body-inspect-window' set to 16321 after randomization.
[1 - Suricata-Main] 2025-05-19 20:31:54 Config: smb: read: max record size: 16777216, max queued chunks 64, max queued size 67108864
[1 - Suricata-Main] 2025-05-19 20:31:54 Config: smb: write: max record size: 16777216, max queued chunks 64, max queued size 67108864
[1 - Suricata-Main] 2025-05-19 20:31:54 Config: app-layer-enip: Protocol detection and parser disabled for enip protocol.
[1 - Suricata-Main] 2025-05-19 20:31:54 Config: app-layer-dnp3: Protocol detection and parser disabled for DNP3.
[1 - Suricata-Main] 2025-05-19 20:31:54 Config: host: allocated 262144 bytes of memory for the host hash... 4096 buckets of size 64
[1 - Suricata-Main] 2025-05-19 20:31:54 Config: host: preallocated 1000 hosts of size 136
[1 - Suricata-Main] 2025-05-19 20:31:54 Config: host: host memory usage: 398144 bytes, maximum: 33554432
[1 - Suricata-Main] 2025-05-19 20:31:54 Config: coredump-config: Core dump size is unlimited.
[1 - Suricata-Main] 2025-05-19 20:31:54 Config: exception-policy: defrag.memcap-policy: ignore (defined via 'exception-policy' master switch)
[1 - Suricata-Main] 2025-05-19 20:31:54 Config: defrag-hash: allocated 3670016 bytes of memory for the defrag hash... 65536 buckets of size 56
[1 - Suricata-Main] 2025-05-19 20:31:54 Config: defrag-hash: preallocated 65535 defrag trackers of size 160
[1 - Suricata-Main] 2025-05-19 20:31:54 Config: defrag-hash: defrag memory usage: 14155616 bytes, maximum: 33554432
[1 - Suricata-Main] 2025-05-19 20:31:54 Config: exception-policy: flow.memcap-policy: ignore (defined via 'exception-policy' master switch)
[1 - Suricata-Main] 2025-05-19 20:31:54 Config: flow: flow size 304, memcap allows for 441505 flows. Per hash row in perfect conditions 6
[1 - Suricata-Main] 2025-05-19 20:31:54 Config: stream-tcp: stream "prealloc-sessions": 2048 (per thread)
[1 - Suricata-Main] 2025-05-19 20:31:54 Config: stream-tcp: stream "memcap": 67108864
[1 - Suricata-Main] 2025-05-19 20:31:54 Config: stream-tcp: stream "midstream" session pickups: disabled
[1 - Suricata-Main] 2025-05-19 20:31:54 Config: stream-tcp: stream "async-oneside": disabled
[1 - Suricata-Main] 2025-05-19 20:31:54 Config: stream-tcp: stream "checksum-validation": enabled
[1 - Suricata-Main] 2025-05-19 20:31:54 Config: exception-policy: stream.memcap-policy: ignore (defined via 'exception-policy' master switch)
[1 - Suricata-Main] 2025-05-19 20:31:54 Config: exception-policy: stream.reassembly.memcap-policy: ignore (defined via 'exception-policy' master switch)
[1 - Suricata-Main] 2025-05-19 20:31:54 Config: exception-policy: stream.midstream-policy: ignore (defined via 'exception-policy' master switch)
[1 - Suricata-Main] 2025-05-19 20:31:54 Config: stream-tcp: stream."inline": disabled
[1 - Suricata-Main] 2025-05-19 20:31:54 Config: stream-tcp: stream "bypass": disabled
[1 - Suricata-Main] 2025-05-19 20:31:54 Config: stream-tcp: stream.reassembly.urgent.policy": inline
[1 - Suricata-Main] 2025-05-19 20:31:54 Config: stream-tcp: stream "max-syn-queued": 10
[1 - Suricata-Main] 2025-05-19 20:31:54 Config: stream-tcp: stream "max-synack-queued": 5
[1 - Suricata-Main] 2025-05-19 20:31:54 Config: stream-tcp: stream.reassembly "memcap": 268435456
[1 - Suricata-Main] 2025-05-19 20:31:54 Config: stream-tcp: stream.reassembly "depth": 1048576
[1 - Suricata-Main] 2025-05-19 20:31:54 Config: stream-tcp: stream.reassembly "toserver-chunk-size": 2635
[1 - Suricata-Main] 2025-05-19 20:31:54 Config: stream-tcp: stream.reassembly "toclient-chunk-size": 2589
[1 - Suricata-Main] 2025-05-19 20:31:54 Config: stream-tcp: stream.reassembly.raw: enabled
[1 - Suricata-Main] 2025-05-19 20:31:54 Config: stream-tcp: stream.liberal-timestamps: disabled
[1 - Suricata-Main] 2025-05-19 20:31:54 Config: stream-tcp-reassemble: stream.reassembly "segment-prealloc": 2048
[1 - Suricata-Main] 2025-05-19 20:31:54 Config: stream-tcp-reassemble: stream.reassembly "max-regions": 8
[1 - Suricata-Main] 2025-05-19 20:31:54 Info: conf: Running in live mode, activating unix socket
[1 - Suricata-Main] 2025-05-19 20:31:54 Info: logopenfile: fast output device (regular) initialized: fast.log
[1 - Suricata-Main] 2025-05-19 20:31:54 Info: logopenfile: eve-log output device (regular) initialized: eve.json
[1 - Suricata-Main] 2025-05-19 20:31:54 Config: runmodes: enabling 'eve-log' module 'alert'
[1 - Suricata-Main] 2025-05-19 20:31:54 Config: runmodes: enabling 'eve-log' module 'frame'
[1 - Suricata-Main] 2025-05-19 20:31:54 Config: runmodes: enabling 'eve-log' module 'anomaly'
[1 - Suricata-Main] 2025-05-19 20:31:54 Config: runmodes: enabling 'eve-log' module 'http'
[1 - Suricata-Main] 2025-05-19 20:31:54 Config: runmodes: enabling 'eve-log' module 'dns'
[1 - Suricata-Main] 2025-05-19 20:31:54 Config: runmodes: enabling 'eve-log' module 'tls'
[1 - Suricata-Main] 2025-05-19 20:31:54 Config: runmodes: enabling 'eve-log' module 'files'
[1 - Suricata-Main] 2025-05-19 20:31:54 Config: runmodes: enabling 'eve-log' module 'smtp'
[1 - Suricata-Main] 2025-05-19 20:31:54 Config: runmodes: enabling 'eve-log' module 'ftp'
[1 - Suricata-Main] 2025-05-19 20:31:54 Config: runmodes: enabling 'eve-log' module 'rdp'
[1 - Suricata-Main] 2025-05-19 20:31:54 Config: runmodes: enabling 'eve-log' module 'nfs'
[1 - Suricata-Main] 2025-05-19 20:31:54 Config: runmodes: enabling 'eve-log' module 'smb'
[1 - Suricata-Main] 2025-05-19 20:31:54 Config: runmodes: enabling 'eve-log' module 'tftp'
[1 - Suricata-Main] 2025-05-19 20:31:54 Config: runmodes: enabling 'eve-log' module 'ike'
[1 - Suricata-Main] 2025-05-19 20:31:54 Config: runmodes: enabling 'eve-log' module 'dcerpc'
[1 - Suricata-Main] 2025-05-19 20:31:54 Config: runmodes: enabling 'eve-log' module 'krb5'
[1 - Suricata-Main] 2025-05-19 20:31:54 Config: runmodes: enabling 'eve-log' module 'bittorrent-dht'
[1 - Suricata-Main] 2025-05-19 20:31:54 Config: runmodes: enabling 'eve-log' module 'snmp'
[1 - Suricata-Main] 2025-05-19 20:31:54 Config: runmodes: enabling 'eve-log' module 'rfb'
[1 - Suricata-Main] 2025-05-19 20:31:54 Config: runmodes: enabling 'eve-log' module 'sip'
[1 - Suricata-Main] 2025-05-19 20:31:54 Config: runmodes: enabling 'eve-log' module 'quic'
[1 - Suricata-Main] 2025-05-19 20:31:54 Config: runmodes: enabling 'eve-log' module 'dhcp'
[1 - Suricata-Main] 2025-05-19 20:31:54 Config: runmodes: enabling 'eve-log' module 'ssh'
[1 - Suricata-Main] 2025-05-19 20:31:54 Config: runmodes: enabling 'eve-log' module 'mqtt'
[1 - Suricata-Main] 2025-05-19 20:31:54 Config: runmodes: enabling 'eve-log' module 'http2'
[1 - Suricata-Main] 2025-05-19 20:31:54 Config: runmodes: enabling 'eve-log' module 'pgsql'
[1 - Suricata-Main] 2025-05-19 20:31:54 Config: runmodes: enabling 'eve-log' module 'stats'
[1 - Suricata-Main] 2025-05-19 20:31:54 Config: runmodes: enabling 'eve-log' module 'flow'
[1 - Suricata-Main] 2025-05-19 20:31:54 Info: logopenfile: stats output device (regular) initialized: stats.log
[1 - Suricata-Main] 2025-05-19 20:31:54 Config: landlock: Landlock is not enabled in configuration
[1 - Suricata-Main] 2025-05-19 20:31:54 Config: suricata: Delayed detect disabled
[1 - Suricata-Main] 2025-05-19 20:31:54 Config: detect: pattern matchers: MPM: ac, SPM: bm
[1 - Suricata-Main] 2025-05-19 20:31:54 Config: detect: grouping: tcp-whitelist (default) 53, 80, 139, 443, 445, 1433, 3306, 3389, 6666, 6667, 8080
[1 - Suricata-Main] 2025-05-19 20:31:54 Config: detect: grouping: udp-whitelist (default) 53, 135, 5060
[1 - Suricata-Main] 2025-05-19 20:31:54 Config: detect: prefilter engines: MPM
[1 - Suricata-Main] 2025-05-19 20:31:54 Config: reputation: IP reputation disabled
[1 - Suricata-Main] 2025-05-19 20:31:54 Config: detect: Loading rule file: /var/lib/suricata/rules/suricata.rules
[1 - Suricata-Main] 2025-05-19 20:31:56 Info: detect-fast-pattern: fast_pattern is ineffective with base64_data
[1 - Suricata-Main] 2025-05-19 20:31:56 Info: detect-fast-pattern: fast_pattern is ineffective with base64_data
[1 - Suricata-Main] 2025-05-19 20:31:56 Info: detect: 1 rule files processed. 42614 rules successfully loaded, 0 rules failed, 0
[1 - Suricata-Main] 2025-05-19 20:31:56 Info: threshold-config: Threshold config parsed: 0 rule(s) found
[1 - Suricata-Main] 2025-05-19 20:31:56 Info: detect: 42617 signatures processed. 1270 are IP-only rules, 4333 are inspecting packet payload, 36797 inspect application layer, 109 are decoder event only
[1 - Suricata-Main] 2025-05-19 20:31:56 Config: detect: building signature grouping structure, stage 1: preprocessing rules... complete
[1 - Suricata-Main] 2025-05-19 20:31:56 Perf: detect: TCP toserver: 41 port groups, 40 unique SGH's, 1 copies
[1 - Suricata-Main] 2025-05-19 20:31:56 Perf: detect: TCP toclient: 21 port groups, 21 unique SGH's, 0 copies
[1 - Suricata-Main] 2025-05-19 20:31:56 Perf: detect: UDP toserver: 41 port groups, 40 unique SGH's, 1 copies
[1 - Suricata-Main] 2025-05-19 20:31:56 Perf: detect: UDP toclient: 21 port groups, 17 unique SGH's, 4 copies
[1 - Suricata-Main] 2025-05-19 20:31:56 Perf: detect: OTHER toserver: 254 proto groups, 4 unique SGH's, 250 copies
[1 - Suricata-Main] 2025-05-19 20:31:56 Perf: detect: OTHER toclient: 254 proto groups, 0 unique SGH's, 254 copies
[1 - Suricata-Main] 2025-05-19 20:31:57 Perf: detect: Unique rule groups: 122
[1 - Suricata-Main] 2025-05-19 20:31:57 Perf: detect: Builtin MPM "toserver TCP packet": 31
[1 - Suricata-Main] 2025-05-19 20:31:57 Perf: detect: Builtin MPM "toclient TCP packet": 20
[1 - Suricata-Main] 2025-05-19 20:31:57 Perf: detect: Builtin MPM "toserver TCP stream": 34
[1 - Suricata-Main] 2025-05-19 20:31:57 Perf: detect: Builtin MPM "toclient TCP stream": 19
[1 - Suricata-Main] 2025-05-19 20:31:57 Perf: detect: Builtin MPM "toserver UDP packet": 40
[1 - Suricata-Main] 2025-05-19 20:31:57 Perf: detect: Builtin MPM "toclient UDP packet": 17
[1 - Suricata-Main] 2025-05-19 20:31:57 Perf: detect: Builtin MPM "other IP packet": 3
[1 - Suricata-Main] 2025-05-19 20:31:57 Perf: detect: AppLayer MPM "toserver http_uri (http)": 16
[1 - Suricata-Main] 2025-05-19 20:31:57 Perf: detect: AppLayer MPM "toserver http_uri (http2)": 16
[1 - Suricata-Main] 2025-05-19 20:31:57 Perf: detect: AppLayer MPM "toserver http_raw_uri (http)": 2
[1 - Suricata-Main] 2025-05-19 20:31:57 Perf: detect: AppLayer MPM "toserver http_raw_uri (http)": 2
[1 - Suricata-Main] 2025-05-19 20:31:57 Perf: detect: AppLayer MPM "toserver http_raw_uri (http2)": 2
[1 - Suricata-Main] 2025-05-19 20:31:57 Perf: detect: AppLayer MPM "toserver http_raw_uri (http2)": 2
[1 - Suricata-Main] 2025-05-19 20:31:57 Perf: detect: AppLayer MPM "toserver http_request_line (http)": 8
[1 - Suricata-Main] 2025-05-19 20:31:57 Perf: detect: AppLayer MPM "toserver http_request_line (http2)": 8
[1 - Suricata-Main] 2025-05-19 20:31:57 Perf: detect: AppLayer MPM "toserver http_client_body (http)": 14
[1 - Suricata-Main] 2025-05-19 20:31:57 Perf: detect: AppLayer MPM "toserver http_client_body (http)": 2
[1 - Suricata-Main] 2025-05-19 20:31:57 Perf: detect: AppLayer MPM "toserver http_client_body (http2)": 14
[1 - Suricata-Main] 2025-05-19 20:31:57 Perf: detect: AppLayer MPM "toserver http_client_body (http2)": 2
[1 - Suricata-Main] 2025-05-19 20:31:57 Perf: detect: AppLayer MPM "toclient http_response_line (http)": 2
[1 - Suricata-Main] 2025-05-19 20:31:57 Perf: detect: AppLayer MPM "toclient http_response_line (http2)": 2
[1 - Suricata-Main] 2025-05-19 20:31:57 Perf: detect: AppLayer MPM "toserver http_header (http)": 10
[1 - Suricata-Main] 2025-05-19 20:31:57 Perf: detect: AppLayer MPM "toserver http_header (http)": 1
[1 - Suricata-Main] 2025-05-19 20:31:57 Perf: detect: AppLayer MPM "toserver http_header (http)": 4
[1 - Suricata-Main] 2025-05-19 20:31:57 Perf: detect: AppLayer MPM "toserver http_header (http)": 4
[1 - Suricata-Main] 2025-05-19 20:31:57 Perf: detect: AppLayer MPM "toserver http_header (http)": 10
[1 - Suricata-Main] 2025-05-19 20:31:57 Perf: detect: AppLayer MPM "toclient http_header (http)": 10
[1 - Suricata-Main] 2025-05-19 20:31:57 Perf: detect: AppLayer MPM "toclient http_header (http)": 1
[1 - Suricata-Main] 2025-05-19 20:31:57 Perf: detect: AppLayer MPM "toclient http_header (http)": 4
[1 - Suricata-Main] 2025-05-19 20:31:57 Perf: detect: AppLayer MPM "toclient http_header (http)": 4
[1 - Suricata-Main] 2025-05-19 20:31:57 Perf: detect: AppLayer MPM "toclient http_header (http)": 10
[1 - Suricata-Main] 2025-05-19 20:31:57 Perf: detect: AppLayer MPM "toserver http_header (http2)": 10
[1 - Suricata-Main] 2025-05-19 20:31:57 Perf: detect: AppLayer MPM "toserver http_header (http2)": 1
[1 - Suricata-Main] 2025-05-19 20:31:57 Perf: detect: AppLayer MPM "toserver http_header (http2)": 4
[1 - Suricata-Main] 2025-05-19 20:31:57 Perf: detect: AppLayer MPM "toserver http_header (http2)": 4
[1 - Suricata-Main] 2025-05-19 20:31:57 Perf: detect: AppLayer MPM "toserver http_header (http2)": 10
[1 - Suricata-Main] 2025-05-19 20:31:57 Perf: detect: AppLayer MPM "toclient http_header (http2)": 10
[1 - Suricata-Main] 2025-05-19 20:31:57 Perf: detect: AppLayer MPM "toclient http_header (http2)": 1
[1 - Suricata-Main] 2025-05-19 20:31:57 Perf: detect: AppLayer MPM "toclient http_header (http2)": 4
[1 - Suricata-Main] 2025-05-19 20:31:57 Perf: detect: AppLayer MPM "toclient http_header (http2)": 4
[1 - Suricata-Main] 2025-05-19 20:31:57 Perf: detect: AppLayer MPM "toclient http_header (http2)": 10
[1 - Suricata-Main] 2025-05-19 20:31:57 Perf: detect: AppLayer MPM "toserver http_request_header (http2)": 2
[1 - Suricata-Main] 2025-05-19 20:31:57 Perf: detect: AppLayer MPM "toserver http_request_header (http2)": 4
[1 - Suricata-Main] 2025-05-19 20:31:57 Perf: detect: AppLayer MPM "toserver http_request_header (http)": 2
[1 - Suricata-Main] 2025-05-19 20:31:57 Perf: detect: AppLayer MPM "toserver http_request_header (http)": 4
[1 - Suricata-Main] 2025-05-19 20:31:57 Perf: detect: AppLayer MPM "toclient http_response_header (http2)": 2
[1 - Suricata-Main] 2025-05-19 20:31:57 Perf: detect: AppLayer MPM "toclient http_response_header (http2)": 2
[1 - Suricata-Main] 2025-05-19 20:31:57 Perf: detect: AppLayer MPM "toclient http_response_header (http2)": 2
[1 - Suricata-Main] 2025-05-19 20:31:57 Perf: detect: AppLayer MPM "toclient http_response_header (http2)": 2
[1 - Suricata-Main] 2025-05-19 20:31:57 Perf: detect: AppLayer MPM "toclient http_response_header (http)": 2
[1 - Suricata-Main] 2025-05-19 20:31:57 Perf: detect: AppLayer MPM "toclient http_response_header (http)": 2
[1 - Suricata-Main] 2025-05-19 20:31:57 Perf: detect: AppLayer MPM "toclient http_response_header (http)": 2
[1 - Suricata-Main] 2025-05-19 20:31:57 Perf: detect: AppLayer MPM "toclient http_response_header (http)": 2
[1 - Suricata-Main] 2025-05-19 20:31:57 Perf: detect: AppLayer MPM "toserver http_header_names (http)": 11
[1 - Suricata-Main] 2025-05-19 20:31:57 Perf: detect: AppLayer MPM "toserver http_header_names (http)": 1
[1 - Suricata-Main] 2025-05-19 20:31:57 Perf: detect: AppLayer MPM "toserver http_header_names (http)": 2
[1 - Suricata-Main] 2025-05-19 20:31:57 Perf: detect: AppLayer MPM "toserver http_header_names (http)": 4
[1 - Suricata-Main] 2025-05-19 20:31:57 Perf: detect: AppLayer MPM "toserver http_header_names (http)": 8
[1 - Suricata-Main] 2025-05-19 20:31:57 Perf: detect: AppLayer MPM "toclient http_header_names (http)": 11
[1 - Suricata-Main] 2025-05-19 20:31:57 Perf: detect: AppLayer MPM "toclient http_header_names (http)": 1
[1 - Suricata-Main] 2025-05-19 20:31:57 Perf: detect: AppLayer MPM "toclient http_header_names (http)": 2
[1 - Suricata-Main] 2025-05-19 20:31:57 Perf: detect: AppLayer MPM "toclient http_header_names (http)": 4
[1 - Suricata-Main] 2025-05-19 20:31:57 Perf: detect: AppLayer MPM "toclient http_header_names (http)": 8
[1 - Suricata-Main] 2025-05-19 20:31:57 Perf: detect: AppLayer MPM "toserver http_header_names (http2)": 11
[1 - Suricata-Main] 2025-05-19 20:31:57 Perf: detect: AppLayer MPM "toserver http_header_names (http2)": 1
[1 - Suricata-Main] 2025-05-19 20:31:57 Perf: detect: AppLayer MPM "toserver http_header_names (http2)": 2
[1 - Suricata-Main] 2025-05-19 20:31:57 Perf: detect: AppLayer MPM "toserver http_header_names (http2)": 4
[1 - Suricata-Main] 2025-05-19 20:31:57 Perf: detect: AppLayer MPM "toserver http_header_names (http2)": 8
[1 - Suricata-Main] 2025-05-19 20:31:57 Perf: detect: AppLayer MPM "toclient http_header_names (http2)": 11
[1 - Suricata-Main] 2025-05-19 20:31:57 Perf: detect: AppLayer MPM "toclient http_header_names (http2)": 1
[1 - Suricata-Main] 2025-05-19 20:31:57 Perf: detect: AppLayer MPM "toclient http_header_names (http2)": 2
[1 - Suricata-Main] 2025-05-19 20:31:57 Perf: detect: AppLayer MPM "toclient http_header_names (http2)": 4
[1 - Suricata-Main] 2025-05-19 20:31:57 Perf: detect: AppLayer MPM "toclient http_header_names (http2)": 8
[1 - Suricata-Main] 2025-05-19 20:31:57 Perf: detect: AppLayer MPM "toserver http_accept (http)": 8
[1 - Suricata-Main] 2025-05-19 20:31:57 Perf: detect: AppLayer MPM "toserver http_accept (http2)": 8
[1 - Suricata-Main] 2025-05-19 20:31:57 Perf: detect: AppLayer MPM "toserver http_accept_enc (http)": 2
[1 - Suricata-Main] 2025-05-19 20:31:57 Perf: detect: AppLayer MPM "toserver http_accept_enc (http2)": 2
[1 - Suricata-Main] 2025-05-19 20:31:57 Perf: detect: AppLayer MPM "toserver http_accept_lang (http)": 2
[1 - Suricata-Main] 2025-05-19 20:31:57 Perf: detect: AppLayer MPM "toserver http_accept_lang (http2)": 2
[1 - Suricata-Main] 2025-05-19 20:31:57 Perf: detect: AppLayer MPM "toserver http_referer (http)": 2
[1 - Suricata-Main] 2025-05-19 20:31:57 Perf: detect: AppLayer MPM "toserver http_referer (http2)": 2
[1 - Suricata-Main] 2025-05-19 20:31:57 Perf: detect: AppLayer MPM "toserver http_connection (http)": 2
[1 - Suricata-Main] 2025-05-19 20:31:57 Perf: detect: AppLayer MPM "toserver http_connection (http2)": 2
[1 - Suricata-Main] 2025-05-19 20:31:57 Perf: detect: AppLayer MPM "toclient http_connection (http)": 2
[1 - Suricata-Main] 2025-05-19 20:31:57 Perf: detect: AppLayer MPM "toclient http_connection (http2)": 2
[1 - Suricata-Main] 2025-05-19 20:31:57 Perf: detect: AppLayer MPM "toserver http_content_len (http)": 4
[1 - Suricata-Main] 2025-05-19 20:31:57 Perf: detect: AppLayer MPM "toserver http_content_len (http2)": 4
[1 - Suricata-Main] 2025-05-19 20:31:57 Perf: detect: AppLayer MPM "toclient http_content_len (http)": 4
[1 - Suricata-Main] 2025-05-19 20:31:57 Perf: detect: AppLayer MPM "toclient http_content_len (http2)": 4
[1 - Suricata-Main] 2025-05-19 20:31:57 Perf: detect: AppLayer MPM "toserver http_content_type (http)": 4
[1 - Suricata-Main] 2025-05-19 20:31:57 Perf: detect: AppLayer MPM "toserver http_content_type (http2)": 4
[1 - Suricata-Main] 2025-05-19 20:31:57 Perf: detect: AppLayer MPM "toclient http_content_type (http)": 4
[1 - Suricata-Main] 2025-05-19 20:31:57 Perf: detect: AppLayer MPM "toclient http_content_type (http2)": 4
[1 - Suricata-Main] 2025-05-19 20:31:57 Perf: detect: AppLayer MPM "toclient http.server (http)": 4
[1 - Suricata-Main] 2025-05-19 20:31:57 Perf: detect: AppLayer MPM "toclient http.server (http2)": 4
[1 - Suricata-Main] 2025-05-19 20:31:57 Perf: detect: AppLayer MPM "toclient http.location (http)": 2
[1 - Suricata-Main] 2025-05-19 20:31:57 Perf: detect: AppLayer MPM "toclient http.location (http2)": 2
[1 - Suricata-Main] 2025-05-19 20:31:57 Perf: detect: AppLayer MPM "toserver http_start (http)": 6
[1 - Suricata-Main] 2025-05-19 20:31:57 Perf: detect: AppLayer MPM "toclient http_start (http)": 6
[1 - Suricata-Main] 2025-05-19 20:31:57 Perf: detect: AppLayer MPM "toserver http_raw_header (http)": 4
[1 - Suricata-Main] 2025-05-19 20:31:57 Perf: detect: AppLayer MPM "toserver http_raw_header (http)": 2
[1 - Suricata-Main] 2025-05-19 20:31:57 Perf: detect: AppLayer MPM "toserver http_raw_header (http)": 4
[1 - Suricata-Main] 2025-05-19 20:31:57 Perf: detect: AppLayer MPM "toclient http_raw_header (http)": 4
[1 - Suricata-Main] 2025-05-19 20:31:57 Perf: detect: AppLayer MPM "toclient http_raw_header (http)": 2
[1 - Suricata-Main] 2025-05-19 20:31:57 Perf: detect: AppLayer MPM "toclient http_raw_header (http)": 4
[1 - Suricata-Main] 2025-05-19 20:31:57 Perf: detect: AppLayer MPM "toserver http_raw_header (http2)": 4
[1 - Suricata-Main] 2025-05-19 20:31:57 Perf: detect: AppLayer MPM "toserver http_raw_header (http2)": 2
[1 - Suricata-Main] 2025-05-19 20:31:57 Perf: detect: AppLayer MPM "toserver http_raw_header (http2)": 4
[1 - Suricata-Main] 2025-05-19 20:31:57 Perf: detect: AppLayer MPM "toclient http_raw_header (http2)": 4
[1 - Suricata-Main] 2025-05-19 20:31:57 Perf: detect: AppLayer MPM "toclient http_raw_header (http2)": 2
[1 - Suricata-Main] 2025-05-19 20:31:57 Perf: detect: AppLayer MPM "toclient http_raw_header (http2)": 4
[1 - Suricata-Main] 2025-05-19 20:31:57 Perf: detect: AppLayer MPM "toserver http_method (http)": 4
[1 - Suricata-Main] 2025-05-19 20:31:57 Perf: detect: AppLayer MPM "toserver http_method (http2)": 4
[1 - Suricata-Main] 2025-05-19 20:31:57 Perf: detect: AppLayer MPM "toserver http_cookie (http)": 8
[1 - Suricata-Main] 2025-05-19 20:31:57 Perf: detect: AppLayer MPM "toclient http_cookie (http)": 8
[1 - Suricata-Main] 2025-05-19 20:31:57 Perf: detect: AppLayer MPM "toserver http_cookie (http2)": 8
[1 - Suricata-Main] 2025-05-19 20:31:57 Perf: detect: AppLayer MPM "toclient http_cookie (http2)": 8
[1 - Suricata-Main] 2025-05-19 20:31:57 Perf: detect: AppLayer MPM "toserver http_user_agent (http)": 15
[1 - Suricata-Main] 2025-05-19 20:31:57 Perf: detect: AppLayer MPM "toserver http_user_agent (http2)": 15
[1 - Suricata-Main] 2025-05-19 20:31:57 Perf: detect: AppLayer MPM "toserver http_host (http)": 2
[1 - Suricata-Main] 2025-05-19 20:31:57 Perf: detect: AppLayer MPM "toserver http_host (http)": 4
[1 - Suricata-Main] 2025-05-19 20:31:57 Perf: detect: AppLayer MPM "toserver http_host (http2)": 2
[1 - Suricata-Main] 2025-05-19 20:31:57 Perf: detect: AppLayer MPM "toserver http_host (http2)": 4
[1 - Suricata-Main] 2025-05-19 20:31:57 Perf: detect: AppLayer MPM "toserver http_raw_host (http)": 2
[1 - Suricata-Main] 2025-05-19 20:31:57 Perf: detect: AppLayer MPM "toserver http_raw_host (http2)": 2
[1 - Suricata-Main] 2025-05-19 20:31:57 Perf: detect: AppLayer MPM "toclient http_stat_code (http)": 4
[1 - Suricata-Main] 2025-05-19 20:31:57 Perf: detect: AppLayer MPM "toclient http_stat_code (http2)": 4
[1 - Suricata-Main] 2025-05-19 20:31:57 Perf: detect: AppLayer MPM "toserver dns_query (dns)": 2
[1 - Suricata-Main] 2025-05-19 20:31:57 Perf: detect: AppLayer MPM "toserver dns_query (dns)": 1
[1 - Suricata-Main] 2025-05-19 20:31:57 Perf: detect: AppLayer MPM "toserver tls.sni (tls)": 3
[1 - Suricata-Main] 2025-05-19 20:31:57 Perf: detect: AppLayer MPM "toserver tls.sni (tls)": 1
[1 - Suricata-Main] 2025-05-19 20:31:57 Perf: detect: AppLayer MPM "toserver tls.cert_issuer (tls)": 6
[1 - Suricata-Main] 2025-05-19 20:31:57 Perf: detect: AppLayer MPM "toclient tls.cert_issuer (tls)": 6
[1 - Suricata-Main] 2025-05-19 20:31:57 Perf: detect: AppLayer MPM "toserver tls.cert_subject (tls)": 4
[1 - Suricata-Main] 2025-05-19 20:31:57 Perf: detect: AppLayer MPM "toclient tls.cert_subject (tls)": 4
[1 - Suricata-Main] 2025-05-19 20:31:57 Perf: detect: AppLayer MPM "toclient tls.cert_serial (tls)": 2
[1 - Suricata-Main] 2025-05-19 20:31:57 Perf: detect: AppLayer MPM "toserver tls.cert_serial (tls)": 2
[1 - Suricata-Main] 2025-05-19 20:31:57 Perf: detect: AppLayer MPM "toclient tls.cert_fingerprint (tls)": 1
[1 - Suricata-Main] 2025-05-19 20:31:57 Perf: detect: AppLayer MPM "toserver tls.cert_fingerprint (tls)": 1
[1 - Suricata-Main] 2025-05-19 20:31:57 Perf: detect: AppLayer MPM "toclient tls.certs (tls)": 2
[1 - Suricata-Main] 2025-05-19 20:31:57 Perf: detect: AppLayer MPM "toserver tls.certs (tls)": 2
[1 - Suricata-Main] 2025-05-19 20:31:57 Perf: detect: AppLayer MPM "toserver ja3.hash (tls)": 2
[1 - Suricata-Main] 2025-05-19 20:31:57 Perf: detect: AppLayer MPM "toserver ja3.hash (quic)": 2
[1 - Suricata-Main] 2025-05-19 20:31:57 Perf: detect: AppLayer MPM "toclient ja3s.hash (tls)": 1
[1 - Suricata-Main] 2025-05-19 20:31:57 Perf: detect: AppLayer MPM "toclient ja3s.hash (quic)": 1
[1 - Suricata-Main] 2025-05-19 20:31:57 Perf: detect: AppLayer MPM "toserver ssh.proto (ssh)": 1
[1 - Suricata-Main] 2025-05-19 20:31:57 Perf: detect: AppLayer MPM "toclient ssh.proto (ssh)": 1
[1 - Suricata-Main] 2025-05-19 20:31:57 Perf: detect: AppLayer MPM "toclient file_data (nfs)": 17
[1 - Suricata-Main] 2025-05-19 20:31:57 Perf: detect: AppLayer MPM "toclient file_data (nfs)": 2
[1 - Suricata-Main] 2025-05-19 20:31:57 Perf: detect: AppLayer MPM "toserver file_data (nfs)": 17
[1 - Suricata-Main] 2025-05-19 20:31:57 Perf: detect: AppLayer MPM "toserver file_data (nfs)": 2
[1 - Suricata-Main] 2025-05-19 20:31:57 Perf: detect: AppLayer MPM "toclient file_data (smb)": 17
[1 - Suricata-Main] 2025-05-19 20:31:57 Perf: detect: AppLayer MPM "toclient file_data (smb)": 2
[1 - Suricata-Main] 2025-05-19 20:31:57 Perf: detect: AppLayer MPM "toserver file_data (smb)": 17
[1 - Suricata-Main] 2025-05-19 20:31:57 Perf: detect: AppLayer MPM "toserver file_data (smb)": 2
[1 - Suricata-Main] 2025-05-19 20:31:57 Perf: detect: AppLayer MPM "toclient file_data (ftp)": 17
[1 - Suricata-Main] 2025-05-19 20:31:57 Perf: detect: AppLayer MPM "toclient file_data (ftp)": 2
[1 - Suricata-Main] 2025-05-19 20:31:57 Perf: detect: AppLayer MPM "toserver file_data (ftp)": 17
[1 - Suricata-Main] 2025-05-19 20:31:57 Perf: detect: AppLayer MPM "toserver file_data (ftp)": 2
[1 - Suricata-Main] 2025-05-19 20:31:57 Perf: detect: AppLayer MPM "toclient file_data (ftp-data)": 17
[1 - Suricata-Main] 2025-05-19 20:31:57 Perf: detect: AppLayer MPM "toclient file_data (ftp-data)": 2
[1 - Suricata-Main] 2025-05-19 20:31:57 Perf: detect: AppLayer MPM "toserver file_data (ftp-data)": 17
[1 - Suricata-Main] 2025-05-19 20:31:57 Perf: detect: AppLayer MPM "toserver file_data (ftp-data)": 2
[1 - Suricata-Main] 2025-05-19 20:31:57 Perf: detect: AppLayer MPM "toclient file_data (http)": 17
[1 - Suricata-Main] 2025-05-19 20:31:57 Perf: detect: AppLayer MPM "toclient file_data (http)": 2
[1 - Suricata-Main] 2025-05-19 20:31:57 Perf: detect: AppLayer MPM "toserver file_data (http)": 17
[1 - Suricata-Main] 2025-05-19 20:31:57 Perf: detect: AppLayer MPM "toserver file_data (http)": 2
[1 - Suricata-Main] 2025-05-19 20:31:57 Perf: detect: AppLayer MPM "toclient file_data (http2)": 17
[1 - Suricata-Main] 2025-05-19 20:31:57 Perf: detect: AppLayer MPM "toclient file_data (http2)": 2
[1 - Suricata-Main] 2025-05-19 20:31:57 Perf: detect: AppLayer MPM "toserver file_data (http2)": 17
[1 - Suricata-Main] 2025-05-19 20:31:57 Perf: detect: AppLayer MPM "toserver file_data (http2)": 2
[1 - Suricata-Main] 2025-05-19 20:31:57 Perf: detect: AppLayer MPM "toserver file_data (smtp)": 17
[1 - Suricata-Main] 2025-05-19 20:31:57 Perf: detect: AppLayer MPM "toserver file_data (smtp)": 2
[1 - Suricata-Main] 2025-05-19 20:31:57 Perf: detect: Pkt MPM "icmpv6.hdr": 1
[1 - Suricata-Main] 2025-05-19 20:31:57 Perf: detect: Pkt MPM "ipv6.hdr": 1
[1 - Suricata-Main] 2025-05-19 20:31:59 Config: af-packet: enp0s3: using flow cluster mode for AF_PACKET
[1 - Suricata-Main] 2025-05-19 20:31:59 Perf: af-packet: enp0s3: cluster_flow: 5 cores, using 5 threads
[1 - Suricata-Main] 2025-05-19 20:31:59 Perf: ioctl: enp0s3: disabling gro offloading
[1 - Suricata-Main] 2025-05-19 20:31:59 Perf: ioctl: enp0s3: disabling tso offloading
[1 - Suricata-Main] 2025-05-19 20:31:59 Perf: ioctl: enp0s3: disabling gso offloading
[1 - Suricata-Main] 2025-05-19 20:31:59 Perf: ioctl: enp0s3: disabling sg offloading
[1 - Suricata-Main] 2025-05-19 20:31:59 Warning: af-packet: enp0s3: AF_PACKET tpacket-v3 is recommended for non-inline operation
[1 - Suricata-Main] 2025-05-19 20:31:59 Info: runmodes: enp0s3: creating 5 threads
[1 - Suricata-Main] 2025-05-19 20:31:59 Config: flow-manager: using 1 flow manager threads
[1 - Suricata-Main] 2025-05-19 20:31:59 Config: flow-manager: using 1 flow recycler threads
[1 - Suricata-Main] 2025-05-19 20:31:59 Info: unix-manager: unix socket '/var/run/suricata/suricata-command.socket'
[12 - W#01-enp0s3] 2025-05-19 20:31:59 Config: af-packet: enp0s3: defrag enabled, setting snaplen to 9216
[12 - W#01-enp0s3] 2025-05-19 20:31:59 Perf: af-packet: enp0s3: rx ring: block_size=131072 block_nr=30 frame_size=9296 frame_nr=420
[13 - W#02-enp0s3] 2025-05-19 20:31:59 Config: af-packet: enp0s3: defrag enabled, setting snaplen to 9216
[13 - W#02-enp0s3] 2025-05-19 20:31:59 Perf: af-packet: enp0s3: rx ring: block_size=131072 block_nr=30 frame_size=9296 frame_nr=420
[14 - W#03-enp0s3] 2025-05-19 20:31:59 Config: af-packet: enp0s3: defrag enabled, setting snaplen to 9216
[14 - W#03-enp0s3] 2025-05-19 20:31:59 Perf: af-packet: enp0s3: rx ring: block_size=131072 block_nr=30 frame_size=9296 frame_nr=420
[15 - W#04-enp0s3] 2025-05-19 20:31:59 Config: af-packet: enp0s3: defrag enabled, setting snaplen to 9216
[15 - W#04-enp0s3] 2025-05-19 20:31:59 Perf: af-packet: enp0s3: rx ring: block_size=131072 block_nr=30 frame_size=9296 frame_nr=420
[16 - W#05-enp0s3] 2025-05-19 20:31:59 Config: af-packet: enp0s3: defrag enabled, setting snaplen to 9216
[16 - W#05-enp0s3] 2025-05-19 20:31:59 Perf: af-packet: enp0s3: rx ring: block_size=131072 block_nr=30 frame_size=9296 frame_nr=420
[1 - Suricata-Main] 2025-05-19 20:32:00 Notice: threads: Threads created -> W: 5 FM: 1 FR: 1   Engine started.
[1 - Suricata-Main] 2025-05-19 20:33:27 Notice: suricata: Signal Received.  Stopping engine.
[1 - Suricata-Main] 2025-05-19 20:33:28 Info: suricata: time elapsed 88.562s
[18 - FR#01] 2025-05-19 20:33:29 Perf: flow-manager: 240 flows processed
[12 - W#01-enp0s3] 2025-05-19 20:33:29 Perf: af-packet: enp0s3: (W#01-enp0s3) kernel: Packets 1905, dropped 0
[13 - W#02-enp0s3] 2025-05-19 20:33:29 Perf: af-packet: enp0s3: (W#02-enp0s3) kernel: Packets 461, dropped 0
[14 - W#03-enp0s3] 2025-05-19 20:33:29 Perf: af-packet: enp0s3: (W#03-enp0s3) kernel: Packets 368, dropped 0
[15 - W#04-enp0s3] 2025-05-19 20:33:29 Perf: af-packet: enp0s3: (W#04-enp0s3) kernel: Packets 816, dropped 0
[16 - W#05-enp0s3] 2025-05-19 20:33:29 Perf: af-packet: enp0s3: (W#05-enp0s3) kernel: Packets 486, dropped 0
[1 - Suricata-Main] 2025-05-19 20:33:29 Info: counters: Alerts: 0
[1 - Suricata-Main] 2025-05-19 20:33:29 Perf: ippair: ippair memory usage: 414144 bytes, maximum: 16777216
[1 - Suricata-Main] 2025-05-19 20:33:29 Perf: host: host memory usage: 398144 bytes, maximum: 33554432
[1 - Suricata-Main] 2025-05-19 20:33:29 Notice: device: enp0s3: packets: 4036, drops: 0 (0.00%), invalid chksum: 0
[1 - Suricata-Main] 2025-05-19 20:33:29 Perf: ioctl: enp0s3: restoring gro offloading
[1 - Suricata-Main] 2025-05-19 20:33:29 Perf: ioctl: enp0s3: restoring tso offloading
[1 - Suricata-Main] 2025-05-19 20:33:29 Perf: ioctl: enp0s3: restoring gso offloading
[1 - Suricata-Main] 2025-05-19 20:33:29 Perf: ioctl: enp0s3: restoring sg offloading
[1 - Suricata-Main] 2025-05-19 20:33:39 Notice: suricata: This is Suricata version 7.0.10 RELEASE running in SYSTEM mode
[1 - Suricata-Main] 2025-05-19 20:33:39 Info: cpu: CPUs/cores online: 5
[1 - Suricata-Main] 2025-05-19 20:33:39 Info: suricata: Setting engine mode to IDS mode by default
[1 - Suricata-Main] 2025-05-19 20:33:39 Info: exception-policy: master exception-policy set to: auto
[1 - Suricata-Main] 2025-05-19 20:33:39 Config: exception-policy: app-layer.error-policy: ignore (defined via 'exception-policy' master switch)
[1 - Suricata-Main] 2025-05-19 20:33:39 Config: app-layer-htp: 'default' server has 'request-body-minimal-inspect-size' set to 31706 and 'request-body-inspect-window' set to 4195 after randomization.
[1 - Suricata-Main] 2025-05-19 20:33:39 Config: app-layer-htp: 'default' server has 'response-body-minimal-inspect-size' set to 39684 and 'response-body-inspect-window' set to 16883 after randomization.
[1 - Suricata-Main] 2025-05-19 20:33:39 Config: smb: read: max record size: 16777216, max queued chunks 64, max queued size 67108864
[1 - Suricata-Main] 2025-05-19 20:33:39 Config: smb: write: max record size: 16777216, max queued chunks 64, max queued size 67108864
[1 - Suricata-Main] 2025-05-19 20:33:39 Config: app-layer-enip: Protocol detection and parser disabled for enip protocol.
[1 - Suricata-Main] 2025-05-19 20:33:39 Config: app-layer-dnp3: Protocol detection and parser disabled for DNP3.
[1 - Suricata-Main] 2025-05-19 20:33:39 Config: host: allocated 262144 bytes of memory for the host hash... 4096 buckets of size 64
[1 - Suricata-Main] 2025-05-19 20:33:39 Config: host: preallocated 1000 hosts of size 136
[1 - Suricata-Main] 2025-05-19 20:33:39 Config: host: host memory usage: 398144 bytes, maximum: 33554432
[1 - Suricata-Main] 2025-05-19 20:33:39 Config: coredump-config: Core dump size is unlimited.
[1 - Suricata-Main] 2025-05-19 20:33:39 Config: exception-policy: defrag.memcap-policy: ignore (defined via 'exception-policy' master switch)
[1 - Suricata-Main] 2025-05-19 20:33:39 Config: defrag-hash: allocated 3670016 bytes of memory for the defrag hash... 65536 buckets of size 56
[1 - Suricata-Main] 2025-05-19 20:33:39 Config: defrag-hash: preallocated 65535 defrag trackers of size 160
[1 - Suricata-Main] 2025-05-19 20:33:39 Config: defrag-hash: defrag memory usage: 14155616 bytes, maximum: 33554432
[1 - Suricata-Main] 2025-05-19 20:33:39 Config: exception-policy: flow.memcap-policy: ignore (defined via 'exception-policy' master switch)
[1 - Suricata-Main] 2025-05-19 20:33:39 Config: flow: flow size 304, memcap allows for 441505 flows. Per hash row in perfect conditions 6
[1 - Suricata-Main] 2025-05-19 20:33:39 Config: stream-tcp: stream "prealloc-sessions": 2048 (per thread)
[1 - Suricata-Main] 2025-05-19 20:33:39 Config: stream-tcp: stream "memcap": 67108864
[1 - Suricata-Main] 2025-05-19 20:33:39 Config: stream-tcp: stream "midstream" session pickups: disabled
[1 - Suricata-Main] 2025-05-19 20:33:39 Config: stream-tcp: stream "async-oneside": disabled
[1 - Suricata-Main] 2025-05-19 20:33:39 Config: stream-tcp: stream "checksum-validation": enabled
[1 - Suricata-Main] 2025-05-19 20:33:39 Config: exception-policy: stream.memcap-policy: ignore (defined via 'exception-policy' master switch)
[1 - Suricata-Main] 2025-05-19 20:33:39 Config: exception-policy: stream.reassembly.memcap-policy: ignore (defined via 'exception-policy' master switch)
[1 - Suricata-Main] 2025-05-19 20:33:39 Config: exception-policy: stream.midstream-policy: ignore (defined via 'exception-policy' master switch)
[1 - Suricata-Main] 2025-05-19 20:33:39 Config: stream-tcp: stream."inline": disabled
[1 - Suricata-Main] 2025-05-19 20:33:39 Config: stream-tcp: stream "bypass": disabled
[1 - Suricata-Main] 2025-05-19 20:33:39 Config: stream-tcp: stream.reassembly.urgent.policy": inline
[1 - Suricata-Main] 2025-05-19 20:33:39 Config: stream-tcp: stream "max-syn-queued": 10
[1 - Suricata-Main] 2025-05-19 20:33:39 Config: stream-tcp: stream "max-synack-queued": 5
[1 - Suricata-Main] 2025-05-19 20:33:39 Config: stream-tcp: stream.reassembly "memcap": 268435456
[1 - Suricata-Main] 2025-05-19 20:33:39 Config: stream-tcp: stream.reassembly "depth": 1048576
[1 - Suricata-Main] 2025-05-19 20:33:39 Config: stream-tcp: stream.reassembly "toserver-chunk-size": 2471
[1 - Suricata-Main] 2025-05-19 20:33:39 Config: stream-tcp: stream.reassembly "toclient-chunk-size": 2626
[1 - Suricata-Main] 2025-05-19 20:33:39 Config: stream-tcp: stream.reassembly.raw: enabled
[1 - Suricata-Main] 2025-05-19 20:33:39 Config: stream-tcp: stream.liberal-timestamps: disabled
[1 - Suricata-Main] 2025-05-19 20:33:39 Config: stream-tcp-reassemble: stream.reassembly "segment-prealloc": 2048
[1 - Suricata-Main] 2025-05-19 20:33:39 Config: stream-tcp-reassemble: stream.reassembly "max-regions": 8
[1 - Suricata-Main] 2025-05-19 20:33:39 Info: conf: Running in live mode, activating unix socket
[1 - Suricata-Main] 2025-05-19 20:33:39 Info: logopenfile: fast output device (regular) initialized: fast.log
[1 - Suricata-Main] 2025-05-19 20:33:39 Info: logopenfile: eve-log output device (regular) initialized: eve.json
[1 - Suricata-Main] 2025-05-19 20:33:39 Config: runmodes: enabling 'eve-log' module 'alert'
[1 - Suricata-Main] 2025-05-19 20:33:39 Config: runmodes: enabling 'eve-log' module 'frame'
[1 - Suricata-Main] 2025-05-19 20:33:39 Config: runmodes: enabling 'eve-log' module 'anomaly'
[1 - Suricata-Main] 2025-05-19 20:33:39 Config: runmodes: enabling 'eve-log' module 'http'
[1 - Suricata-Main] 2025-05-19 20:33:39 Config: runmodes: enabling 'eve-log' module 'dns'
[1 - Suricata-Main] 2025-05-19 20:33:39 Config: runmodes: enabling 'eve-log' module 'tls'
[1 - Suricata-Main] 2025-05-19 20:33:39 Config: runmodes: enabling 'eve-log' module 'files'
[1 - Suricata-Main] 2025-05-19 20:33:39 Config: runmodes: enabling 'eve-log' module 'smtp'
[1 - Suricata-Main] 2025-05-19 20:33:39 Config: runmodes: enabling 'eve-log' module 'ftp'
[1 - Suricata-Main] 2025-05-19 20:33:39 Config: runmodes: enabling 'eve-log' module 'rdp'
[1 - Suricata-Main] 2025-05-19 20:33:39 Config: runmodes: enabling 'eve-log' module 'nfs'
[1 - Suricata-Main] 2025-05-19 20:33:39 Config: runmodes: enabling 'eve-log' module 'smb'
[1 - Suricata-Main] 2025-05-19 20:33:39 Config: runmodes: enabling 'eve-log' module 'tftp'
[1 - Suricata-Main] 2025-05-19 20:33:39 Config: runmodes: enabling 'eve-log' module 'ike'
[1 - Suricata-Main] 2025-05-19 20:33:39 Config: runmodes: enabling 'eve-log' module 'dcerpc'
[1 - Suricata-Main] 2025-05-19 20:33:39 Config: runmodes: enabling 'eve-log' module 'krb5'
[1 - Suricata-Main] 2025-05-19 20:33:39 Config: runmodes: enabling 'eve-log' module 'bittorrent-dht'
[1 - Suricata-Main] 2025-05-19 20:33:39 Config: runmodes: enabling 'eve-log' module 'snmp'
[1 - Suricata-Main] 2025-05-19 20:33:39 Config: runmodes: enabling 'eve-log' module 'rfb'
[1 - Suricata-Main] 2025-05-19 20:33:39 Config: runmodes: enabling 'eve-log' module 'sip'
[1 - Suricata-Main] 2025-05-19 20:33:39 Config: runmodes: enabling 'eve-log' module 'quic'
[1 - Suricata-Main] 2025-05-19 20:33:39 Config: runmodes: enabling 'eve-log' module 'dhcp'
[1 - Suricata-Main] 2025-05-19 20:33:39 Config: runmodes: enabling 'eve-log' module 'ssh'
[1 - Suricata-Main] 2025-05-19 20:33:39 Config: runmodes: enabling 'eve-log' module 'mqtt'
[1 - Suricata-Main] 2025-05-19 20:33:39 Config: runmodes: enabling 'eve-log' module 'http2'
[1 - Suricata-Main] 2025-05-19 20:33:39 Config: runmodes: enabling 'eve-log' module 'pgsql'
[1 - Suricata-Main] 2025-05-19 20:33:39 Config: runmodes: enabling 'eve-log' module 'stats'
[1 - Suricata-Main] 2025-05-19 20:33:39 Config: runmodes: enabling 'eve-log' module 'flow'
[1 - Suricata-Main] 2025-05-19 20:33:39 Info: logopenfile: stats output device (regular) initialized: stats.log
[1 - Suricata-Main] 2025-05-19 20:33:39 Config: landlock: Landlock is not enabled in configuration
[1 - Suricata-Main] 2025-05-19 20:33:39 Config: suricata: Delayed detect disabled
[1 - Suricata-Main] 2025-05-19 20:33:39 Config: detect: pattern matchers: MPM: ac, SPM: bm
[1 - Suricata-Main] 2025-05-19 20:33:39 Config: detect: grouping: tcp-whitelist (default) 53, 80, 139, 443, 445, 1433, 3306, 3389, 6666, 6667, 8080
[1 - Suricata-Main] 2025-05-19 20:33:39 Config: detect: grouping: udp-whitelist (default) 53, 135, 5060
[1 - Suricata-Main] 2025-05-19 20:33:39 Config: detect: prefilter engines: MPM
[1 - Suricata-Main] 2025-05-19 20:33:39 Config: reputation: IP reputation disabled
[1 - Suricata-Main] 2025-05-19 20:33:39 Config: detect: Loading rule file: /var/lib/suricata/rules/suricata.rules
[1 - Suricata-Main] 2025-05-19 20:33:41 Info: detect-fast-pattern: fast_pattern is ineffective with base64_data
[1 - Suricata-Main] 2025-05-19 20:33:41 Info: detect-fast-pattern: fast_pattern is ineffective with base64_data
[1 - Suricata-Main] 2025-05-19 20:33:41 Info: detect: 1 rule files processed. 42614 rules successfully loaded, 0 rules failed, 0
[1 - Suricata-Main] 2025-05-19 20:33:41 Info: threshold-config: Threshold config parsed: 0 rule(s) found
[1 - Suricata-Main] 2025-05-19 20:33:41 Info: detect: 42617 signatures processed. 1270 are IP-only rules, 4333 are inspecting packet payload, 36797 inspect application layer, 109 are decoder event only
[1 - Suricata-Main] 2025-05-19 20:33:41 Config: detect: building signature grouping structure, stage 1: preprocessing rules... complete
[1 - Suricata-Main] 2025-05-19 20:33:41 Perf: detect: TCP toserver: 41 port groups, 40 unique SGH's, 1 copies
[1 - Suricata-Main] 2025-05-19 20:33:41 Perf: detect: TCP toclient: 21 port groups, 21 unique SGH's, 0 copies
[1 - Suricata-Main] 2025-05-19 20:33:41 Perf: detect: UDP toserver: 41 port groups, 40 unique SGH's, 1 copies
[1 - Suricata-Main] 2025-05-19 20:33:41 Perf: detect: UDP toclient: 21 port groups, 17 unique SGH's, 4 copies
[1 - Suricata-Main] 2025-05-19 20:33:41 Perf: detect: OTHER toserver: 254 proto groups, 4 unique SGH's, 250 copies
[1 - Suricata-Main] 2025-05-19 20:33:41 Perf: detect: OTHER toclient: 254 proto groups, 0 unique SGH's, 254 copies
[1 - Suricata-Main] 2025-05-19 20:33:41 Perf: detect: Unique rule groups: 122
[1 - Suricata-Main] 2025-05-19 20:33:41 Perf: detect: Builtin MPM "toserver TCP packet": 31
[1 - Suricata-Main] 2025-05-19 20:33:41 Perf: detect: Builtin MPM "toclient TCP packet": 20
[1 - Suricata-Main] 2025-05-19 20:33:41 Perf: detect: Builtin MPM "toserver TCP stream": 34
[1 - Suricata-Main] 2025-05-19 20:33:41 Perf: detect: Builtin MPM "toclient TCP stream": 19
[1 - Suricata-Main] 2025-05-19 20:33:41 Perf: detect: Builtin MPM "toserver UDP packet": 40
[1 - Suricata-Main] 2025-05-19 20:33:41 Perf: detect: Builtin MPM "toclient UDP packet": 17
[1 - Suricata-Main] 2025-05-19 20:33:41 Perf: detect: Builtin MPM "other IP packet": 3
[1 - Suricata-Main] 2025-05-19 20:33:41 Perf: detect: AppLayer MPM "toserver http_uri (http)": 16
[1 - Suricata-Main] 2025-05-19 20:33:41 Perf: detect: AppLayer MPM "toserver http_uri (http2)": 16
[1 - Suricata-Main] 2025-05-19 20:33:41 Perf: detect: AppLayer MPM "toserver http_raw_uri (http)": 2
[1 - Suricata-Main] 2025-05-19 20:33:41 Perf: detect: AppLayer MPM "toserver http_raw_uri (http)": 2
[1 - Suricata-Main] 2025-05-19 20:33:41 Perf: detect: AppLayer MPM "toserver http_raw_uri (http2)": 2
[1 - Suricata-Main] 2025-05-19 20:33:41 Perf: detect: AppLayer MPM "toserver http_raw_uri (http2)": 2
[1 - Suricata-Main] 2025-05-19 20:33:41 Perf: detect: AppLayer MPM "toserver http_request_line (http)": 8
[1 - Suricata-Main] 2025-05-19 20:33:41 Perf: detect: AppLayer MPM "toserver http_request_line (http2)": 8
[1 - Suricata-Main] 2025-05-19 20:33:41 Perf: detect: AppLayer MPM "toserver http_client_body (http)": 14
[1 - Suricata-Main] 2025-05-19 20:33:41 Perf: detect: AppLayer MPM "toserver http_client_body (http)": 2
[1 - Suricata-Main] 2025-05-19 20:33:41 Perf: detect: AppLayer MPM "toserver http_client_body (http2)": 14
[1 - Suricata-Main] 2025-05-19 20:33:41 Perf: detect: AppLayer MPM "toserver http_client_body (http2)": 2
[1 - Suricata-Main] 2025-05-19 20:33:41 Perf: detect: AppLayer MPM "toclient http_response_line (http)": 2
[1 - Suricata-Main] 2025-05-19 20:33:41 Perf: detect: AppLayer MPM "toclient http_response_line (http2)": 2
[1 - Suricata-Main] 2025-05-19 20:33:41 Perf: detect: AppLayer MPM "toserver http_header (http)": 10
[1 - Suricata-Main] 2025-05-19 20:33:41 Perf: detect: AppLayer MPM "toserver http_header (http)": 1
[1 - Suricata-Main] 2025-05-19 20:33:41 Perf: detect: AppLayer MPM "toserver http_header (http)": 4
[1 - Suricata-Main] 2025-05-19 20:33:41 Perf: detect: AppLayer MPM "toserver http_header (http)": 4
[1 - Suricata-Main] 2025-05-19 20:33:41 Perf: detect: AppLayer MPM "toserver http_header (http)": 10
[1 - Suricata-Main] 2025-05-19 20:33:41 Perf: detect: AppLayer MPM "toclient http_header (http)": 10
[1 - Suricata-Main] 2025-05-19 20:33:41 Perf: detect: AppLayer MPM "toclient http_header (http)": 1
[1 - Suricata-Main] 2025-05-19 20:33:41 Perf: detect: AppLayer MPM "toclient http_header (http)": 4
[1 - Suricata-Main] 2025-05-19 20:33:41 Perf: detect: AppLayer MPM "toclient http_header (http)": 4
[1 - Suricata-Main] 2025-05-19 20:33:41 Perf: detect: AppLayer MPM "toclient http_header (http)": 10
[1 - Suricata-Main] 2025-05-19 20:33:41 Perf: detect: AppLayer MPM "toserver http_header (http2)": 10
[1 - Suricata-Main] 2025-05-19 20:33:41 Perf: detect: AppLayer MPM "toserver http_header (http2)": 1
[1 - Suricata-Main] 2025-05-19 20:33:41 Perf: detect: AppLayer MPM "toserver http_header (http2)": 4
[1 - Suricata-Main] 2025-05-19 20:33:41 Perf: detect: AppLayer MPM "toserver http_header (http2)": 4
[1 - Suricata-Main] 2025-05-19 20:33:41 Perf: detect: AppLayer MPM "toserver http_header (http2)": 10
[1 - Suricata-Main] 2025-05-19 20:33:41 Perf: detect: AppLayer MPM "toclient http_header (http2)": 10
[1 - Suricata-Main] 2025-05-19 20:33:41 Perf: detect: AppLayer MPM "toclient http_header (http2)": 1
[1 - Suricata-Main] 2025-05-19 20:33:41 Perf: detect: AppLayer MPM "toclient http_header (http2)": 4
[1 - Suricata-Main] 2025-05-19 20:33:41 Perf: detect: AppLayer MPM "toclient http_header (http2)": 4
[1 - Suricata-Main] 2025-05-19 20:33:41 Perf: detect: AppLayer MPM "toclient http_header (http2)": 10
[1 - Suricata-Main] 2025-05-19 20:33:41 Perf: detect: AppLayer MPM "toserver http_request_header (http2)": 2
[1 - Suricata-Main] 2025-05-19 20:33:41 Perf: detect: AppLayer MPM "toserver http_request_header (http2)": 4
[1 - Suricata-Main] 2025-05-19 20:33:41 Perf: detect: AppLayer MPM "toserver http_request_header (http)": 2
[1 - Suricata-Main] 2025-05-19 20:33:41 Perf: detect: AppLayer MPM "toserver http_request_header (http)": 4
[1 - Suricata-Main] 2025-05-19 20:33:41 Perf: detect: AppLayer MPM "toclient http_response_header (http2)": 2
[1 - Suricata-Main] 2025-05-19 20:33:41 Perf: detect: AppLayer MPM "toclient http_response_header (http2)": 2
[1 - Suricata-Main] 2025-05-19 20:33:41 Perf: detect: AppLayer MPM "toclient http_response_header (http2)": 2
[1 - Suricata-Main] 2025-05-19 20:33:41 Perf: detect: AppLayer MPM "toclient http_response_header (http2)": 2
[1 - Suricata-Main] 2025-05-19 20:33:41 Perf: detect: AppLayer MPM "toclient http_response_header (http)": 2
[1 - Suricata-Main] 2025-05-19 20:33:41 Perf: detect: AppLayer MPM "toclient http_response_header (http)": 2
[1 - Suricata-Main] 2025-05-19 20:33:41 Perf: detect: AppLayer MPM "toclient http_response_header (http)": 2
[1 - Suricata-Main] 2025-05-19 20:33:41 Perf: detect: AppLayer MPM "toclient http_response_header (http)": 2
[1 - Suricata-Main] 2025-05-19 20:33:41 Perf: detect: AppLayer MPM "toserver http_header_names (http)": 11
[1 - Suricata-Main] 2025-05-19 20:33:41 Perf: detect: AppLayer MPM "toserver http_header_names (http)": 1
[1 - Suricata-Main] 2025-05-19 20:33:41 Perf: detect: AppLayer MPM "toserver http_header_names (http)": 2
[1 - Suricata-Main] 2025-05-19 20:33:41 Perf: detect: AppLayer MPM "toserver http_header_names (http)": 4
[1 - Suricata-Main] 2025-05-19 20:33:41 Perf: detect: AppLayer MPM "toserver http_header_names (http)": 8
[1 - Suricata-Main] 2025-05-19 20:33:41 Perf: detect: AppLayer MPM "toclient http_header_names (http)": 11
[1 - Suricata-Main] 2025-05-19 20:33:41 Perf: detect: AppLayer MPM "toclient http_header_names (http)": 1
[1 - Suricata-Main] 2025-05-19 20:33:41 Perf: detect: AppLayer MPM "toclient http_header_names (http)": 2
[1 - Suricata-Main] 2025-05-19 20:33:41 Perf: detect: AppLayer MPM "toclient http_header_names (http)": 4
[1 - Suricata-Main] 2025-05-19 20:33:41 Perf: detect: AppLayer MPM "toclient http_header_names (http)": 8
[1 - Suricata-Main] 2025-05-19 20:33:41 Perf: detect: AppLayer MPM "toserver http_header_names (http2)": 11
[1 - Suricata-Main] 2025-05-19 20:33:41 Perf: detect: AppLayer MPM "toserver http_header_names (http2)": 1
[1 - Suricata-Main] 2025-05-19 20:33:41 Perf: detect: AppLayer MPM "toserver http_header_names (http2)": 2
[1 - Suricata-Main] 2025-05-19 20:33:41 Perf: detect: AppLayer MPM "toserver http_header_names (http2)": 4
[1 - Suricata-Main] 2025-05-19 20:33:41 Perf: detect: AppLayer MPM "toserver http_header_names (http2)": 8
[1 - Suricata-Main] 2025-05-19 20:33:41 Perf: detect: AppLayer MPM "toclient http_header_names (http2)": 11
[1 - Suricata-Main] 2025-05-19 20:33:41 Perf: detect: AppLayer MPM "toclient http_header_names (http2)": 1
[1 - Suricata-Main] 2025-05-19 20:33:41 Perf: detect: AppLayer MPM "toclient http_header_names (http2)": 2
[1 - Suricata-Main] 2025-05-19 20:33:41 Perf: detect: AppLayer MPM "toclient http_header_names (http2)": 4
[1 - Suricata-Main] 2025-05-19 20:33:41 Perf: detect: AppLayer MPM "toclient http_header_names (http2)": 8
[1 - Suricata-Main] 2025-05-19 20:33:41 Perf: detect: AppLayer MPM "toserver http_accept (http)": 8
[1 - Suricata-Main] 2025-05-19 20:33:41 Perf: detect: AppLayer MPM "toserver http_accept (http2)": 8
[1 - Suricata-Main] 2025-05-19 20:33:41 Perf: detect: AppLayer MPM "toserver http_accept_enc (http)": 2
[1 - Suricata-Main] 2025-05-19 20:33:41 Perf: detect: AppLayer MPM "toserver http_accept_enc (http2)": 2
[1 - Suricata-Main] 2025-05-19 20:33:41 Perf: detect: AppLayer MPM "toserver http_accept_lang (http)": 2
[1 - Suricata-Main] 2025-05-19 20:33:41 Perf: detect: AppLayer MPM "toserver http_accept_lang (http2)": 2
[1 - Suricata-Main] 2025-05-19 20:33:41 Perf: detect: AppLayer MPM "toserver http_referer (http)": 2
[1 - Suricata-Main] 2025-05-19 20:33:41 Perf: detect: AppLayer MPM "toserver http_referer (http2)": 2
[1 - Suricata-Main] 2025-05-19 20:33:41 Perf: detect: AppLayer MPM "toserver http_connection (http)": 2
[1 - Suricata-Main] 2025-05-19 20:33:41 Perf: detect: AppLayer MPM "toserver http_connection (http2)": 2
[1 - Suricata-Main] 2025-05-19 20:33:41 Perf: detect: AppLayer MPM "toclient http_connection (http)": 2
[1 - Suricata-Main] 2025-05-19 20:33:41 Perf: detect: AppLayer MPM "toclient http_connection (http2)": 2
[1 - Suricata-Main] 2025-05-19 20:33:41 Perf: detect: AppLayer MPM "toserver http_content_len (http)": 4
[1 - Suricata-Main] 2025-05-19 20:33:41 Perf: detect: AppLayer MPM "toserver http_content_len (http2)": 4
[1 - Suricata-Main] 2025-05-19 20:33:41 Perf: detect: AppLayer MPM "toclient http_content_len (http)": 4
[1 - Suricata-Main] 2025-05-19 20:33:41 Perf: detect: AppLayer MPM "toclient http_content_len (http2)": 4
[1 - Suricata-Main] 2025-05-19 20:33:41 Perf: detect: AppLayer MPM "toserver http_content_type (http)": 4
[1 - Suricata-Main] 2025-05-19 20:33:41 Perf: detect: AppLayer MPM "toserver http_content_type (http2)": 4
[1 - Suricata-Main] 2025-05-19 20:33:41 Perf: detect: AppLayer MPM "toclient http_content_type (http)": 4
[1 - Suricata-Main] 2025-05-19 20:33:41 Perf: detect: AppLayer MPM "toclient http_content_type (http2)": 4
[1 - Suricata-Main] 2025-05-19 20:33:41 Perf: detect: AppLayer MPM "toclient http.server (http)": 4
[1 - Suricata-Main] 2025-05-19 20:33:41 Perf: detect: AppLayer MPM "toclient http.server (http2)": 4
[1 - Suricata-Main] 2025-05-19 20:33:41 Perf: detect: AppLayer MPM "toclient http.location (http)": 2
[1 - Suricata-Main] 2025-05-19 20:33:41 Perf: detect: AppLayer MPM "toclient http.location (http2)": 2
[1 - Suricata-Main] 2025-05-19 20:33:41 Perf: detect: AppLayer MPM "toserver http_start (http)": 6
[1 - Suricata-Main] 2025-05-19 20:33:41 Perf: detect: AppLayer MPM "toclient http_start (http)": 6
[1 - Suricata-Main] 2025-05-19 20:33:41 Perf: detect: AppLayer MPM "toserver http_raw_header (http)": 4
[1 - Suricata-Main] 2025-05-19 20:33:41 Perf: detect: AppLayer MPM "toserver http_raw_header (http)": 2
[1 - Suricata-Main] 2025-05-19 20:33:41 Perf: detect: AppLayer MPM "toserver http_raw_header (http)": 4
[1 - Suricata-Main] 2025-05-19 20:33:41 Perf: detect: AppLayer MPM "toclient http_raw_header (http)": 4
[1 - Suricata-Main] 2025-05-19 20:33:41 Perf: detect: AppLayer MPM "toclient http_raw_header (http)": 2
[1 - Suricata-Main] 2025-05-19 20:33:41 Perf: detect: AppLayer MPM "toclient http_raw_header (http)": 4
[1 - Suricata-Main] 2025-05-19 20:33:41 Perf: detect: AppLayer MPM "toserver http_raw_header (http2)": 4
[1 - Suricata-Main] 2025-05-19 20:33:41 Perf: detect: AppLayer MPM "toserver http_raw_header (http2)": 2
[1 - Suricata-Main] 2025-05-19 20:33:41 Perf: detect: AppLayer MPM "toserver http_raw_header (http2)": 4
[1 - Suricata-Main] 2025-05-19 20:33:41 Perf: detect: AppLayer MPM "toclient http_raw_header (http2)": 4
[1 - Suricata-Main] 2025-05-19 20:33:41 Perf: detect: AppLayer MPM "toclient http_raw_header (http2)": 2
[1 - Suricata-Main] 2025-05-19 20:33:41 Perf: detect: AppLayer MPM "toclient http_raw_header (http2)": 4
[1 - Suricata-Main] 2025-05-19 20:33:41 Perf: detect: AppLayer MPM "toserver http_method (http)": 4
[1 - Suricata-Main] 2025-05-19 20:33:41 Perf: detect: AppLayer MPM "toserver http_method (http2)": 4
[1 - Suricata-Main] 2025-05-19 20:33:41 Perf: detect: AppLayer MPM "toserver http_cookie (http)": 8
[1 - Suricata-Main] 2025-05-19 20:33:41 Perf: detect: AppLayer MPM "toclient http_cookie (http)": 8
[1 - Suricata-Main] 2025-05-19 20:33:41 Perf: detect: AppLayer MPM "toserver http_cookie (http2)": 8
[1 - Suricata-Main] 2025-05-19 20:33:41 Perf: detect: AppLayer MPM "toclient http_cookie (http2)": 8
[1 - Suricata-Main] 2025-05-19 20:33:41 Perf: detect: AppLayer MPM "toserver http_user_agent (http)": 15
[1 - Suricata-Main] 2025-05-19 20:33:41 Perf: detect: AppLayer MPM "toserver http_user_agent (http2)": 15
[1 - Suricata-Main] 2025-05-19 20:33:41 Perf: detect: AppLayer MPM "toserver http_host (http)": 2
[1 - Suricata-Main] 2025-05-19 20:33:41 Perf: detect: AppLayer MPM "toserver http_host (http)": 4
[1 - Suricata-Main] 2025-05-19 20:33:41 Perf: detect: AppLayer MPM "toserver http_host (http2)": 2
[1 - Suricata-Main] 2025-05-19 20:33:41 Perf: detect: AppLayer MPM "toserver http_host (http2)": 4
[1 - Suricata-Main] 2025-05-19 20:33:41 Perf: detect: AppLayer MPM "toserver http_raw_host (http)": 2
[1 - Suricata-Main] 2025-05-19 20:33:41 Perf: detect: AppLayer MPM "toserver http_raw_host (http2)": 2
[1 - Suricata-Main] 2025-05-19 20:33:41 Perf: detect: AppLayer MPM "toclient http_stat_code (http)": 4
[1 - Suricata-Main] 2025-05-19 20:33:41 Perf: detect: AppLayer MPM "toclient http_stat_code (http2)": 4
[1 - Suricata-Main] 2025-05-19 20:33:41 Perf: detect: AppLayer MPM "toserver dns_query (dns)": 2
[1 - Suricata-Main] 2025-05-19 20:33:41 Perf: detect: AppLayer MPM "toserver dns_query (dns)": 1
[1 - Suricata-Main] 2025-05-19 20:33:41 Perf: detect: AppLayer MPM "toserver tls.sni (tls)": 3
[1 - Suricata-Main] 2025-05-19 20:33:41 Perf: detect: AppLayer MPM "toserver tls.sni (tls)": 1
[1 - Suricata-Main] 2025-05-19 20:33:41 Perf: detect: AppLayer MPM "toserver tls.cert_issuer (tls)": 6
[1 - Suricata-Main] 2025-05-19 20:33:41 Perf: detect: AppLayer MPM "toclient tls.cert_issuer (tls)": 6
[1 - Suricata-Main] 2025-05-19 20:33:41 Perf: detect: AppLayer MPM "toserver tls.cert_subject (tls)": 4
[1 - Suricata-Main] 2025-05-19 20:33:41 Perf: detect: AppLayer MPM "toclient tls.cert_subject (tls)": 4
[1 - Suricata-Main] 2025-05-19 20:33:41 Perf: detect: AppLayer MPM "toclient tls.cert_serial (tls)": 2
[1 - Suricata-Main] 2025-05-19 20:33:41 Perf: detect: AppLayer MPM "toserver tls.cert_serial (tls)": 2
[1 - Suricata-Main] 2025-05-19 20:33:41 Perf: detect: AppLayer MPM "toclient tls.cert_fingerprint (tls)": 1
[1 - Suricata-Main] 2025-05-19 20:33:41 Perf: detect: AppLayer MPM "toserver tls.cert_fingerprint (tls)": 1
[1 - Suricata-Main] 2025-05-19 20:33:41 Perf: detect: AppLayer MPM "toclient tls.certs (tls)": 2
[1 - Suricata-Main] 2025-05-19 20:33:41 Perf: detect: AppLayer MPM "toserver tls.certs (tls)": 2
[1 - Suricata-Main] 2025-05-19 20:33:41 Perf: detect: AppLayer MPM "toserver ja3.hash (tls)": 2
[1 - Suricata-Main] 2025-05-19 20:33:41 Perf: detect: AppLayer MPM "toserver ja3.hash (quic)": 2
[1 - Suricata-Main] 2025-05-19 20:33:41 Perf: detect: AppLayer MPM "toclient ja3s.hash (tls)": 1
[1 - Suricata-Main] 2025-05-19 20:33:41 Perf: detect: AppLayer MPM "toclient ja3s.hash (quic)": 1
[1 - Suricata-Main] 2025-05-19 20:33:41 Perf: detect: AppLayer MPM "toserver ssh.proto (ssh)": 1
[1 - Suricata-Main] 2025-05-19 20:33:41 Perf: detect: AppLayer MPM "toclient ssh.proto (ssh)": 1
[1 - Suricata-Main] 2025-05-19 20:33:41 Perf: detect: AppLayer MPM "toclient file_data (nfs)": 17
[1 - Suricata-Main] 2025-05-19 20:33:41 Perf: detect: AppLayer MPM "toclient file_data (nfs)": 2
[1 - Suricata-Main] 2025-05-19 20:33:41 Perf: detect: AppLayer MPM "toserver file_data (nfs)": 17
[1 - Suricata-Main] 2025-05-19 20:33:41 Perf: detect: AppLayer MPM "toserver file_data (nfs)": 2
[1 - Suricata-Main] 2025-05-19 20:33:41 Perf: detect: AppLayer MPM "toclient file_data (smb)": 17
[1 - Suricata-Main] 2025-05-19 20:33:41 Perf: detect: AppLayer MPM "toclient file_data (smb)": 2
[1 - Suricata-Main] 2025-05-19 20:33:41 Perf: detect: AppLayer MPM "toserver file_data (smb)": 17
[1 - Suricata-Main] 2025-05-19 20:33:41 Perf: detect: AppLayer MPM "toserver file_data (smb)": 2
[1 - Suricata-Main] 2025-05-19 20:33:41 Perf: detect: AppLayer MPM "toclient file_data (ftp)": 17
[1 - Suricata-Main] 2025-05-19 20:33:41 Perf: detect: AppLayer MPM "toclient file_data (ftp)": 2
[1 - Suricata-Main] 2025-05-19 20:33:41 Perf: detect: AppLayer MPM "toserver file_data (ftp)": 17
[1 - Suricata-Main] 2025-05-19 20:33:41 Perf: detect: AppLayer MPM "toserver file_data (ftp)": 2
[1 - Suricata-Main] 2025-05-19 20:33:41 Perf: detect: AppLayer MPM "toclient file_data (ftp-data)": 17
[1 - Suricata-Main] 2025-05-19 20:33:41 Perf: detect: AppLayer MPM "toclient file_data (ftp-data)": 2
[1 - Suricata-Main] 2025-05-19 20:33:41 Perf: detect: AppLayer MPM "toserver file_data (ftp-data)": 17
[1 - Suricata-Main] 2025-05-19 20:33:41 Perf: detect: AppLayer MPM "toserver file_data (ftp-data)": 2
[1 - Suricata-Main] 2025-05-19 20:33:41 Perf: detect: AppLayer MPM "toclient file_data (http)": 17
[1 - Suricata-Main] 2025-05-19 20:33:41 Perf: detect: AppLayer MPM "toclient file_data (http)": 2
[1 - Suricata-Main] 2025-05-19 20:33:41 Perf: detect: AppLayer MPM "toserver file_data (http)": 17
[1 - Suricata-Main] 2025-05-19 20:33:41 Perf: detect: AppLayer MPM "toserver file_data (http)": 2
[1 - Suricata-Main] 2025-05-19 20:33:41 Perf: detect: AppLayer MPM "toclient file_data (http2)": 17
[1 - Suricata-Main] 2025-05-19 20:33:41 Perf: detect: AppLayer MPM "toclient file_data (http2)": 2
[1 - Suricata-Main] 2025-05-19 20:33:41 Perf: detect: AppLayer MPM "toserver file_data (http2)": 17
[1 - Suricata-Main] 2025-05-19 20:33:41 Perf: detect: AppLayer MPM "toserver file_data (http2)": 2
[1 - Suricata-Main] 2025-05-19 20:33:41 Perf: detect: AppLayer MPM "toserver file_data (smtp)": 17
[1 - Suricata-Main] 2025-05-19 20:33:41 Perf: detect: AppLayer MPM "toserver file_data (smtp)": 2
[1 - Suricata-Main] 2025-05-19 20:33:41 Perf: detect: Pkt MPM "icmpv6.hdr": 1
[1 - Suricata-Main] 2025-05-19 20:33:41 Perf: detect: Pkt MPM "ipv6.hdr": 1
[1 - Suricata-Main] 2025-05-19 20:33:44 Config: af-packet: enp0s3: using flow cluster mode for AF_PACKET
[1 - Suricata-Main] 2025-05-19 20:33:44 Perf: af-packet: enp0s3: cluster_flow: 5 cores, using 5 threads
[1 - Suricata-Main] 2025-05-19 20:33:44 Perf: ioctl: enp0s3: disabling gro offloading
[1 - Suricata-Main] 2025-05-19 20:33:44 Perf: ioctl: enp0s3: disabling tso offloading
[1 - Suricata-Main] 2025-05-19 20:33:44 Perf: ioctl: enp0s3: disabling gso offloading
[1 - Suricata-Main] 2025-05-19 20:33:44 Perf: ioctl: enp0s3: disabling sg offloading
[1 - Suricata-Main] 2025-05-19 20:33:44 Warning: af-packet: enp0s3: AF_PACKET tpacket-v3 is recommended for non-inline operation
[1 - Suricata-Main] 2025-05-19 20:33:44 Info: runmodes: enp0s3: creating 5 threads
[1 - Suricata-Main] 2025-05-19 20:33:44 Config: flow-manager: using 1 flow manager threads
[1 - Suricata-Main] 2025-05-19 20:33:44 Config: flow-manager: using 1 flow recycler threads
[1 - Suricata-Main] 2025-05-19 20:33:44 Info: unix-manager: unix socket '/var/run/suricata/suricata-command.socket'
[11 - W#01-enp0s3] 2025-05-19 20:33:44 Config: af-packet: enp0s3: defrag enabled, setting snaplen to 9216
[11 - W#01-enp0s3] 2025-05-19 20:33:44 Perf: af-packet: enp0s3: rx ring: block_size=131072 block_nr=30 frame_size=9296 frame_nr=420
[12 - W#02-enp0s3] 2025-05-19 20:33:44 Config: af-packet: enp0s3: defrag enabled, setting snaplen to 9216
[12 - W#02-enp0s3] 2025-05-19 20:33:44 Perf: af-packet: enp0s3: rx ring: block_size=131072 block_nr=30 frame_size=9296 frame_nr=420
[13 - W#03-enp0s3] 2025-05-19 20:33:44 Config: af-packet: enp0s3: defrag enabled, setting snaplen to 9216
[13 - W#03-enp0s3] 2025-05-19 20:33:44 Perf: af-packet: enp0s3: rx ring: block_size=131072 block_nr=30 frame_size=9296 frame_nr=420
[14 - W#04-enp0s3] 2025-05-19 20:33:44 Config: af-packet: enp0s3: defrag enabled, setting snaplen to 9216
[14 - W#04-enp0s3] 2025-05-19 20:33:44 Perf: af-packet: enp0s3: rx ring: block_size=131072 block_nr=30 frame_size=9296 frame_nr=420
[15 - W#05-enp0s3] 2025-05-19 20:33:44 Config: af-packet: enp0s3: defrag enabled, setting snaplen to 9216
[15 - W#05-enp0s3] 2025-05-19 20:33:44 Perf: af-packet: enp0s3: rx ring: block_size=131072 block_nr=30 frame_size=9296 frame_nr=420
[1 - Suricata-Main] 2025-05-19 20:33:44 Notice: threads: Threads created -> W: 5 FM: 1 FR: 1   Engine started.
[1 - Suricata-Main] 2025-05-19 20:36:30 Notice: suricata: Signal Received.  Stopping engine.
[1 - Suricata-Main] 2025-05-19 20:36:31 Info: suricata: time elapsed 166.792s
[17 - FR#01] 2025-05-19 20:36:32 Perf: flow-manager: 332 flows processed
[11 - W#01-enp0s3] 2025-05-19 20:36:32 Perf: af-packet: enp0s3: (W#01-enp0s3) kernel: Packets 1718, dropped 0
[12 - W#02-enp0s3] 2025-05-19 20:36:32 Perf: af-packet: enp0s3: (W#02-enp0s3) kernel: Packets 826, dropped 0
[13 - W#03-enp0s3] 2025-05-19 20:36:32 Perf: af-packet: enp0s3: (W#03-enp0s3) kernel: Packets 774, dropped 0
[14 - W#04-enp0s3] 2025-05-19 20:36:32 Perf: af-packet: enp0s3: (W#04-enp0s3) kernel: Packets 1033, dropped 0
[15 - W#05-enp0s3] 2025-05-19 20:36:32 Perf: af-packet: enp0s3: (W#05-enp0s3) kernel: Packets 981, dropped 0
[1 - Suricata-Main] 2025-05-19 20:36:32 Info: counters: Alerts: 0
[1 - Suricata-Main] 2025-05-19 20:36:32 Perf: ippair: ippair memory usage: 414144 bytes, maximum: 16777216
[1 - Suricata-Main] 2025-05-19 20:36:32 Perf: host: host memory usage: 398144 bytes, maximum: 33554432
[1 - Suricata-Main] 2025-05-19 20:36:33 Notice: device: enp0s3: packets: 5332, drops: 0 (0.00%), invalid chksum: 0
[1 - Suricata-Main] 2025-05-19 20:36:33 Perf: ioctl: enp0s3: restoring gro offloading
[1 - Suricata-Main] 2025-05-19 20:36:33 Perf: ioctl: enp0s3: restoring tso offloading
[1 - Suricata-Main] 2025-05-19 20:36:33 Perf: ioctl: enp0s3: restoring gso offloading
[1 - Suricata-Main] 2025-05-19 20:36:33 Perf: ioctl: enp0s3: restoring sg offloading
[1 - Suricata-Main] 2025-05-19 20:37:20 Notice: suricata: This is Suricata version 7.0.10 RELEASE running in SYSTEM mode
[1 - Suricata-Main] 2025-05-19 20:37:20 Info: cpu: CPUs/cores online: 5
[1 - Suricata-Main] 2025-05-19 20:37:20 Info: suricata: Setting engine mode to IDS mode by default
[1 - Suricata-Main] 2025-05-19 20:37:20 Info: exception-policy: master exception-policy set to: auto
[1 - Suricata-Main] 2025-05-19 20:37:20 Config: exception-policy: app-layer.error-policy: ignore (defined via 'exception-policy' master switch)
[1 - Suricata-Main] 2025-05-19 20:37:20 Config: app-layer-htp: 'default' server has 'request-body-minimal-inspect-size' set to 32096 and 'request-body-inspect-window' set to 4064 after randomization.
[1 - Suricata-Main] 2025-05-19 20:37:20 Config: app-layer-htp: 'default' server has 'response-body-minimal-inspect-size' set to 40068 and 'response-body-inspect-window' set to 16690 after randomization.
[1 - Suricata-Main] 2025-05-19 20:37:20 Config: smb: read: max record size: 16777216, max queued chunks 64, max queued size 67108864
[1 - Suricata-Main] 2025-05-19 20:37:20 Config: smb: write: max record size: 16777216, max queued chunks 64, max queued size 67108864
[1 - Suricata-Main] 2025-05-19 20:37:20 Config: app-layer-enip: Protocol detection and parser disabled for enip protocol.
[1 - Suricata-Main] 2025-05-19 20:37:20 Config: app-layer-dnp3: Protocol detection and parser disabled for DNP3.
[1 - Suricata-Main] 2025-05-19 20:37:20 Config: host: allocated 262144 bytes of memory for the host hash... 4096 buckets of size 64
[1 - Suricata-Main] 2025-05-19 20:37:20 Config: host: preallocated 1000 hosts of size 136
[1 - Suricata-Main] 2025-05-19 20:37:20 Config: host: host memory usage: 398144 bytes, maximum: 33554432
[1 - Suricata-Main] 2025-05-19 20:37:20 Config: coredump-config: Core dump size is unlimited.
[1 - Suricata-Main] 2025-05-19 20:37:20 Config: exception-policy: defrag.memcap-policy: ignore (defined via 'exception-policy' master switch)
[1 - Suricata-Main] 2025-05-19 20:37:20 Config: defrag-hash: allocated 3670016 bytes of memory for the defrag hash... 65536 buckets of size 56
[1 - Suricata-Main] 2025-05-19 20:37:20 Config: defrag-hash: preallocated 65535 defrag trackers of size 160
[1 - Suricata-Main] 2025-05-19 20:37:20 Config: defrag-hash: defrag memory usage: 14155616 bytes, maximum: 33554432
[1 - Suricata-Main] 2025-05-19 20:37:20 Config: exception-policy: flow.memcap-policy: ignore (defined via 'exception-policy' master switch)
[1 - Suricata-Main] 2025-05-19 20:37:20 Config: flow: flow size 304, memcap allows for 441505 flows. Per hash row in perfect conditions 6
[1 - Suricata-Main] 2025-05-19 20:37:20 Config: stream-tcp: stream "prealloc-sessions": 2048 (per thread)
[1 - Suricata-Main] 2025-05-19 20:37:20 Config: stream-tcp: stream "memcap": 67108864
[1 - Suricata-Main] 2025-05-19 20:37:20 Config: stream-tcp: stream "midstream" session pickups: disabled
[1 - Suricata-Main] 2025-05-19 20:37:20 Config: stream-tcp: stream "async-oneside": disabled
[1 - Suricata-Main] 2025-05-19 20:37:20 Config: stream-tcp: stream "checksum-validation": enabled
[1 - Suricata-Main] 2025-05-19 20:37:20 Config: exception-policy: stream.memcap-policy: ignore (defined via 'exception-policy' master switch)
[1 - Suricata-Main] 2025-05-19 20:37:20 Config: exception-policy: stream.reassembly.memcap-policy: ignore (defined via 'exception-policy' master switch)
[1 - Suricata-Main] 2025-05-19 20:37:20 Config: exception-policy: stream.midstream-policy: ignore (defined via 'exception-policy' master switch)
[1 - Suricata-Main] 2025-05-19 20:37:20 Config: stream-tcp: stream."inline": disabled
[1 - Suricata-Main] 2025-05-19 20:37:20 Config: stream-tcp: stream "bypass": disabled
[1 - Suricata-Main] 2025-05-19 20:37:20 Config: stream-tcp: stream.reassembly.urgent.policy": inline
[1 - Suricata-Main] 2025-05-19 20:37:20 Config: stream-tcp: stream "max-syn-queued": 10
[1 - Suricata-Main] 2025-05-19 20:37:20 Config: stream-tcp: stream "max-synack-queued": 5
[1 - Suricata-Main] 2025-05-19 20:37:20 Config: stream-tcp: stream.reassembly "memcap": 268435456
[1 - Suricata-Main] 2025-05-19 20:37:20 Config: stream-tcp: stream.reassembly "depth": 1048576
[1 - Suricata-Main] 2025-05-19 20:37:20 Config: stream-tcp: stream.reassembly "toserver-chunk-size": 2553
[1 - Suricata-Main] 2025-05-19 20:37:20 Config: stream-tcp: stream.reassembly "toclient-chunk-size": 2555
[1 - Suricata-Main] 2025-05-19 20:37:20 Config: stream-tcp: stream.reassembly.raw: enabled
[1 - Suricata-Main] 2025-05-19 20:37:20 Config: stream-tcp: stream.liberal-timestamps: disabled
[1 - Suricata-Main] 2025-05-19 20:37:20 Config: stream-tcp-reassemble: stream.reassembly "segment-prealloc": 2048
[1 - Suricata-Main] 2025-05-19 20:37:20 Config: stream-tcp-reassemble: stream.reassembly "max-regions": 8
[1 - Suricata-Main] 2025-05-19 20:37:20 Info: conf: Running in live mode, activating unix socket
[1 - Suricata-Main] 2025-05-19 20:37:20 Info: logopenfile: fast output device (regular) initialized: fast.log
[1 - Suricata-Main] 2025-05-19 20:37:20 Info: logopenfile: eve-log output device (regular) initialized: eve.json
[1 - Suricata-Main] 2025-05-19 20:37:20 Config: runmodes: enabling 'eve-log' module 'alert'
[1 - Suricata-Main] 2025-05-19 20:37:20 Config: runmodes: enabling 'eve-log' module 'frame'
[1 - Suricata-Main] 2025-05-19 20:37:20 Config: runmodes: enabling 'eve-log' module 'anomaly'
[1 - Suricata-Main] 2025-05-19 20:37:20 Config: runmodes: enabling 'eve-log' module 'http'
[1 - Suricata-Main] 2025-05-19 20:37:20 Config: runmodes: enabling 'eve-log' module 'dns'
[1 - Suricata-Main] 2025-05-19 20:37:20 Config: runmodes: enabling 'eve-log' module 'tls'
[1 - Suricata-Main] 2025-05-19 20:37:20 Config: runmodes: enabling 'eve-log' module 'files'
[1 - Suricata-Main] 2025-05-19 20:37:20 Config: runmodes: enabling 'eve-log' module 'smtp'
[1 - Suricata-Main] 2025-05-19 20:37:20 Config: runmodes: enabling 'eve-log' module 'ftp'
[1 - Suricata-Main] 2025-05-19 20:37:20 Config: runmodes: enabling 'eve-log' module 'rdp'
[1 - Suricata-Main] 2025-05-19 20:37:20 Config: runmodes: enabling 'eve-log' module 'nfs'
[1 - Suricata-Main] 2025-05-19 20:37:20 Config: runmodes: enabling 'eve-log' module 'smb'
[1 - Suricata-Main] 2025-05-19 20:37:20 Config: runmodes: enabling 'eve-log' module 'tftp'
[1 - Suricata-Main] 2025-05-19 20:37:20 Config: runmodes: enabling 'eve-log' module 'ike'
[1 - Suricata-Main] 2025-05-19 20:37:20 Config: runmodes: enabling 'eve-log' module 'dcerpc'
[1 - Suricata-Main] 2025-05-19 20:37:20 Config: runmodes: enabling 'eve-log' module 'krb5'
[1 - Suricata-Main] 2025-05-19 20:37:20 Config: runmodes: enabling 'eve-log' module 'bittorrent-dht'
[1 - Suricata-Main] 2025-05-19 20:37:20 Config: runmodes: enabling 'eve-log' module 'snmp'
[1 - Suricata-Main] 2025-05-19 20:37:20 Config: runmodes: enabling 'eve-log' module 'rfb'
[1 - Suricata-Main] 2025-05-19 20:37:20 Config: runmodes: enabling 'eve-log' module 'sip'
[1 - Suricata-Main] 2025-05-19 20:37:20 Config: runmodes: enabling 'eve-log' module 'quic'
[1 - Suricata-Main] 2025-05-19 20:37:20 Config: runmodes: enabling 'eve-log' module 'dhcp'
[1 - Suricata-Main] 2025-05-19 20:37:20 Config: runmodes: enabling 'eve-log' module 'ssh'
[1 - Suricata-Main] 2025-05-19 20:37:20 Config: runmodes: enabling 'eve-log' module 'mqtt'
[1 - Suricata-Main] 2025-05-19 20:37:20 Config: runmodes: enabling 'eve-log' module 'http2'
[1 - Suricata-Main] 2025-05-19 20:37:20 Config: runmodes: enabling 'eve-log' module 'pgsql'
[1 - Suricata-Main] 2025-05-19 20:37:20 Config: runmodes: enabling 'eve-log' module 'stats'
[1 - Suricata-Main] 2025-05-19 20:37:20 Config: runmodes: enabling 'eve-log' module 'flow'
[1 - Suricata-Main] 2025-05-19 20:37:20 Info: logopenfile: stats output device (regular) initialized: stats.log
[1 - Suricata-Main] 2025-05-19 20:37:20 Config: landlock: Landlock is not enabled in configuration
[1 - Suricata-Main] 2025-05-19 20:37:20 Config: suricata: Delayed detect disabled
[1 - Suricata-Main] 2025-05-19 20:37:20 Config: detect: pattern matchers: MPM: ac, SPM: bm
[1 - Suricata-Main] 2025-05-19 20:37:20 Config: detect: grouping: tcp-whitelist (default) 53, 80, 139, 443, 445, 1433, 3306, 3389, 6666, 6667, 8080
[1 - Suricata-Main] 2025-05-19 20:37:20 Config: detect: grouping: udp-whitelist (default) 53, 135, 5060
[1 - Suricata-Main] 2025-05-19 20:37:20 Config: detect: prefilter engines: MPM
[1 - Suricata-Main] 2025-05-19 20:37:20 Config: reputation: IP reputation disabled
[1 - Suricata-Main] 2025-05-19 20:37:20 Config: detect: Loading rule file: /var/lib/suricata/rules/suricata.rules
[1 - Suricata-Main] 2025-05-19 20:37:22 Info: detect-fast-pattern: fast_pattern is ineffective with base64_data
[1 - Suricata-Main] 2025-05-19 20:37:22 Info: detect-fast-pattern: fast_pattern is ineffective with base64_data
[1 - Suricata-Main] 2025-05-19 20:37:22 Info: detect: 1 rule files processed. 42614 rules successfully loaded, 0 rules failed, 0
[1 - Suricata-Main] 2025-05-19 20:37:22 Info: threshold-config: Threshold config parsed: 0 rule(s) found
[1 - Suricata-Main] 2025-05-19 20:37:22 Info: detect: 42617 signatures processed. 1270 are IP-only rules, 4333 are inspecting packet payload, 36797 inspect application layer, 109 are decoder event only
[1 - Suricata-Main] 2025-05-19 20:37:22 Config: detect: building signature grouping structure, stage 1: preprocessing rules... complete
[1 - Suricata-Main] 2025-05-19 20:37:22 Perf: detect: TCP toserver: 41 port groups, 40 unique SGH's, 1 copies
[1 - Suricata-Main] 2025-05-19 20:37:22 Perf: detect: TCP toclient: 21 port groups, 21 unique SGH's, 0 copies
[1 - Suricata-Main] 2025-05-19 20:37:22 Perf: detect: UDP toserver: 41 port groups, 40 unique SGH's, 1 copies
[1 - Suricata-Main] 2025-05-19 20:37:22 Perf: detect: UDP toclient: 21 port groups, 17 unique SGH's, 4 copies
[1 - Suricata-Main] 2025-05-19 20:37:22 Perf: detect: OTHER toserver: 254 proto groups, 4 unique SGH's, 250 copies
[1 - Suricata-Main] 2025-05-19 20:37:22 Perf: detect: OTHER toclient: 254 proto groups, 0 unique SGH's, 254 copies
[1 - Suricata-Main] 2025-05-19 20:37:23 Perf: detect: Unique rule groups: 122
[1 - Suricata-Main] 2025-05-19 20:37:23 Perf: detect: Builtin MPM "toserver TCP packet": 31
[1 - Suricata-Main] 2025-05-19 20:37:23 Perf: detect: Builtin MPM "toclient TCP packet": 20
[1 - Suricata-Main] 2025-05-19 20:37:23 Perf: detect: Builtin MPM "toserver TCP stream": 34
[1 - Suricata-Main] 2025-05-19 20:37:23 Perf: detect: Builtin MPM "toclient TCP stream": 19
[1 - Suricata-Main] 2025-05-19 20:37:23 Perf: detect: Builtin MPM "toserver UDP packet": 40
[1 - Suricata-Main] 2025-05-19 20:37:23 Perf: detect: Builtin MPM "toclient UDP packet": 17
[1 - Suricata-Main] 2025-05-19 20:37:23 Perf: detect: Builtin MPM "other IP packet": 3
[1 - Suricata-Main] 2025-05-19 20:37:23 Perf: detect: AppLayer MPM "toserver http_uri (http)": 16
[1 - Suricata-Main] 2025-05-19 20:37:23 Perf: detect: AppLayer MPM "toserver http_uri (http2)": 16
[1 - Suricata-Main] 2025-05-19 20:37:23 Perf: detect: AppLayer MPM "toserver http_raw_uri (http)": 2
[1 - Suricata-Main] 2025-05-19 20:37:23 Perf: detect: AppLayer MPM "toserver http_raw_uri (http)": 2
[1 - Suricata-Main] 2025-05-19 20:37:23 Perf: detect: AppLayer MPM "toserver http_raw_uri (http2)": 2
[1 - Suricata-Main] 2025-05-19 20:37:23 Perf: detect: AppLayer MPM "toserver http_raw_uri (http2)": 2
[1 - Suricata-Main] 2025-05-19 20:37:23 Perf: detect: AppLayer MPM "toserver http_request_line (http)": 8
[1 - Suricata-Main] 2025-05-19 20:37:23 Perf: detect: AppLayer MPM "toserver http_request_line (http2)": 8
[1 - Suricata-Main] 2025-05-19 20:37:23 Perf: detect: AppLayer MPM "toserver http_client_body (http)": 14
[1 - Suricata-Main] 2025-05-19 20:37:23 Perf: detect: AppLayer MPM "toserver http_client_body (http)": 2
[1 - Suricata-Main] 2025-05-19 20:37:23 Perf: detect: AppLayer MPM "toserver http_client_body (http2)": 14
[1 - Suricata-Main] 2025-05-19 20:37:23 Perf: detect: AppLayer MPM "toserver http_client_body (http2)": 2
[1 - Suricata-Main] 2025-05-19 20:37:23 Perf: detect: AppLayer MPM "toclient http_response_line (http)": 2
[1 - Suricata-Main] 2025-05-19 20:37:23 Perf: detect: AppLayer MPM "toclient http_response_line (http2)": 2
[1 - Suricata-Main] 2025-05-19 20:37:23 Perf: detect: AppLayer MPM "toserver http_header (http)": 10
[1 - Suricata-Main] 2025-05-19 20:37:23 Perf: detect: AppLayer MPM "toserver http_header (http)": 1
[1 - Suricata-Main] 2025-05-19 20:37:23 Perf: detect: AppLayer MPM "toserver http_header (http)": 4
[1 - Suricata-Main] 2025-05-19 20:37:23 Perf: detect: AppLayer MPM "toserver http_header (http)": 4
[1 - Suricata-Main] 2025-05-19 20:37:23 Perf: detect: AppLayer MPM "toserver http_header (http)": 10
[1 - Suricata-Main] 2025-05-19 20:37:23 Perf: detect: AppLayer MPM "toclient http_header (http)": 10
[1 - Suricata-Main] 2025-05-19 20:37:23 Perf: detect: AppLayer MPM "toclient http_header (http)": 1
[1 - Suricata-Main] 2025-05-19 20:37:23 Perf: detect: AppLayer MPM "toclient http_header (http)": 4
[1 - Suricata-Main] 2025-05-19 20:37:23 Perf: detect: AppLayer MPM "toclient http_header (http)": 4
[1 - Suricata-Main] 2025-05-19 20:37:23 Perf: detect: AppLayer MPM "toclient http_header (http)": 10
[1 - Suricata-Main] 2025-05-19 20:37:23 Perf: detect: AppLayer MPM "toserver http_header (http2)": 10
[1 - Suricata-Main] 2025-05-19 20:37:23 Perf: detect: AppLayer MPM "toserver http_header (http2)": 1
[1 - Suricata-Main] 2025-05-19 20:37:23 Perf: detect: AppLayer MPM "toserver http_header (http2)": 4
[1 - Suricata-Main] 2025-05-19 20:37:23 Perf: detect: AppLayer MPM "toserver http_header (http2)": 4
[1 - Suricata-Main] 2025-05-19 20:37:23 Perf: detect: AppLayer MPM "toserver http_header (http2)": 10
[1 - Suricata-Main] 2025-05-19 20:37:23 Perf: detect: AppLayer MPM "toclient http_header (http2)": 10
[1 - Suricata-Main] 2025-05-19 20:37:23 Perf: detect: AppLayer MPM "toclient http_header (http2)": 1
[1 - Suricata-Main] 2025-05-19 20:37:23 Perf: detect: AppLayer MPM "toclient http_header (http2)": 4
[1 - Suricata-Main] 2025-05-19 20:37:23 Perf: detect: AppLayer MPM "toclient http_header (http2)": 4
[1 - Suricata-Main] 2025-05-19 20:37:23 Perf: detect: AppLayer MPM "toclient http_header (http2)": 10
[1 - Suricata-Main] 2025-05-19 20:37:23 Perf: detect: AppLayer MPM "toserver http_request_header (http2)": 2
[1 - Suricata-Main] 2025-05-19 20:37:23 Perf: detect: AppLayer MPM "toserver http_request_header (http2)": 4
[1 - Suricata-Main] 2025-05-19 20:37:23 Perf: detect: AppLayer MPM "toserver http_request_header (http)": 2
[1 - Suricata-Main] 2025-05-19 20:37:23 Perf: detect: AppLayer MPM "toserver http_request_header (http)": 4
[1 - Suricata-Main] 2025-05-19 20:37:23 Perf: detect: AppLayer MPM "toclient http_response_header (http2)": 2
[1 - Suricata-Main] 2025-05-19 20:37:23 Perf: detect: AppLayer MPM "toclient http_response_header (http2)": 2
[1 - Suricata-Main] 2025-05-19 20:37:23 Perf: detect: AppLayer MPM "toclient http_response_header (http2)": 2
[1 - Suricata-Main] 2025-05-19 20:37:23 Perf: detect: AppLayer MPM "toclient http_response_header (http2)": 2
[1 - Suricata-Main] 2025-05-19 20:37:23 Perf: detect: AppLayer MPM "toclient http_response_header (http)": 2
[1 - Suricata-Main] 2025-05-19 20:37:23 Perf: detect: AppLayer MPM "toclient http_response_header (http)": 2
[1 - Suricata-Main] 2025-05-19 20:37:23 Perf: detect: AppLayer MPM "toclient http_response_header (http)": 2
[1 - Suricata-Main] 2025-05-19 20:37:23 Perf: detect: AppLayer MPM "toclient http_response_header (http)": 2
[1 - Suricata-Main] 2025-05-19 20:37:23 Perf: detect: AppLayer MPM "toserver http_header_names (http)": 11
[1 - Suricata-Main] 2025-05-19 20:37:23 Perf: detect: AppLayer MPM "toserver http_header_names (http)": 1
[1 - Suricata-Main] 2025-05-19 20:37:23 Perf: detect: AppLayer MPM "toserver http_header_names (http)": 2
[1 - Suricata-Main] 2025-05-19 20:37:23 Perf: detect: AppLayer MPM "toserver http_header_names (http)": 4
[1 - Suricata-Main] 2025-05-19 20:37:23 Perf: detect: AppLayer MPM "toserver http_header_names (http)": 8
[1 - Suricata-Main] 2025-05-19 20:37:23 Perf: detect: AppLayer MPM "toclient http_header_names (http)": 11
[1 - Suricata-Main] 2025-05-19 20:37:23 Perf: detect: AppLayer MPM "toclient http_header_names (http)": 1
[1 - Suricata-Main] 2025-05-19 20:37:23 Perf: detect: AppLayer MPM "toclient http_header_names (http)": 2
[1 - Suricata-Main] 2025-05-19 20:37:23 Perf: detect: AppLayer MPM "toclient http_header_names (http)": 4
[1 - Suricata-Main] 2025-05-19 20:37:23 Perf: detect: AppLayer MPM "toclient http_header_names (http)": 8
[1 - Suricata-Main] 2025-05-19 20:37:23 Perf: detect: AppLayer MPM "toserver http_header_names (http2)": 11
[1 - Suricata-Main] 2025-05-19 20:37:23 Perf: detect: AppLayer MPM "toserver http_header_names (http2)": 1
[1 - Suricata-Main] 2025-05-19 20:37:23 Perf: detect: AppLayer MPM "toserver http_header_names (http2)": 2
[1 - Suricata-Main] 2025-05-19 20:37:23 Perf: detect: AppLayer MPM "toserver http_header_names (http2)": 4
[1 - Suricata-Main] 2025-05-19 20:37:23 Perf: detect: AppLayer MPM "toserver http_header_names (http2)": 8
[1 - Suricata-Main] 2025-05-19 20:37:23 Perf: detect: AppLayer MPM "toclient http_header_names (http2)": 11
[1 - Suricata-Main] 2025-05-19 20:37:23 Perf: detect: AppLayer MPM "toclient http_header_names (http2)": 1
[1 - Suricata-Main] 2025-05-19 20:37:23 Perf: detect: AppLayer MPM "toclient http_header_names (http2)": 2
[1 - Suricata-Main] 2025-05-19 20:37:23 Perf: detect: AppLayer MPM "toclient http_header_names (http2)": 4
[1 - Suricata-Main] 2025-05-19 20:37:23 Perf: detect: AppLayer MPM "toclient http_header_names (http2)": 8
[1 - Suricata-Main] 2025-05-19 20:37:23 Perf: detect: AppLayer MPM "toserver http_accept (http)": 8
[1 - Suricata-Main] 2025-05-19 20:37:23 Perf: detect: AppLayer MPM "toserver http_accept (http2)": 8
[1 - Suricata-Main] 2025-05-19 20:37:23 Perf: detect: AppLayer MPM "toserver http_accept_enc (http)": 2
[1 - Suricata-Main] 2025-05-19 20:37:23 Perf: detect: AppLayer MPM "toserver http_accept_enc (http2)": 2
[1 - Suricata-Main] 2025-05-19 20:37:23 Perf: detect: AppLayer MPM "toserver http_accept_lang (http)": 2
[1 - Suricata-Main] 2025-05-19 20:37:23 Perf: detect: AppLayer MPM "toserver http_accept_lang (http2)": 2
[1 - Suricata-Main] 2025-05-19 20:37:23 Perf: detect: AppLayer MPM "toserver http_referer (http)": 2
[1 - Suricata-Main] 2025-05-19 20:37:23 Perf: detect: AppLayer MPM "toserver http_referer (http2)": 2
[1 - Suricata-Main] 2025-05-19 20:37:23 Perf: detect: AppLayer MPM "toserver http_connection (http)": 2
[1 - Suricata-Main] 2025-05-19 20:37:23 Perf: detect: AppLayer MPM "toserver http_connection (http2)": 2
[1 - Suricata-Main] 2025-05-19 20:37:23 Perf: detect: AppLayer MPM "toclient http_connection (http)": 2
[1 - Suricata-Main] 2025-05-19 20:37:23 Perf: detect: AppLayer MPM "toclient http_connection (http2)": 2
[1 - Suricata-Main] 2025-05-19 20:37:23 Perf: detect: AppLayer MPM "toserver http_content_len (http)": 4
[1 - Suricata-Main] 2025-05-19 20:37:23 Perf: detect: AppLayer MPM "toserver http_content_len (http2)": 4
[1 - Suricata-Main] 2025-05-19 20:37:23 Perf: detect: AppLayer MPM "toclient http_content_len (http)": 4
[1 - Suricata-Main] 2025-05-19 20:37:23 Perf: detect: AppLayer MPM "toclient http_content_len (http2)": 4
[1 - Suricata-Main] 2025-05-19 20:37:23 Perf: detect: AppLayer MPM "toserver http_content_type (http)": 4
[1 - Suricata-Main] 2025-05-19 20:37:23 Perf: detect: AppLayer MPM "toserver http_content_type (http2)": 4
[1 - Suricata-Main] 2025-05-19 20:37:23 Perf: detect: AppLayer MPM "toclient http_content_type (http)": 4
[1 - Suricata-Main] 2025-05-19 20:37:23 Perf: detect: AppLayer MPM "toclient http_content_type (http2)": 4
[1 - Suricata-Main] 2025-05-19 20:37:23 Perf: detect: AppLayer MPM "toclient http.server (http)": 4
[1 - Suricata-Main] 2025-05-19 20:37:23 Perf: detect: AppLayer MPM "toclient http.server (http2)": 4
[1 - Suricata-Main] 2025-05-19 20:37:23 Perf: detect: AppLayer MPM "toclient http.location (http)": 2
[1 - Suricata-Main] 2025-05-19 20:37:23 Perf: detect: AppLayer MPM "toclient http.location (http2)": 2
[1 - Suricata-Main] 2025-05-19 20:37:23 Perf: detect: AppLayer MPM "toserver http_start (http)": 6
[1 - Suricata-Main] 2025-05-19 20:37:23 Perf: detect: AppLayer MPM "toclient http_start (http)": 6
[1 - Suricata-Main] 2025-05-19 20:37:23 Perf: detect: AppLayer MPM "toserver http_raw_header (http)": 4
[1 - Suricata-Main] 2025-05-19 20:37:23 Perf: detect: AppLayer MPM "toserver http_raw_header (http)": 2
[1 - Suricata-Main] 2025-05-19 20:37:23 Perf: detect: AppLayer MPM "toserver http_raw_header (http)": 4
[1 - Suricata-Main] 2025-05-19 20:37:23 Perf: detect: AppLayer MPM "toclient http_raw_header (http)": 4
[1 - Suricata-Main] 2025-05-19 20:37:23 Perf: detect: AppLayer MPM "toclient http_raw_header (http)": 2
[1 - Suricata-Main] 2025-05-19 20:37:23 Perf: detect: AppLayer MPM "toclient http_raw_header (http)": 4
[1 - Suricata-Main] 2025-05-19 20:37:23 Perf: detect: AppLayer MPM "toserver http_raw_header (http2)": 4
[1 - Suricata-Main] 2025-05-19 20:37:23 Perf: detect: AppLayer MPM "toserver http_raw_header (http2)": 2
[1 - Suricata-Main] 2025-05-19 20:37:23 Perf: detect: AppLayer MPM "toserver http_raw_header (http2)": 4
[1 - Suricata-Main] 2025-05-19 20:37:23 Perf: detect: AppLayer MPM "toclient http_raw_header (http2)": 4
[1 - Suricata-Main] 2025-05-19 20:37:23 Perf: detect: AppLayer MPM "toclient http_raw_header (http2)": 2
[1 - Suricata-Main] 2025-05-19 20:37:23 Perf: detect: AppLayer MPM "toclient http_raw_header (http2)": 4
[1 - Suricata-Main] 2025-05-19 20:37:23 Perf: detect: AppLayer MPM "toserver http_method (http)": 4
[1 - Suricata-Main] 2025-05-19 20:37:23 Perf: detect: AppLayer MPM "toserver http_method (http2)": 4
[1 - Suricata-Main] 2025-05-19 20:37:23 Perf: detect: AppLayer MPM "toserver http_cookie (http)": 8
[1 - Suricata-Main] 2025-05-19 20:37:23 Perf: detect: AppLayer MPM "toclient http_cookie (http)": 8
[1 - Suricata-Main] 2025-05-19 20:37:23 Perf: detect: AppLayer MPM "toserver http_cookie (http2)": 8
[1 - Suricata-Main] 2025-05-19 20:37:23 Perf: detect: AppLayer MPM "toclient http_cookie (http2)": 8
[1 - Suricata-Main] 2025-05-19 20:37:23 Perf: detect: AppLayer MPM "toserver http_user_agent (http)": 15
[1 - Suricata-Main] 2025-05-19 20:37:23 Perf: detect: AppLayer MPM "toserver http_user_agent (http2)": 15
[1 - Suricata-Main] 2025-05-19 20:37:23 Perf: detect: AppLayer MPM "toserver http_host (http)": 2
[1 - Suricata-Main] 2025-05-19 20:37:23 Perf: detect: AppLayer MPM "toserver http_host (http)": 4
[1 - Suricata-Main] 2025-05-19 20:37:23 Perf: detect: AppLayer MPM "toserver http_host (http2)": 2
[1 - Suricata-Main] 2025-05-19 20:37:23 Perf: detect: AppLayer MPM "toserver http_host (http2)": 4
[1 - Suricata-Main] 2025-05-19 20:37:23 Perf: detect: AppLayer MPM "toserver http_raw_host (http)": 2
[1 - Suricata-Main] 2025-05-19 20:37:23 Perf: detect: AppLayer MPM "toserver http_raw_host (http2)": 2
[1 - Suricata-Main] 2025-05-19 20:37:23 Perf: detect: AppLayer MPM "toclient http_stat_code (http)": 4
[1 - Suricata-Main] 2025-05-19 20:37:23 Perf: detect: AppLayer MPM "toclient http_stat_code (http2)": 4
[1 - Suricata-Main] 2025-05-19 20:37:23 Perf: detect: AppLayer MPM "toserver dns_query (dns)": 2
[1 - Suricata-Main] 2025-05-19 20:37:23 Perf: detect: AppLayer MPM "toserver dns_query (dns)": 1
[1 - Suricata-Main] 2025-05-19 20:37:23 Perf: detect: AppLayer MPM "toserver tls.sni (tls)": 3
[1 - Suricata-Main] 2025-05-19 20:37:23 Perf: detect: AppLayer MPM "toserver tls.sni (tls)": 1
[1 - Suricata-Main] 2025-05-19 20:37:23 Perf: detect: AppLayer MPM "toserver tls.cert_issuer (tls)": 6
[1 - Suricata-Main] 2025-05-19 20:37:23 Perf: detect: AppLayer MPM "toclient tls.cert_issuer (tls)": 6
[1 - Suricata-Main] 2025-05-19 20:37:23 Perf: detect: AppLayer MPM "toserver tls.cert_subject (tls)": 4
[1 - Suricata-Main] 2025-05-19 20:37:23 Perf: detect: AppLayer MPM "toclient tls.cert_subject (tls)": 4
[1 - Suricata-Main] 2025-05-19 20:37:23 Perf: detect: AppLayer MPM "toclient tls.cert_serial (tls)": 2
[1 - Suricata-Main] 2025-05-19 20:37:23 Perf: detect: AppLayer MPM "toserver tls.cert_serial (tls)": 2
[1 - Suricata-Main] 2025-05-19 20:37:23 Perf: detect: AppLayer MPM "toclient tls.cert_fingerprint (tls)": 1
[1 - Suricata-Main] 2025-05-19 20:37:23 Perf: detect: AppLayer MPM "toserver tls.cert_fingerprint (tls)": 1
[1 - Suricata-Main] 2025-05-19 20:37:23 Perf: detect: AppLayer MPM "toclient tls.certs (tls)": 2
[1 - Suricata-Main] 2025-05-19 20:37:23 Perf: detect: AppLayer MPM "toserver tls.certs (tls)": 2
[1 - Suricata-Main] 2025-05-19 20:37:23 Perf: detect: AppLayer MPM "toserver ja3.hash (tls)": 2
[1 - Suricata-Main] 2025-05-19 20:37:23 Perf: detect: AppLayer MPM "toserver ja3.hash (quic)": 2
[1 - Suricata-Main] 2025-05-19 20:37:23 Perf: detect: AppLayer MPM "toclient ja3s.hash (tls)": 1
[1 - Suricata-Main] 2025-05-19 20:37:23 Perf: detect: AppLayer MPM "toclient ja3s.hash (quic)": 1
[1 - Suricata-Main] 2025-05-19 20:37:23 Perf: detect: AppLayer MPM "toserver ssh.proto (ssh)": 1
[1 - Suricata-Main] 2025-05-19 20:37:23 Perf: detect: AppLayer MPM "toclient ssh.proto (ssh)": 1
[1 - Suricata-Main] 2025-05-19 20:37:23 Perf: detect: AppLayer MPM "toclient file_data (nfs)": 17
[1 - Suricata-Main] 2025-05-19 20:37:23 Perf: detect: AppLayer MPM "toclient file_data (nfs)": 2
[1 - Suricata-Main] 2025-05-19 20:37:23 Perf: detect: AppLayer MPM "toserver file_data (nfs)": 17
[1 - Suricata-Main] 2025-05-19 20:37:23 Perf: detect: AppLayer MPM "toserver file_data (nfs)": 2
[1 - Suricata-Main] 2025-05-19 20:37:23 Perf: detect: AppLayer MPM "toclient file_data (smb)": 17
[1 - Suricata-Main] 2025-05-19 20:37:23 Perf: detect: AppLayer MPM "toclient file_data (smb)": 2
[1 - Suricata-Main] 2025-05-19 20:37:23 Perf: detect: AppLayer MPM "toserver file_data (smb)": 17
[1 - Suricata-Main] 2025-05-19 20:37:23 Perf: detect: AppLayer MPM "toserver file_data (smb)": 2
[1 - Suricata-Main] 2025-05-19 20:37:23 Perf: detect: AppLayer MPM "toclient file_data (ftp)": 17
[1 - Suricata-Main] 2025-05-19 20:37:23 Perf: detect: AppLayer MPM "toclient file_data (ftp)": 2
[1 - Suricata-Main] 2025-05-19 20:37:23 Perf: detect: AppLayer MPM "toserver file_data (ftp)": 17
[1 - Suricata-Main] 2025-05-19 20:37:23 Perf: detect: AppLayer MPM "toserver file_data (ftp)": 2
[1 - Suricata-Main] 2025-05-19 20:37:23 Perf: detect: AppLayer MPM "toclient file_data (ftp-data)": 17
[1 - Suricata-Main] 2025-05-19 20:37:23 Perf: detect: AppLayer MPM "toclient file_data (ftp-data)": 2
[1 - Suricata-Main] 2025-05-19 20:37:23 Perf: detect: AppLayer MPM "toserver file_data (ftp-data)": 17
[1 - Suricata-Main] 2025-05-19 20:37:23 Perf: detect: AppLayer MPM "toserver file_data (ftp-data)": 2
[1 - Suricata-Main] 2025-05-19 20:37:23 Perf: detect: AppLayer MPM "toclient file_data (http)": 17
[1 - Suricata-Main] 2025-05-19 20:37:23 Perf: detect: AppLayer MPM "toclient file_data (http)": 2
[1 - Suricata-Main] 2025-05-19 20:37:23 Perf: detect: AppLayer MPM "toserver file_data (http)": 17
[1 - Suricata-Main] 2025-05-19 20:37:23 Perf: detect: AppLayer MPM "toserver file_data (http)": 2
[1 - Suricata-Main] 2025-05-19 20:37:23 Perf: detect: AppLayer MPM "toclient file_data (http2)": 17
[1 - Suricata-Main] 2025-05-19 20:37:23 Perf: detect: AppLayer MPM "toclient file_data (http2)": 2
[1 - Suricata-Main] 2025-05-19 20:37:23 Perf: detect: AppLayer MPM "toserver file_data (http2)": 17
[1 - Suricata-Main] 2025-05-19 20:37:23 Perf: detect: AppLayer MPM "toserver file_data (http2)": 2
[1 - Suricata-Main] 2025-05-19 20:37:23 Perf: detect: AppLayer MPM "toserver file_data (smtp)": 17
[1 - Suricata-Main] 2025-05-19 20:37:23 Perf: detect: AppLayer MPM "toserver file_data (smtp)": 2
[1 - Suricata-Main] 2025-05-19 20:37:23 Perf: detect: Pkt MPM "icmpv6.hdr": 1
[1 - Suricata-Main] 2025-05-19 20:37:23 Perf: detect: Pkt MPM "ipv6.hdr": 1
[1 - Suricata-Main] 2025-05-19 20:37:27 Config: af-packet: enp0s3: using flow cluster mode for AF_PACKET
[1 - Suricata-Main] 2025-05-19 20:37:27 Perf: af-packet: enp0s3: cluster_flow: 5 cores, using 5 threads
[1 - Suricata-Main] 2025-05-19 20:37:27 Perf: ioctl: enp0s3: disabling gro offloading
[1 - Suricata-Main] 2025-05-19 20:37:27 Perf: ioctl: enp0s3: disabling tso offloading
[1 - Suricata-Main] 2025-05-19 20:37:27 Perf: ioctl: enp0s3: disabling gso offloading
[1 - Suricata-Main] 2025-05-19 20:37:27 Perf: ioctl: enp0s3: disabling sg offloading
[1 - Suricata-Main] 2025-05-19 20:37:27 Warning: af-packet: enp0s3: AF_PACKET tpacket-v3 is recommended for non-inline operation
[1 - Suricata-Main] 2025-05-19 20:37:27 Info: runmodes: enp0s3: creating 5 threads
[1 - Suricata-Main] 2025-05-19 20:37:27 Config: flow-manager: using 1 flow manager threads
[1 - Suricata-Main] 2025-05-19 20:37:27 Config: flow-manager: using 1 flow recycler threads
[1 - Suricata-Main] 2025-05-19 20:37:27 Info: unix-manager: unix socket '/var/run/suricata/suricata-command.socket'
[12 - W#01-enp0s3] 2025-05-19 20:37:27 Config: af-packet: enp0s3: defrag enabled, setting snaplen to 9216
[12 - W#01-enp0s3] 2025-05-19 20:37:27 Perf: af-packet: enp0s3: rx ring: block_size=131072 block_nr=30 frame_size=9296 frame_nr=420
[13 - W#02-enp0s3] 2025-05-19 20:37:27 Config: af-packet: enp0s3: defrag enabled, setting snaplen to 9216
[13 - W#02-enp0s3] 2025-05-19 20:37:27 Perf: af-packet: enp0s3: rx ring: block_size=131072 block_nr=30 frame_size=9296 frame_nr=420
[14 - W#03-enp0s3] 2025-05-19 20:37:27 Config: af-packet: enp0s3: defrag enabled, setting snaplen to 9216
[14 - W#03-enp0s3] 2025-05-19 20:37:27 Perf: af-packet: enp0s3: rx ring: block_size=131072 block_nr=30 frame_size=9296 frame_nr=420
[15 - W#04-enp0s3] 2025-05-19 20:37:27 Config: af-packet: enp0s3: defrag enabled, setting snaplen to 9216
[15 - W#04-enp0s3] 2025-05-19 20:37:27 Perf: af-packet: enp0s3: rx ring: block_size=131072 block_nr=30 frame_size=9296 frame_nr=420
[16 - W#05-enp0s3] 2025-05-19 20:37:27 Config: af-packet: enp0s3: defrag enabled, setting snaplen to 9216
[16 - W#05-enp0s3] 2025-05-19 20:37:27 Perf: af-packet: enp0s3: rx ring: block_size=131072 block_nr=30 frame_size=9296 frame_nr=420
[1 - Suricata-Main] 2025-05-19 20:37:27 Notice: threads: Threads created -> W: 5 FM: 1 FR: 1   Engine started.
[1 - Suricata-Main] 2025-05-20 05:50:15 Notice: suricata: Signal Received.  Stopping engine.
[1 - Suricata-Main] 2025-05-20 05:50:16 Info: suricata: time elapsed 33169.160s
[18 - FR#01] 2025-05-20 05:50:17 Perf: flow-manager: 41204 flows processed
[12 - W#01-enp0s3] 2025-05-20 05:50:17 Perf: af-packet: enp0s3: (W#01-enp0s3) kernel: Packets 227480, dropped 0
[13 - W#02-enp0s3] 2025-05-20 05:50:20 Perf: af-packet: enp0s3: (W#02-enp0s3) kernel: Packets 177416, dropped 0
[14 - W#03-enp0s3] 2025-05-20 05:50:20 Perf: af-packet: enp0s3: (W#03-enp0s3) kernel: Packets 163246, dropped 0
[15 - W#04-enp0s3] 2025-05-20 05:50:20 Perf: af-packet: enp0s3: (W#04-enp0s3) kernel: Packets 292605, dropped 473
[16 - W#05-enp0s3] 2025-05-20 05:50:20 Perf: af-packet: enp0s3: (W#05-enp0s3) kernel: Packets 185309, dropped 0
[1 - Suricata-Main] 2025-05-20 05:50:20 Info: counters: Alerts: 215
[1 - Suricata-Main] 2025-05-20 05:50:20 Perf: ippair: ippair memory usage: 414144 bytes, maximum: 16777216
[1 - Suricata-Main] 2025-05-20 05:50:20 Perf: host: host memory usage: 398144 bytes, maximum: 33554432
[1 - Suricata-Main] 2025-05-20 05:50:24 Notice: device: enp0s3: packets: 1046056, drops: 473 (0.05%), invalid chksum: 0
[1 - Suricata-Main] 2025-05-20 05:50:24 Perf: ioctl: enp0s3: restoring gro offloading
[1 - Suricata-Main] 2025-05-20 05:50:24 Perf: ioctl: enp0s3: restoring tso offloading
[1 - Suricata-Main] 2025-05-20 05:50:24 Perf: ioctl: enp0s3: restoring gso offloading
[1 - Suricata-Main] 2025-05-20 05:50:24 Perf: ioctl: enp0s3: restoring sg offloading
[1 - Suricata-Main] 2025-05-20 05:56:07 Notice: suricata: This is Suricata version 7.0.10 RELEASE running in SYSTEM mode
[1 - Suricata-Main] 2025-05-20 05:56:07 Info: cpu: CPUs/cores online: 5
[1 - Suricata-Main] 2025-05-20 05:56:07 Info: suricata: Setting engine mode to IDS mode by default
[1 - Suricata-Main] 2025-05-20 05:56:07 Info: exception-policy: master exception-policy set to: auto
[1 - Suricata-Main] 2025-05-20 05:56:07 Config: exception-policy: app-layer.error-policy: ignore (defined via 'exception-policy' master switch)
[1 - Suricata-Main] 2025-05-20 05:56:07 Config: app-layer-htp: 'default' server has 'request-body-minimal-inspect-size' set to 31356 and 'request-body-inspect-window' set to 4214 after randomization.
[1 - Suricata-Main] 2025-05-20 05:56:07 Config: app-layer-htp: 'default' server has 'response-body-minimal-inspect-size' set to 40608 and 'response-body-inspect-window' set to 16395 after randomization.
[1 - Suricata-Main] 2025-05-20 05:56:07 Config: smb: read: max record size: 16777216, max queued chunks 64, max queued size 67108864
[1 - Suricata-Main] 2025-05-20 05:56:07 Config: smb: write: max record size: 16777216, max queued chunks 64, max queued size 67108864
[1 - Suricata-Main] 2025-05-20 05:56:07 Config: app-layer-enip: Protocol detection and parser disabled for enip protocol.
[1 - Suricata-Main] 2025-05-20 05:56:07 Config: app-layer-dnp3: Protocol detection and parser disabled for DNP3.
[1 - Suricata-Main] 2025-05-20 05:56:07 Config: host: allocated 262144 bytes of memory for the host hash... 4096 buckets of size 64
[1 - Suricata-Main] 2025-05-20 05:56:07 Config: host: preallocated 1000 hosts of size 136
[1 - Suricata-Main] 2025-05-20 05:56:07 Config: host: host memory usage: 398144 bytes, maximum: 33554432
[1 - Suricata-Main] 2025-05-20 05:56:07 Config: coredump-config: Core dump size is unlimited.
[1 - Suricata-Main] 2025-05-20 05:56:07 Config: exception-policy: defrag.memcap-policy: ignore (defined via 'exception-policy' master switch)
[1 - Suricata-Main] 2025-05-20 05:56:07 Config: defrag-hash: allocated 3670016 bytes of memory for the defrag hash... 65536 buckets of size 56
[1 - Suricata-Main] 2025-05-20 05:56:07 Config: defrag-hash: preallocated 65535 defrag trackers of size 160
[1 - Suricata-Main] 2025-05-20 05:56:07 Config: defrag-hash: defrag memory usage: 14155616 bytes, maximum: 33554432
[1 - Suricata-Main] 2025-05-20 05:56:07 Config: exception-policy: flow.memcap-policy: ignore (defined via 'exception-policy' master switch)
[1 - Suricata-Main] 2025-05-20 05:56:07 Config: flow: flow size 304, memcap allows for 441505 flows. Per hash row in perfect conditions 6
[1 - Suricata-Main] 2025-05-20 05:56:07 Config: stream-tcp: stream "prealloc-sessions": 2048 (per thread)
[1 - Suricata-Main] 2025-05-20 05:56:07 Config: stream-tcp: stream "memcap": 67108864
[1 - Suricata-Main] 2025-05-20 05:56:07 Config: stream-tcp: stream "midstream" session pickups: disabled
[1 - Suricata-Main] 2025-05-20 05:56:07 Config: stream-tcp: stream "async-oneside": disabled
[1 - Suricata-Main] 2025-05-20 05:56:07 Config: stream-tcp: stream "checksum-validation": enabled
[1 - Suricata-Main] 2025-05-20 05:56:07 Config: exception-policy: stream.memcap-policy: ignore (defined via 'exception-policy' master switch)
[1 - Suricata-Main] 2025-05-20 05:56:07 Config: exception-policy: stream.reassembly.memcap-policy: ignore (defined via 'exception-policy' master switch)
[1 - Suricata-Main] 2025-05-20 05:56:07 Config: exception-policy: stream.midstream-policy: ignore (defined via 'exception-policy' master switch)
[1 - Suricata-Main] 2025-05-20 05:56:07 Config: stream-tcp: stream."inline": disabled
[1 - Suricata-Main] 2025-05-20 05:56:07 Config: stream-tcp: stream "bypass": disabled
[1 - Suricata-Main] 2025-05-20 05:56:07 Config: stream-tcp: stream.reassembly.urgent.policy": inline
[1 - Suricata-Main] 2025-05-20 05:56:07 Config: stream-tcp: stream "max-syn-queued": 10
[1 - Suricata-Main] 2025-05-20 05:56:07 Config: stream-tcp: stream "max-synack-queued": 5
[1 - Suricata-Main] 2025-05-20 05:56:07 Config: stream-tcp: stream.reassembly "memcap": 268435456
[1 - Suricata-Main] 2025-05-20 05:56:07 Config: stream-tcp: stream.reassembly "depth": 1048576
[1 - Suricata-Main] 2025-05-20 05:56:07 Config: stream-tcp: stream.reassembly "toserver-chunk-size": 2645
[1 - Suricata-Main] 2025-05-20 05:56:07 Config: stream-tcp: stream.reassembly "toclient-chunk-size": 2453
[1 - Suricata-Main] 2025-05-20 05:56:07 Config: stream-tcp: stream.reassembly.raw: enabled
[1 - Suricata-Main] 2025-05-20 05:56:07 Config: stream-tcp: stream.liberal-timestamps: disabled
[1 - Suricata-Main] 2025-05-20 05:56:07 Config: stream-tcp-reassemble: stream.reassembly "segment-prealloc": 2048
[1 - Suricata-Main] 2025-05-20 05:56:07 Config: stream-tcp-reassemble: stream.reassembly "max-regions": 8
[1 - Suricata-Main] 2025-05-20 05:56:07 Info: conf: Running in live mode, activating unix socket
[1 - Suricata-Main] 2025-05-20 05:56:07 Info: logopenfile: fast output device (regular) initialized: fast.log
[1 - Suricata-Main] 2025-05-20 05:56:07 Info: logopenfile: eve-log output device (regular) initialized: eve.json
[1 - Suricata-Main] 2025-05-20 05:56:07 Config: runmodes: enabling 'eve-log' module 'alert'
[1 - Suricata-Main] 2025-05-20 05:56:07 Config: runmodes: enabling 'eve-log' module 'frame'
[1 - Suricata-Main] 2025-05-20 05:56:07 Config: runmodes: enabling 'eve-log' module 'anomaly'
[1 - Suricata-Main] 2025-05-20 05:56:07 Config: runmodes: enabling 'eve-log' module 'http'
[1 - Suricata-Main] 2025-05-20 05:56:07 Config: runmodes: enabling 'eve-log' module 'dns'
[1 - Suricata-Main] 2025-05-20 05:56:07 Config: runmodes: enabling 'eve-log' module 'tls'
[1 - Suricata-Main] 2025-05-20 05:56:07 Config: runmodes: enabling 'eve-log' module 'files'
[1 - Suricata-Main] 2025-05-20 05:56:07 Config: runmodes: enabling 'eve-log' module 'smtp'
[1 - Suricata-Main] 2025-05-20 05:56:07 Config: runmodes: enabling 'eve-log' module 'ftp'
[1 - Suricata-Main] 2025-05-20 05:56:07 Config: runmodes: enabling 'eve-log' module 'rdp'
[1 - Suricata-Main] 2025-05-20 05:56:07 Config: runmodes: enabling 'eve-log' module 'nfs'
[1 - Suricata-Main] 2025-05-20 05:56:07 Config: runmodes: enabling 'eve-log' module 'smb'
[1 - Suricata-Main] 2025-05-20 05:56:07 Config: runmodes: enabling 'eve-log' module 'tftp'
[1 - Suricata-Main] 2025-05-20 05:56:07 Config: runmodes: enabling 'eve-log' module 'ike'
[1 - Suricata-Main] 2025-05-20 05:56:07 Config: runmodes: enabling 'eve-log' module 'dcerpc'
[1 - Suricata-Main] 2025-05-20 05:56:07 Config: runmodes: enabling 'eve-log' module 'krb5'
[1 - Suricata-Main] 2025-05-20 05:56:07 Config: runmodes: enabling 'eve-log' module 'bittorrent-dht'
[1 - Suricata-Main] 2025-05-20 05:56:07 Config: runmodes: enabling 'eve-log' module 'snmp'
[1 - Suricata-Main] 2025-05-20 05:56:07 Config: runmodes: enabling 'eve-log' module 'rfb'
[1 - Suricata-Main] 2025-05-20 05:56:07 Config: runmodes: enabling 'eve-log' module 'sip'
[1 - Suricata-Main] 2025-05-20 05:56:07 Config: runmodes: enabling 'eve-log' module 'quic'
[1 - Suricata-Main] 2025-05-20 05:56:07 Config: runmodes: enabling 'eve-log' module 'dhcp'
[1 - Suricata-Main] 2025-05-20 05:56:07 Config: runmodes: enabling 'eve-log' module 'ssh'
[1 - Suricata-Main] 2025-05-20 05:56:07 Config: runmodes: enabling 'eve-log' module 'mqtt'
[1 - Suricata-Main] 2025-05-20 05:56:07 Config: runmodes: enabling 'eve-log' module 'http2'
[1 - Suricata-Main] 2025-05-20 05:56:07 Config: runmodes: enabling 'eve-log' module 'pgsql'
[1 - Suricata-Main] 2025-05-20 05:56:07 Config: runmodes: enabling 'eve-log' module 'stats'
[1 - Suricata-Main] 2025-05-20 05:56:07 Config: runmodes: enabling 'eve-log' module 'flow'
[1 - Suricata-Main] 2025-05-20 05:56:07 Info: logopenfile: stats output device (regular) initialized: stats.log
[1 - Suricata-Main] 2025-05-20 05:56:07 Config: landlock: Landlock is not enabled in configuration
[1 - Suricata-Main] 2025-05-20 05:56:07 Config: suricata: Delayed detect disabled
[1 - Suricata-Main] 2025-05-20 05:56:07 Config: detect: pattern matchers: MPM: ac, SPM: bm
[1 - Suricata-Main] 2025-05-20 05:56:07 Config: detect: grouping: tcp-whitelist (default) 53, 80, 139, 443, 445, 1433, 3306, 3389, 6666, 6667, 8080
[1 - Suricata-Main] 2025-05-20 05:56:07 Config: detect: grouping: udp-whitelist (default) 53, 135, 5060
[1 - Suricata-Main] 2025-05-20 05:56:07 Config: detect: prefilter engines: MPM
[1 - Suricata-Main] 2025-05-20 05:56:07 Config: reputation: IP reputation disabled
[1 - Suricata-Main] 2025-05-20 05:56:07 Config: detect: Loading rule file: /var/lib/suricata/rules/suricata.rules
[1 - Suricata-Main] 2025-05-20 05:56:08 Info: detect-fast-pattern: fast_pattern is ineffective with base64_data
[1 - Suricata-Main] 2025-05-20 05:56:08 Info: detect-fast-pattern: fast_pattern is ineffective with base64_data
[1 - Suricata-Main] 2025-05-20 05:56:08 Info: detect: 1 rule files processed. 42614 rules successfully loaded, 0 rules failed, 0
[1 - Suricata-Main] 2025-05-20 05:56:08 Info: threshold-config: Threshold config parsed: 0 rule(s) found
[1 - Suricata-Main] 2025-05-20 05:56:08 Info: detect: 42617 signatures processed. 1270 are IP-only rules, 4333 are inspecting packet payload, 36797 inspect application layer, 109 are decoder event only
[1 - Suricata-Main] 2025-05-20 05:56:08 Config: detect: building signature grouping structure, stage 1: preprocessing rules... complete
[1 - Suricata-Main] 2025-05-20 05:56:08 Perf: detect: TCP toserver: 41 port groups, 40 unique SGH's, 1 copies
[1 - Suricata-Main] 2025-05-20 05:56:08 Perf: detect: TCP toclient: 21 port groups, 21 unique SGH's, 0 copies
[1 - Suricata-Main] 2025-05-20 05:56:08 Perf: detect: UDP toserver: 41 port groups, 40 unique SGH's, 1 copies
[1 - Suricata-Main] 2025-05-20 05:56:08 Perf: detect: UDP toclient: 21 port groups, 17 unique SGH's, 4 copies
[1 - Suricata-Main] 2025-05-20 05:56:08 Perf: detect: OTHER toserver: 254 proto groups, 4 unique SGH's, 250 copies
[1 - Suricata-Main] 2025-05-20 05:56:08 Perf: detect: OTHER toclient: 254 proto groups, 0 unique SGH's, 254 copies
[1 - Suricata-Main] 2025-05-20 05:56:09 Perf: detect: Unique rule groups: 122
[1 - Suricata-Main] 2025-05-20 05:56:09 Perf: detect: Builtin MPM "toserver TCP packet": 31
[1 - Suricata-Main] 2025-05-20 05:56:09 Perf: detect: Builtin MPM "toclient TCP packet": 20
[1 - Suricata-Main] 2025-05-20 05:56:09 Perf: detect: Builtin MPM "toserver TCP stream": 34
[1 - Suricata-Main] 2025-05-20 05:56:09 Perf: detect: Builtin MPM "toclient TCP stream": 19
[1 - Suricata-Main] 2025-05-20 05:56:09 Perf: detect: Builtin MPM "toserver UDP packet": 40
[1 - Suricata-Main] 2025-05-20 05:56:09 Perf: detect: Builtin MPM "toclient UDP packet": 17
[1 - Suricata-Main] 2025-05-20 05:56:09 Perf: detect: Builtin MPM "other IP packet": 3
[1 - Suricata-Main] 2025-05-20 05:56:09 Perf: detect: AppLayer MPM "toserver http_uri (http)": 16
[1 - Suricata-Main] 2025-05-20 05:56:09 Perf: detect: AppLayer MPM "toserver http_uri (http2)": 16
[1 - Suricata-Main] 2025-05-20 05:56:09 Perf: detect: AppLayer MPM "toserver http_raw_uri (http)": 2
[1 - Suricata-Main] 2025-05-20 05:56:09 Perf: detect: AppLayer MPM "toserver http_raw_uri (http)": 2
[1 - Suricata-Main] 2025-05-20 05:56:09 Perf: detect: AppLayer MPM "toserver http_raw_uri (http2)": 2
[1 - Suricata-Main] 2025-05-20 05:56:09 Perf: detect: AppLayer MPM "toserver http_raw_uri (http2)": 2
[1 - Suricata-Main] 2025-05-20 05:56:09 Perf: detect: AppLayer MPM "toserver http_request_line (http)": 8
[1 - Suricata-Main] 2025-05-20 05:56:09 Perf: detect: AppLayer MPM "toserver http_request_line (http2)": 8
[1 - Suricata-Main] 2025-05-20 05:56:09 Perf: detect: AppLayer MPM "toserver http_client_body (http)": 14
[1 - Suricata-Main] 2025-05-20 05:56:09 Perf: detect: AppLayer MPM "toserver http_client_body (http)": 2
[1 - Suricata-Main] 2025-05-20 05:56:09 Perf: detect: AppLayer MPM "toserver http_client_body (http2)": 14
[1 - Suricata-Main] 2025-05-20 05:56:09 Perf: detect: AppLayer MPM "toserver http_client_body (http2)": 2
[1 - Suricata-Main] 2025-05-20 05:56:09 Perf: detect: AppLayer MPM "toclient http_response_line (http)": 2
[1 - Suricata-Main] 2025-05-20 05:56:09 Perf: detect: AppLayer MPM "toclient http_response_line (http2)": 2
[1 - Suricata-Main] 2025-05-20 05:56:09 Perf: detect: AppLayer MPM "toserver http_header (http)": 10
[1 - Suricata-Main] 2025-05-20 05:56:09 Perf: detect: AppLayer MPM "toserver http_header (http)": 1
[1 - Suricata-Main] 2025-05-20 05:56:09 Perf: detect: AppLayer MPM "toserver http_header (http)": 4
[1 - Suricata-Main] 2025-05-20 05:56:09 Perf: detect: AppLayer MPM "toserver http_header (http)": 4
[1 - Suricata-Main] 2025-05-20 05:56:09 Perf: detect: AppLayer MPM "toserver http_header (http)": 10
[1 - Suricata-Main] 2025-05-20 05:56:09 Perf: detect: AppLayer MPM "toclient http_header (http)": 10
[1 - Suricata-Main] 2025-05-20 05:56:09 Perf: detect: AppLayer MPM "toclient http_header (http)": 1
[1 - Suricata-Main] 2025-05-20 05:56:09 Perf: detect: AppLayer MPM "toclient http_header (http)": 4
[1 - Suricata-Main] 2025-05-20 05:56:09 Perf: detect: AppLayer MPM "toclient http_header (http)": 4
[1 - Suricata-Main] 2025-05-20 05:56:09 Perf: detect: AppLayer MPM "toclient http_header (http)": 10
[1 - Suricata-Main] 2025-05-20 05:56:09 Perf: detect: AppLayer MPM "toserver http_header (http2)": 10
[1 - Suricata-Main] 2025-05-20 05:56:09 Perf: detect: AppLayer MPM "toserver http_header (http2)": 1
[1 - Suricata-Main] 2025-05-20 05:56:09 Perf: detect: AppLayer MPM "toserver http_header (http2)": 4
[1 - Suricata-Main] 2025-05-20 05:56:09 Perf: detect: AppLayer MPM "toserver http_header (http2)": 4
[1 - Suricata-Main] 2025-05-20 05:56:09 Perf: detect: AppLayer MPM "toserver http_header (http2)": 10
[1 - Suricata-Main] 2025-05-20 05:56:09 Perf: detect: AppLayer MPM "toclient http_header (http2)": 10
[1 - Suricata-Main] 2025-05-20 05:56:09 Perf: detect: AppLayer MPM "toclient http_header (http2)": 1
[1 - Suricata-Main] 2025-05-20 05:56:09 Perf: detect: AppLayer MPM "toclient http_header (http2)": 4
[1 - Suricata-Main] 2025-05-20 05:56:09 Perf: detect: AppLayer MPM "toclient http_header (http2)": 4
[1 - Suricata-Main] 2025-05-20 05:56:09 Perf: detect: AppLayer MPM "toclient http_header (http2)": 10
[1 - Suricata-Main] 2025-05-20 05:56:09 Perf: detect: AppLayer MPM "toserver http_request_header (http2)": 2
[1 - Suricata-Main] 2025-05-20 05:56:09 Perf: detect: AppLayer MPM "toserver http_request_header (http2)": 4
[1 - Suricata-Main] 2025-05-20 05:56:09 Perf: detect: AppLayer MPM "toserver http_request_header (http)": 2
[1 - Suricata-Main] 2025-05-20 05:56:09 Perf: detect: AppLayer MPM "toserver http_request_header (http)": 4
[1 - Suricata-Main] 2025-05-20 05:56:09 Perf: detect: AppLayer MPM "toclient http_response_header (http2)": 2
[1 - Suricata-Main] 2025-05-20 05:56:09 Perf: detect: AppLayer MPM "toclient http_response_header (http2)": 2
[1 - Suricata-Main] 2025-05-20 05:56:09 Perf: detect: AppLayer MPM "toclient http_response_header (http2)": 2
[1 - Suricata-Main] 2025-05-20 05:56:09 Perf: detect: AppLayer MPM "toclient http_response_header (http2)": 2
[1 - Suricata-Main] 2025-05-20 05:56:09 Perf: detect: AppLayer MPM "toclient http_response_header (http)": 2
[1 - Suricata-Main] 2025-05-20 05:56:09 Perf: detect: AppLayer MPM "toclient http_response_header (http)": 2
[1 - Suricata-Main] 2025-05-20 05:56:09 Perf: detect: AppLayer MPM "toclient http_response_header (http)": 2
[1 - Suricata-Main] 2025-05-20 05:56:09 Perf: detect: AppLayer MPM "toclient http_response_header (http)": 2
[1 - Suricata-Main] 2025-05-20 05:56:09 Perf: detect: AppLayer MPM "toserver http_header_names (http)": 11
[1 - Suricata-Main] 2025-05-20 05:56:09 Perf: detect: AppLayer MPM "toserver http_header_names (http)": 1
[1 - Suricata-Main] 2025-05-20 05:56:09 Perf: detect: AppLayer MPM "toserver http_header_names (http)": 2
[1 - Suricata-Main] 2025-05-20 05:56:09 Perf: detect: AppLayer MPM "toserver http_header_names (http)": 4
[1 - Suricata-Main] 2025-05-20 05:56:09 Perf: detect: AppLayer MPM "toserver http_header_names (http)": 8
[1 - Suricata-Main] 2025-05-20 05:56:09 Perf: detect: AppLayer MPM "toclient http_header_names (http)": 11
[1 - Suricata-Main] 2025-05-20 05:56:09 Perf: detect: AppLayer MPM "toclient http_header_names (http)": 1
[1 - Suricata-Main] 2025-05-20 05:56:09 Perf: detect: AppLayer MPM "toclient http_header_names (http)": 2
[1 - Suricata-Main] 2025-05-20 05:56:09 Perf: detect: AppLayer MPM "toclient http_header_names (http)": 4
[1 - Suricata-Main] 2025-05-20 05:56:09 Perf: detect: AppLayer MPM "toclient http_header_names (http)": 8
[1 - Suricata-Main] 2025-05-20 05:56:09 Perf: detect: AppLayer MPM "toserver http_header_names (http2)": 11
[1 - Suricata-Main] 2025-05-20 05:56:09 Perf: detect: AppLayer MPM "toserver http_header_names (http2)": 1
[1 - Suricata-Main] 2025-05-20 05:56:09 Perf: detect: AppLayer MPM "toserver http_header_names (http2)": 2
[1 - Suricata-Main] 2025-05-20 05:56:09 Perf: detect: AppLayer MPM "toserver http_header_names (http2)": 4
[1 - Suricata-Main] 2025-05-20 05:56:09 Perf: detect: AppLayer MPM "toserver http_header_names (http2)": 8
[1 - Suricata-Main] 2025-05-20 05:56:09 Perf: detect: AppLayer MPM "toclient http_header_names (http2)": 11
[1 - Suricata-Main] 2025-05-20 05:56:09 Perf: detect: AppLayer MPM "toclient http_header_names (http2)": 1
[1 - Suricata-Main] 2025-05-20 05:56:09 Perf: detect: AppLayer MPM "toclient http_header_names (http2)": 2
[1 - Suricata-Main] 2025-05-20 05:56:09 Perf: detect: AppLayer MPM "toclient http_header_names (http2)": 4
[1 - Suricata-Main] 2025-05-20 05:56:09 Perf: detect: AppLayer MPM "toclient http_header_names (http2)": 8
[1 - Suricata-Main] 2025-05-20 05:56:09 Perf: detect: AppLayer MPM "toserver http_accept (http)": 8
[1 - Suricata-Main] 2025-05-20 05:56:09 Perf: detect: AppLayer MPM "toserver http_accept (http2)": 8
[1 - Suricata-Main] 2025-05-20 05:56:09 Perf: detect: AppLayer MPM "toserver http_accept_enc (http)": 2
[1 - Suricata-Main] 2025-05-20 05:56:09 Perf: detect: AppLayer MPM "toserver http_accept_enc (http2)": 2
[1 - Suricata-Main] 2025-05-20 05:56:09 Perf: detect: AppLayer MPM "toserver http_accept_lang (http)": 2
[1 - Suricata-Main] 2025-05-20 05:56:09 Perf: detect: AppLayer MPM "toserver http_accept_lang (http2)": 2
[1 - Suricata-Main] 2025-05-20 05:56:09 Perf: detect: AppLayer MPM "toserver http_referer (http)": 2
[1 - Suricata-Main] 2025-05-20 05:56:09 Perf: detect: AppLayer MPM "toserver http_referer (http2)": 2
[1 - Suricata-Main] 2025-05-20 05:56:09 Perf: detect: AppLayer MPM "toserver http_connection (http)": 2
[1 - Suricata-Main] 2025-05-20 05:56:09 Perf: detect: AppLayer MPM "toserver http_connection (http2)": 2
[1 - Suricata-Main] 2025-05-20 05:56:09 Perf: detect: AppLayer MPM "toclient http_connection (http)": 2
[1 - Suricata-Main] 2025-05-20 05:56:09 Perf: detect: AppLayer MPM "toclient http_connection (http2)": 2
[1 - Suricata-Main] 2025-05-20 05:56:09 Perf: detect: AppLayer MPM "toserver http_content_len (http)": 4
[1 - Suricata-Main] 2025-05-20 05:56:09 Perf: detect: AppLayer MPM "toserver http_content_len (http2)": 4
[1 - Suricata-Main] 2025-05-20 05:56:09 Perf: detect: AppLayer MPM "toclient http_content_len (http)": 4
[1 - Suricata-Main] 2025-05-20 05:56:09 Perf: detect: AppLayer MPM "toclient http_content_len (http2)": 4
[1 - Suricata-Main] 2025-05-20 05:56:09 Perf: detect: AppLayer MPM "toserver http_content_type (http)": 4
[1 - Suricata-Main] 2025-05-20 05:56:09 Perf: detect: AppLayer MPM "toserver http_content_type (http2)": 4
[1 - Suricata-Main] 2025-05-20 05:56:09 Perf: detect: AppLayer MPM "toclient http_content_type (http)": 4
[1 - Suricata-Main] 2025-05-20 05:56:09 Perf: detect: AppLayer MPM "toclient http_content_type (http2)": 4
[1 - Suricata-Main] 2025-05-20 05:56:09 Perf: detect: AppLayer MPM "toclient http.server (http)": 4
[1 - Suricata-Main] 2025-05-20 05:56:09 Perf: detect: AppLayer MPM "toclient http.server (http2)": 4
[1 - Suricata-Main] 2025-05-20 05:56:09 Perf: detect: AppLayer MPM "toclient http.location (http)": 2
[1 - Suricata-Main] 2025-05-20 05:56:09 Perf: detect: AppLayer MPM "toclient http.location (http2)": 2
[1 - Suricata-Main] 2025-05-20 05:56:09 Perf: detect: AppLayer MPM "toserver http_start (http)": 6
[1 - Suricata-Main] 2025-05-20 05:56:09 Perf: detect: AppLayer MPM "toclient http_start (http)": 6
[1 - Suricata-Main] 2025-05-20 05:56:09 Perf: detect: AppLayer MPM "toserver http_raw_header (http)": 4
[1 - Suricata-Main] 2025-05-20 05:56:09 Perf: detect: AppLayer MPM "toserver http_raw_header (http)": 2
[1 - Suricata-Main] 2025-05-20 05:56:09 Perf: detect: AppLayer MPM "toserver http_raw_header (http)": 4
[1 - Suricata-Main] 2025-05-20 05:56:09 Perf: detect: AppLayer MPM "toclient http_raw_header (http)": 4
[1 - Suricata-Main] 2025-05-20 05:56:09 Perf: detect: AppLayer MPM "toclient http_raw_header (http)": 2
[1 - Suricata-Main] 2025-05-20 05:56:09 Perf: detect: AppLayer MPM "toclient http_raw_header (http)": 4
[1 - Suricata-Main] 2025-05-20 05:56:09 Perf: detect: AppLayer MPM "toserver http_raw_header (http2)": 4
[1 - Suricata-Main] 2025-05-20 05:56:09 Perf: detect: AppLayer MPM "toserver http_raw_header (http2)": 2
[1 - Suricata-Main] 2025-05-20 05:56:09 Perf: detect: AppLayer MPM "toserver http_raw_header (http2)": 4
[1 - Suricata-Main] 2025-05-20 05:56:09 Perf: detect: AppLayer MPM "toclient http_raw_header (http2)": 4
[1 - Suricata-Main] 2025-05-20 05:56:09 Perf: detect: AppLayer MPM "toclient http_raw_header (http2)": 2
[1 - Suricata-Main] 2025-05-20 05:56:09 Perf: detect: AppLayer MPM "toclient http_raw_header (http2)": 4
[1 - Suricata-Main] 2025-05-20 05:56:09 Perf: detect: AppLayer MPM "toserver http_method (http)": 4
[1 - Suricata-Main] 2025-05-20 05:56:09 Perf: detect: AppLayer MPM "toserver http_method (http2)": 4
[1 - Suricata-Main] 2025-05-20 05:56:09 Perf: detect: AppLayer MPM "toserver http_cookie (http)": 8
[1 - Suricata-Main] 2025-05-20 05:56:09 Perf: detect: AppLayer MPM "toclient http_cookie (http)": 8
[1 - Suricata-Main] 2025-05-20 05:56:09 Perf: detect: AppLayer MPM "toserver http_cookie (http2)": 8
[1 - Suricata-Main] 2025-05-20 05:56:09 Perf: detect: AppLayer MPM "toclient http_cookie (http2)": 8
[1 - Suricata-Main] 2025-05-20 05:56:09 Perf: detect: AppLayer MPM "toserver http_user_agent (http)": 15
[1 - Suricata-Main] 2025-05-20 05:56:09 Perf: detect: AppLayer MPM "toserver http_user_agent (http2)": 15
[1 - Suricata-Main] 2025-05-20 05:56:09 Perf: detect: AppLayer MPM "toserver http_host (http)": 2
[1 - Suricata-Main] 2025-05-20 05:56:09 Perf: detect: AppLayer MPM "toserver http_host (http)": 4
[1 - Suricata-Main] 2025-05-20 05:56:09 Perf: detect: AppLayer MPM "toserver http_host (http2)": 2
[1 - Suricata-Main] 2025-05-20 05:56:09 Perf: detect: AppLayer MPM "toserver http_host (http2)": 4
[1 - Suricata-Main] 2025-05-20 05:56:09 Perf: detect: AppLayer MPM "toserver http_raw_host (http)": 2
[1 - Suricata-Main] 2025-05-20 05:56:09 Perf: detect: AppLayer MPM "toserver http_raw_host (http2)": 2
[1 - Suricata-Main] 2025-05-20 05:56:09 Perf: detect: AppLayer MPM "toclient http_stat_code (http)": 4
[1 - Suricata-Main] 2025-05-20 05:56:09 Perf: detect: AppLayer MPM "toclient http_stat_code (http2)": 4
[1 - Suricata-Main] 2025-05-20 05:56:09 Perf: detect: AppLayer MPM "toserver dns_query (dns)": 2
[1 - Suricata-Main] 2025-05-20 05:56:09 Perf: detect: AppLayer MPM "toserver dns_query (dns)": 1
[1 - Suricata-Main] 2025-05-20 05:56:09 Perf: detect: AppLayer MPM "toserver tls.sni (tls)": 3
[1 - Suricata-Main] 2025-05-20 05:56:09 Perf: detect: AppLayer MPM "toserver tls.sni (tls)": 1
[1 - Suricata-Main] 2025-05-20 05:56:09 Perf: detect: AppLayer MPM "toserver tls.cert_issuer (tls)": 6
[1 - Suricata-Main] 2025-05-20 05:56:09 Perf: detect: AppLayer MPM "toclient tls.cert_issuer (tls)": 6
[1 - Suricata-Main] 2025-05-20 05:56:09 Perf: detect: AppLayer MPM "toserver tls.cert_subject (tls)": 4
[1 - Suricata-Main] 2025-05-20 05:56:09 Perf: detect: AppLayer MPM "toclient tls.cert_subject (tls)": 4
[1 - Suricata-Main] 2025-05-20 05:56:09 Perf: detect: AppLayer MPM "toclient tls.cert_serial (tls)": 2
[1 - Suricata-Main] 2025-05-20 05:56:09 Perf: detect: AppLayer MPM "toserver tls.cert_serial (tls)": 2
[1 - Suricata-Main] 2025-05-20 05:56:09 Perf: detect: AppLayer MPM "toclient tls.cert_fingerprint (tls)": 1
[1 - Suricata-Main] 2025-05-20 05:56:09 Perf: detect: AppLayer MPM "toserver tls.cert_fingerprint (tls)": 1
[1 - Suricata-Main] 2025-05-20 05:56:09 Perf: detect: AppLayer MPM "toclient tls.certs (tls)": 2
[1 - Suricata-Main] 2025-05-20 05:56:09 Perf: detect: AppLayer MPM "toserver tls.certs (tls)": 2
[1 - Suricata-Main] 2025-05-20 05:56:09 Perf: detect: AppLayer MPM "toserver ja3.hash (tls)": 2
[1 - Suricata-Main] 2025-05-20 05:56:09 Perf: detect: AppLayer MPM "toserver ja3.hash (quic)": 2
[1 - Suricata-Main] 2025-05-20 05:56:09 Perf: detect: AppLayer MPM "toclient ja3s.hash (tls)": 1
[1 - Suricata-Main] 2025-05-20 05:56:09 Perf: detect: AppLayer MPM "toclient ja3s.hash (quic)": 1
[1 - Suricata-Main] 2025-05-20 05:56:09 Perf: detect: AppLayer MPM "toserver ssh.proto (ssh)": 1
[1 - Suricata-Main] 2025-05-20 05:56:09 Perf: detect: AppLayer MPM "toclient ssh.proto (ssh)": 1
[1 - Suricata-Main] 2025-05-20 05:56:09 Perf: detect: AppLayer MPM "toclient file_data (nfs)": 17
[1 - Suricata-Main] 2025-05-20 05:56:09 Perf: detect: AppLayer MPM "toclient file_data (nfs)": 2
[1 - Suricata-Main] 2025-05-20 05:56:09 Perf: detect: AppLayer MPM "toserver file_data (nfs)": 17
[1 - Suricata-Main] 2025-05-20 05:56:09 Perf: detect: AppLayer MPM "toserver file_data (nfs)": 2
[1 - Suricata-Main] 2025-05-20 05:56:09 Perf: detect: AppLayer MPM "toclient file_data (smb)": 17
[1 - Suricata-Main] 2025-05-20 05:56:09 Perf: detect: AppLayer MPM "toclient file_data (smb)": 2
[1 - Suricata-Main] 2025-05-20 05:56:09 Perf: detect: AppLayer MPM "toserver file_data (smb)": 17
[1 - Suricata-Main] 2025-05-20 05:56:09 Perf: detect: AppLayer MPM "toserver file_data (smb)": 2
[1 - Suricata-Main] 2025-05-20 05:56:09 Perf: detect: AppLayer MPM "toclient file_data (ftp)": 17
[1 - Suricata-Main] 2025-05-20 05:56:09 Perf: detect: AppLayer MPM "toclient file_data (ftp)": 2
[1 - Suricata-Main] 2025-05-20 05:56:09 Perf: detect: AppLayer MPM "toserver file_data (ftp)": 17
[1 - Suricata-Main] 2025-05-20 05:56:09 Perf: detect: AppLayer MPM "toserver file_data (ftp)": 2
[1 - Suricata-Main] 2025-05-20 05:56:09 Perf: detect: AppLayer MPM "toclient file_data (ftp-data)": 17
[1 - Suricata-Main] 2025-05-20 05:56:09 Perf: detect: AppLayer MPM "toclient file_data (ftp-data)": 2
[1 - Suricata-Main] 2025-05-20 05:56:09 Perf: detect: AppLayer MPM "toserver file_data (ftp-data)": 17
[1 - Suricata-Main] 2025-05-20 05:56:09 Perf: detect: AppLayer MPM "toserver file_data (ftp-data)": 2
[1 - Suricata-Main] 2025-05-20 05:56:09 Perf: detect: AppLayer MPM "toclient file_data (http)": 17
[1 - Suricata-Main] 2025-05-20 05:56:09 Perf: detect: AppLayer MPM "toclient file_data (http)": 2
[1 - Suricata-Main] 2025-05-20 05:56:09 Perf: detect: AppLayer MPM "toserver file_data (http)": 17
[1 - Suricata-Main] 2025-05-20 05:56:09 Perf: detect: AppLayer MPM "toserver file_data (http)": 2
[1 - Suricata-Main] 2025-05-20 05:56:09 Perf: detect: AppLayer MPM "toclient file_data (http2)": 17
[1 - Suricata-Main] 2025-05-20 05:56:09 Perf: detect: AppLayer MPM "toclient file_data (http2)": 2
[1 - Suricata-Main] 2025-05-20 05:56:09 Perf: detect: AppLayer MPM "toserver file_data (http2)": 17
[1 - Suricata-Main] 2025-05-20 05:56:09 Perf: detect: AppLayer MPM "toserver file_data (http2)": 2
[1 - Suricata-Main] 2025-05-20 05:56:09 Perf: detect: AppLayer MPM "toserver file_data (smtp)": 17
[1 - Suricata-Main] 2025-05-20 05:56:09 Perf: detect: AppLayer MPM "toserver file_data (smtp)": 2
[1 - Suricata-Main] 2025-05-20 05:56:09 Perf: detect: Pkt MPM "icmpv6.hdr": 1
[1 - Suricata-Main] 2025-05-20 05:56:09 Perf: detect: Pkt MPM "ipv6.hdr": 1
[1 - Suricata-Main] 2025-05-20 05:56:12 Config: af-packet: enp0s3: using flow cluster mode for AF_PACKET
[1 - Suricata-Main] 2025-05-20 05:56:12 Perf: af-packet: enp0s3: cluster_flow: 5 cores, using 5 threads
[1 - Suricata-Main] 2025-05-20 05:56:12 Perf: ioctl: enp0s3: disabling gro offloading
[1 - Suricata-Main] 2025-05-20 05:56:12 Perf: ioctl: enp0s3: disabling tso offloading
[1 - Suricata-Main] 2025-05-20 05:56:12 Perf: ioctl: enp0s3: disabling gso offloading
[1 - Suricata-Main] 2025-05-20 05:56:12 Perf: ioctl: enp0s3: disabling sg offloading
[1 - Suricata-Main] 2025-05-20 05:56:12 Warning: af-packet: enp0s3: AF_PACKET tpacket-v3 is recommended for non-inline operation
[1 - Suricata-Main] 2025-05-20 05:56:12 Info: runmodes: enp0s3: creating 5 threads
[1 - Suricata-Main] 2025-05-20 05:56:12 Config: flow-manager: using 1 flow manager threads
[1 - Suricata-Main] 2025-05-20 05:56:12 Config: flow-manager: using 1 flow recycler threads
[1 - Suricata-Main] 2025-05-20 05:56:12 Info: unix-manager: unix socket '/var/run/suricata/suricata-command.socket'
[12 - W#01-enp0s3] 2025-05-20 05:56:12 Config: af-packet: enp0s3: defrag enabled, setting snaplen to 9216
[12 - W#01-enp0s3] 2025-05-20 05:56:12 Perf: af-packet: enp0s3: rx ring: block_size=131072 block_nr=30 frame_size=9296 frame_nr=420
[13 - W#02-enp0s3] 2025-05-20 05:56:12 Config: af-packet: enp0s3: defrag enabled, setting snaplen to 9216
[13 - W#02-enp0s3] 2025-05-20 05:56:12 Perf: af-packet: enp0s3: rx ring: block_size=131072 block_nr=30 frame_size=9296 frame_nr=420
[14 - W#03-enp0s3] 2025-05-20 05:56:12 Config: af-packet: enp0s3: defrag enabled, setting snaplen to 9216
[14 - W#03-enp0s3] 2025-05-20 05:56:12 Perf: af-packet: enp0s3: rx ring: block_size=131072 block_nr=30 frame_size=9296 frame_nr=420
[15 - W#04-enp0s3] 2025-05-20 05:56:12 Config: af-packet: enp0s3: defrag enabled, setting snaplen to 9216
[15 - W#04-enp0s3] 2025-05-20 05:56:12 Perf: af-packet: enp0s3: rx ring: block_size=131072 block_nr=30 frame_size=9296 frame_nr=420
[16 - W#05-enp0s3] 2025-05-20 05:56:12 Config: af-packet: enp0s3: defrag enabled, setting snaplen to 9216
[16 - W#05-enp0s3] 2025-05-20 05:56:12 Perf: af-packet: enp0s3: rx ring: block_size=131072 block_nr=30 frame_size=9296 frame_nr=420
[1 - Suricata-Main] 2025-05-20 05:56:12 Notice: threads: Threads created -> W: 5 FM: 1 FR: 1   Engine started.
[1 - Suricata-Main] 2025-05-20 06:07:17 Notice: suricata: Signal Received.  Stopping engine.
[1 - Suricata-Main] 2025-05-20 06:07:18 Info: suricata: time elapsed 665.594s
[18 - FR#01] 2025-05-20 06:07:19 Perf: flow-manager: 873 flows processed
[12 - W#01-enp0s3] 2025-05-20 06:07:19 Perf: af-packet: enp0s3: (W#01-enp0s3) kernel: Packets 4037, dropped 0
[13 - W#02-enp0s3] 2025-05-20 06:07:19 Perf: af-packet: enp0s3: (W#02-enp0s3) kernel: Packets 2865, dropped 0
[14 - W#03-enp0s3] 2025-05-20 06:07:19 Perf: af-packet: enp0s3: (W#03-enp0s3) kernel: Packets 2918, dropped 0
[15 - W#04-enp0s3] 2025-05-20 06:07:19 Perf: af-packet: enp0s3: (W#04-enp0s3) kernel: Packets 3455, dropped 0
[16 - W#05-enp0s3] 2025-05-20 06:07:19 Perf: af-packet: enp0s3: (W#05-enp0s3) kernel: Packets 6350, dropped 0
[1 - Suricata-Main] 2025-05-20 06:07:19 Info: counters: Alerts: 0
[1 - Suricata-Main] 2025-05-20 06:07:19 Perf: ippair: ippair memory usage: 414144 bytes, maximum: 16777216
[1 - Suricata-Main] 2025-05-20 06:07:19 Perf: host: host memory usage: 398144 bytes, maximum: 33554432
[1 - Suricata-Main] 2025-05-20 06:07:20 Notice: device: enp0s3: packets: 19625, drops: 0 (0.00%), invalid chksum: 0
[1 - Suricata-Main] 2025-05-20 06:07:20 Perf: ioctl: enp0s3: restoring gro offloading
[1 - Suricata-Main] 2025-05-20 06:07:20 Perf: ioctl: enp0s3: restoring tso offloading
[1 - Suricata-Main] 2025-05-20 06:07:20 Perf: ioctl: enp0s3: restoring gso offloading
[1 - Suricata-Main] 2025-05-20 06:07:20 Perf: ioctl: enp0s3: restoring sg offloading
[1 - Suricata-Main] 2025-05-20 06:08:13 Notice: suricata: This is Suricata version 7.0.10 RELEASE running in SYSTEM mode
[1 - Suricata-Main] 2025-05-20 06:08:13 Info: cpu: CPUs/cores online: 5
[1 - Suricata-Main] 2025-05-20 06:08:13 Info: suricata: Setting engine mode to IDS mode by default
[1 - Suricata-Main] 2025-05-20 06:08:13 Info: exception-policy: master exception-policy set to: auto
[1 - Suricata-Main] 2025-05-20 06:08:13 Config: exception-policy: app-layer.error-policy: ignore (defined via 'exception-policy' master switch)
[1 - Suricata-Main] 2025-05-20 06:08:13 Config: app-layer-htp: 'default' server has 'request-body-minimal-inspect-size' set to 32876 and 'request-body-inspect-window' set to 3910 after randomization.
[1 - Suricata-Main] 2025-05-20 06:08:13 Config: app-layer-htp: 'default' server has 'response-body-minimal-inspect-size' set to 42065 and 'response-body-inspect-window' set to 17186 after randomization.
[1 - Suricata-Main] 2025-05-20 06:08:13 Config: smb: read: max record size: 16777216, max queued chunks 64, max queued size 67108864
[1 - Suricata-Main] 2025-05-20 06:08:13 Config: smb: write: max record size: 16777216, max queued chunks 64, max queued size 67108864
[1 - Suricata-Main] 2025-05-20 06:08:13 Config: app-layer-enip: Protocol detection and parser disabled for enip protocol.
[1 - Suricata-Main] 2025-05-20 06:08:13 Config: app-layer-dnp3: Protocol detection and parser disabled for DNP3.
[1 - Suricata-Main] 2025-05-20 06:08:13 Config: host: allocated 262144 bytes of memory for the host hash... 4096 buckets of size 64
[1 - Suricata-Main] 2025-05-20 06:08:13 Config: host: preallocated 1000 hosts of size 136
[1 - Suricata-Main] 2025-05-20 06:08:13 Config: host: host memory usage: 398144 bytes, maximum: 33554432
[1 - Suricata-Main] 2025-05-20 06:08:13 Config: coredump-config: Core dump size is unlimited.
[1 - Suricata-Main] 2025-05-20 06:08:13 Config: exception-policy: defrag.memcap-policy: ignore (defined via 'exception-policy' master switch)
[1 - Suricata-Main] 2025-05-20 06:08:13 Config: defrag-hash: allocated 3670016 bytes of memory for the defrag hash... 65536 buckets of size 56
[1 - Suricata-Main] 2025-05-20 06:08:13 Config: defrag-hash: preallocated 65535 defrag trackers of size 160
[1 - Suricata-Main] 2025-05-20 06:08:13 Config: defrag-hash: defrag memory usage: 14155616 bytes, maximum: 33554432
[1 - Suricata-Main] 2025-05-20 06:08:13 Config: exception-policy: flow.memcap-policy: ignore (defined via 'exception-policy' master switch)
[1 - Suricata-Main] 2025-05-20 06:08:13 Config: flow: flow size 304, memcap allows for 441505 flows. Per hash row in perfect conditions 6
[1 - Suricata-Main] 2025-05-20 06:08:13 Config: stream-tcp: stream "prealloc-sessions": 2048 (per thread)
[1 - Suricata-Main] 2025-05-20 06:08:13 Config: stream-tcp: stream "memcap": 67108864
[1 - Suricata-Main] 2025-05-20 06:08:13 Config: stream-tcp: stream "midstream" session pickups: disabled
[1 - Suricata-Main] 2025-05-20 06:08:13 Config: stream-tcp: stream "async-oneside": disabled
[1 - Suricata-Main] 2025-05-20 06:08:13 Config: stream-tcp: stream "checksum-validation": enabled
[1 - Suricata-Main] 2025-05-20 06:08:13 Config: exception-policy: stream.memcap-policy: ignore (defined via 'exception-policy' master switch)
[1 - Suricata-Main] 2025-05-20 06:08:13 Config: exception-policy: stream.reassembly.memcap-policy: ignore (defined via 'exception-policy' master switch)
[1 - Suricata-Main] 2025-05-20 06:08:13 Config: exception-policy: stream.midstream-policy: ignore (defined via 'exception-policy' master switch)
[1 - Suricata-Main] 2025-05-20 06:08:13 Config: stream-tcp: stream."inline": disabled
[1 - Suricata-Main] 2025-05-20 06:08:13 Config: stream-tcp: stream "bypass": disabled
[1 - Suricata-Main] 2025-05-20 06:08:13 Config: stream-tcp: stream.reassembly.urgent.policy": inline
[1 - Suricata-Main] 2025-05-20 06:08:13 Config: stream-tcp: stream "max-syn-queued": 10
[1 - Suricata-Main] 2025-05-20 06:08:13 Config: stream-tcp: stream "max-synack-queued": 5
[1 - Suricata-Main] 2025-05-20 06:08:13 Config: stream-tcp: stream.reassembly "memcap": 268435456
[1 - Suricata-Main] 2025-05-20 06:08:13 Config: stream-tcp: stream.reassembly "depth": 1048576
[1 - Suricata-Main] 2025-05-20 06:08:13 Config: stream-tcp: stream.reassembly "toserver-chunk-size": 2622
[1 - Suricata-Main] 2025-05-20 06:08:13 Config: stream-tcp: stream.reassembly "toclient-chunk-size": 2496
[1 - Suricata-Main] 2025-05-20 06:08:13 Config: stream-tcp: stream.reassembly.raw: enabled
[1 - Suricata-Main] 2025-05-20 06:08:13 Config: stream-tcp: stream.liberal-timestamps: disabled
[1 - Suricata-Main] 2025-05-20 06:08:13 Config: stream-tcp-reassemble: stream.reassembly "segment-prealloc": 2048
[1 - Suricata-Main] 2025-05-20 06:08:13 Config: stream-tcp-reassemble: stream.reassembly "max-regions": 8
[1 - Suricata-Main] 2025-05-20 06:08:13 Info: conf: Running in live mode, activating unix socket
[1 - Suricata-Main] 2025-05-20 06:08:13 Info: logopenfile: fast output device (regular) initialized: fast.log
[1 - Suricata-Main] 2025-05-20 06:08:13 Info: logopenfile: eve-log output device (regular) initialized: eve.json
[1 - Suricata-Main] 2025-05-20 06:08:13 Config: runmodes: enabling 'eve-log' module 'alert'
[1 - Suricata-Main] 2025-05-20 06:08:13 Config: runmodes: enabling 'eve-log' module 'frame'
[1 - Suricata-Main] 2025-05-20 06:08:13 Config: runmodes: enabling 'eve-log' module 'anomaly'
[1 - Suricata-Main] 2025-05-20 06:08:13 Config: runmodes: enabling 'eve-log' module 'http'
[1 - Suricata-Main] 2025-05-20 06:08:13 Config: runmodes: enabling 'eve-log' module 'dns'
[1 - Suricata-Main] 2025-05-20 06:08:13 Config: runmodes: enabling 'eve-log' module 'tls'
[1 - Suricata-Main] 2025-05-20 06:08:13 Config: runmodes: enabling 'eve-log' module 'files'
[1 - Suricata-Main] 2025-05-20 06:08:13 Config: runmodes: enabling 'eve-log' module 'smtp'
[1 - Suricata-Main] 2025-05-20 06:08:13 Config: runmodes: enabling 'eve-log' module 'ftp'
[1 - Suricata-Main] 2025-05-20 06:08:13 Config: runmodes: enabling 'eve-log' module 'rdp'
[1 - Suricata-Main] 2025-05-20 06:08:13 Config: runmodes: enabling 'eve-log' module 'nfs'
[1 - Suricata-Main] 2025-05-20 06:08:13 Config: runmodes: enabling 'eve-log' module 'smb'
[1 - Suricata-Main] 2025-05-20 06:08:13 Config: runmodes: enabling 'eve-log' module 'tftp'
[1 - Suricata-Main] 2025-05-20 06:08:13 Config: runmodes: enabling 'eve-log' module 'ike'
[1 - Suricata-Main] 2025-05-20 06:08:13 Config: runmodes: enabling 'eve-log' module 'dcerpc'
[1 - Suricata-Main] 2025-05-20 06:08:13 Config: runmodes: enabling 'eve-log' module 'krb5'
[1 - Suricata-Main] 2025-05-20 06:08:13 Config: runmodes: enabling 'eve-log' module 'bittorrent-dht'
[1 - Suricata-Main] 2025-05-20 06:08:13 Config: runmodes: enabling 'eve-log' module 'snmp'
[1 - Suricata-Main] 2025-05-20 06:08:13 Config: runmodes: enabling 'eve-log' module 'rfb'
[1 - Suricata-Main] 2025-05-20 06:08:13 Config: runmodes: enabling 'eve-log' module 'sip'
[1 - Suricata-Main] 2025-05-20 06:08:13 Config: runmodes: enabling 'eve-log' module 'quic'
[1 - Suricata-Main] 2025-05-20 06:08:13 Config: runmodes: enabling 'eve-log' module 'dhcp'
[1 - Suricata-Main] 2025-05-20 06:08:13 Config: runmodes: enabling 'eve-log' module 'ssh'
[1 - Suricata-Main] 2025-05-20 06:08:13 Config: runmodes: enabling 'eve-log' module 'mqtt'
[1 - Suricata-Main] 2025-05-20 06:08:13 Config: runmodes: enabling 'eve-log' module 'http2'
[1 - Suricata-Main] 2025-05-20 06:08:13 Config: runmodes: enabling 'eve-log' module 'pgsql'
[1 - Suricata-Main] 2025-05-20 06:08:13 Config: runmodes: enabling 'eve-log' module 'stats'
[1 - Suricata-Main] 2025-05-20 06:08:13 Config: runmodes: enabling 'eve-log' module 'flow'
[1 - Suricata-Main] 2025-05-20 06:08:13 Info: logopenfile: stats output device (regular) initialized: stats.log
[1 - Suricata-Main] 2025-05-20 06:08:13 Config: landlock: Landlock is not enabled in configuration
[1 - Suricata-Main] 2025-05-20 06:08:13 Config: suricata: Delayed detect disabled
[1 - Suricata-Main] 2025-05-20 06:08:13 Config: detect: pattern matchers: MPM: ac, SPM: bm
[1 - Suricata-Main] 2025-05-20 06:08:13 Config: detect: grouping: tcp-whitelist (default) 53, 80, 139, 443, 445, 1433, 3306, 3389, 6666, 6667, 8080
[1 - Suricata-Main] 2025-05-20 06:08:13 Config: detect: grouping: udp-whitelist (default) 53, 135, 5060
[1 - Suricata-Main] 2025-05-20 06:08:13 Config: detect: prefilter engines: MPM
[1 - Suricata-Main] 2025-05-20 06:08:13 Config: reputation: IP reputation disabled
[1 - Suricata-Main] 2025-05-20 06:08:13 Config: detect: Loading rule file: /var/lib/suricata/rules/suricata.rules
[1 - Suricata-Main] 2025-05-20 06:08:14 Info: detect-fast-pattern: fast_pattern is ineffective with base64_data
[1 - Suricata-Main] 2025-05-20 06:08:14 Info: detect-fast-pattern: fast_pattern is ineffective with base64_data
[1 - Suricata-Main] 2025-05-20 06:08:14 Info: detect: 1 rule files processed. 42614 rules successfully loaded, 0 rules failed, 0
[1 - Suricata-Main] 2025-05-20 06:08:14 Info: threshold-config: Threshold config parsed: 0 rule(s) found
[1 - Suricata-Main] 2025-05-20 06:08:14 Info: detect: 42617 signatures processed. 1270 are IP-only rules, 4333 are inspecting packet payload, 36797 inspect application layer, 109 are decoder event only
[1 - Suricata-Main] 2025-05-20 06:08:14 Config: detect: building signature grouping structure, stage 1: preprocessing rules... complete
[1 - Suricata-Main] 2025-05-20 06:08:14 Perf: detect: TCP toserver: 41 port groups, 40 unique SGH's, 1 copies
[1 - Suricata-Main] 2025-05-20 06:08:14 Perf: detect: TCP toclient: 21 port groups, 21 unique SGH's, 0 copies
[1 - Suricata-Main] 2025-05-20 06:08:14 Perf: detect: UDP toserver: 41 port groups, 40 unique SGH's, 1 copies
[1 - Suricata-Main] 2025-05-20 06:08:14 Perf: detect: UDP toclient: 21 port groups, 17 unique SGH's, 4 copies
[1 - Suricata-Main] 2025-05-20 06:08:14 Perf: detect: OTHER toserver: 254 proto groups, 4 unique SGH's, 250 copies
[1 - Suricata-Main] 2025-05-20 06:08:14 Perf: detect: OTHER toclient: 254 proto groups, 0 unique SGH's, 254 copies
[1 - Suricata-Main] 2025-05-20 06:08:15 Perf: detect: Unique rule groups: 122
[1 - Suricata-Main] 2025-05-20 06:08:15 Perf: detect: Builtin MPM "toserver TCP packet": 31
[1 - Suricata-Main] 2025-05-20 06:08:15 Perf: detect: Builtin MPM "toclient TCP packet": 20
[1 - Suricata-Main] 2025-05-20 06:08:15 Perf: detect: Builtin MPM "toserver TCP stream": 34
[1 - Suricata-Main] 2025-05-20 06:08:15 Perf: detect: Builtin MPM "toclient TCP stream": 19
[1 - Suricata-Main] 2025-05-20 06:08:15 Perf: detect: Builtin MPM "toserver UDP packet": 40
[1 - Suricata-Main] 2025-05-20 06:08:15 Perf: detect: Builtin MPM "toclient UDP packet": 17
[1 - Suricata-Main] 2025-05-20 06:08:15 Perf: detect: Builtin MPM "other IP packet": 3
[1 - Suricata-Main] 2025-05-20 06:08:15 Perf: detect: AppLayer MPM "toserver http_uri (http)": 16
[1 - Suricata-Main] 2025-05-20 06:08:15 Perf: detect: AppLayer MPM "toserver http_uri (http2)": 16
[1 - Suricata-Main] 2025-05-20 06:08:15 Perf: detect: AppLayer MPM "toserver http_raw_uri (http)": 2
[1 - Suricata-Main] 2025-05-20 06:08:15 Perf: detect: AppLayer MPM "toserver http_raw_uri (http)": 2
[1 - Suricata-Main] 2025-05-20 06:08:15 Perf: detect: AppLayer MPM "toserver http_raw_uri (http2)": 2
[1 - Suricata-Main] 2025-05-20 06:08:15 Perf: detect: AppLayer MPM "toserver http_raw_uri (http2)": 2
[1 - Suricata-Main] 2025-05-20 06:08:15 Perf: detect: AppLayer MPM "toserver http_request_line (http)": 8
[1 - Suricata-Main] 2025-05-20 06:08:15 Perf: detect: AppLayer MPM "toserver http_request_line (http2)": 8
[1 - Suricata-Main] 2025-05-20 06:08:15 Perf: detect: AppLayer MPM "toserver http_client_body (http)": 14
[1 - Suricata-Main] 2025-05-20 06:08:15 Perf: detect: AppLayer MPM "toserver http_client_body (http)": 2
[1 - Suricata-Main] 2025-05-20 06:08:15 Perf: detect: AppLayer MPM "toserver http_client_body (http2)": 14
[1 - Suricata-Main] 2025-05-20 06:08:15 Perf: detect: AppLayer MPM "toserver http_client_body (http2)": 2
[1 - Suricata-Main] 2025-05-20 06:08:15 Perf: detect: AppLayer MPM "toclient http_response_line (http)": 2
[1 - Suricata-Main] 2025-05-20 06:08:15 Perf: detect: AppLayer MPM "toclient http_response_line (http2)": 2
[1 - Suricata-Main] 2025-05-20 06:08:15 Perf: detect: AppLayer MPM "toserver http_header (http)": 10
[1 - Suricata-Main] 2025-05-20 06:08:15 Perf: detect: AppLayer MPM "toserver http_header (http)": 1
[1 - Suricata-Main] 2025-05-20 06:08:15 Perf: detect: AppLayer MPM "toserver http_header (http)": 4
[1 - Suricata-Main] 2025-05-20 06:08:15 Perf: detect: AppLayer MPM "toserver http_header (http)": 4
[1 - Suricata-Main] 2025-05-20 06:08:15 Perf: detect: AppLayer MPM "toserver http_header (http)": 10
[1 - Suricata-Main] 2025-05-20 06:08:15 Perf: detect: AppLayer MPM "toclient http_header (http)": 10
[1 - Suricata-Main] 2025-05-20 06:08:15 Perf: detect: AppLayer MPM "toclient http_header (http)": 1
[1 - Suricata-Main] 2025-05-20 06:08:15 Perf: detect: AppLayer MPM "toclient http_header (http)": 4
[1 - Suricata-Main] 2025-05-20 06:08:15 Perf: detect: AppLayer MPM "toclient http_header (http)": 4
[1 - Suricata-Main] 2025-05-20 06:08:15 Perf: detect: AppLayer MPM "toclient http_header (http)": 10
[1 - Suricata-Main] 2025-05-20 06:08:15 Perf: detect: AppLayer MPM "toserver http_header (http2)": 10
[1 - Suricata-Main] 2025-05-20 06:08:15 Perf: detect: AppLayer MPM "toserver http_header (http2)": 1
[1 - Suricata-Main] 2025-05-20 06:08:15 Perf: detect: AppLayer MPM "toserver http_header (http2)": 4
[1 - Suricata-Main] 2025-05-20 06:08:15 Perf: detect: AppLayer MPM "toserver http_header (http2)": 4
[1 - Suricata-Main] 2025-05-20 06:08:15 Perf: detect: AppLayer MPM "toserver http_header (http2)": 10
[1 - Suricata-Main] 2025-05-20 06:08:15 Perf: detect: AppLayer MPM "toclient http_header (http2)": 10
[1 - Suricata-Main] 2025-05-20 06:08:15 Perf: detect: AppLayer MPM "toclient http_header (http2)": 1
[1 - Suricata-Main] 2025-05-20 06:08:15 Perf: detect: AppLayer MPM "toclient http_header (http2)": 4
[1 - Suricata-Main] 2025-05-20 06:08:15 Perf: detect: AppLayer MPM "toclient http_header (http2)": 4
[1 - Suricata-Main] 2025-05-20 06:08:15 Perf: detect: AppLayer MPM "toclient http_header (http2)": 10
[1 - Suricata-Main] 2025-05-20 06:08:15 Perf: detect: AppLayer MPM "toserver http_request_header (http2)": 2
[1 - Suricata-Main] 2025-05-20 06:08:15 Perf: detect: AppLayer MPM "toserver http_request_header (http2)": 4
[1 - Suricata-Main] 2025-05-20 06:08:15 Perf: detect: AppLayer MPM "toserver http_request_header (http)": 2
[1 - Suricata-Main] 2025-05-20 06:08:15 Perf: detect: AppLayer MPM "toserver http_request_header (http)": 4
[1 - Suricata-Main] 2025-05-20 06:08:15 Perf: detect: AppLayer MPM "toclient http_response_header (http2)": 2
[1 - Suricata-Main] 2025-05-20 06:08:15 Perf: detect: AppLayer MPM "toclient http_response_header (http2)": 2
[1 - Suricata-Main] 2025-05-20 06:08:15 Perf: detect: AppLayer MPM "toclient http_response_header (http2)": 2
[1 - Suricata-Main] 2025-05-20 06:08:15 Perf: detect: AppLayer MPM "toclient http_response_header (http2)": 2
[1 - Suricata-Main] 2025-05-20 06:08:15 Perf: detect: AppLayer MPM "toclient http_response_header (http)": 2
[1 - Suricata-Main] 2025-05-20 06:08:15 Perf: detect: AppLayer MPM "toclient http_response_header (http)": 2
[1 - Suricata-Main] 2025-05-20 06:08:15 Perf: detect: AppLayer MPM "toclient http_response_header (http)": 2
[1 - Suricata-Main] 2025-05-20 06:08:15 Perf: detect: AppLayer MPM "toclient http_response_header (http)": 2
[1 - Suricata-Main] 2025-05-20 06:08:15 Perf: detect: AppLayer MPM "toserver http_header_names (http)": 11
[1 - Suricata-Main] 2025-05-20 06:08:15 Perf: detect: AppLayer MPM "toserver http_header_names (http)": 1
[1 - Suricata-Main] 2025-05-20 06:08:15 Perf: detect: AppLayer MPM "toserver http_header_names (http)": 2
[1 - Suricata-Main] 2025-05-20 06:08:15 Perf: detect: AppLayer MPM "toserver http_header_names (http)": 4
[1 - Suricata-Main] 2025-05-20 06:08:15 Perf: detect: AppLayer MPM "toserver http_header_names (http)": 8
[1 - Suricata-Main] 2025-05-20 06:08:15 Perf: detect: AppLayer MPM "toclient http_header_names (http)": 11
[1 - Suricata-Main] 2025-05-20 06:08:15 Perf: detect: AppLayer MPM "toclient http_header_names (http)": 1
[1 - Suricata-Main] 2025-05-20 06:08:15 Perf: detect: AppLayer MPM "toclient http_header_names (http)": 2
[1 - Suricata-Main] 2025-05-20 06:08:15 Perf: detect: AppLayer MPM "toclient http_header_names (http)": 4
[1 - Suricata-Main] 2025-05-20 06:08:15 Perf: detect: AppLayer MPM "toclient http_header_names (http)": 8
[1 - Suricata-Main] 2025-05-20 06:08:15 Perf: detect: AppLayer MPM "toserver http_header_names (http2)": 11
[1 - Suricata-Main] 2025-05-20 06:08:15 Perf: detect: AppLayer MPM "toserver http_header_names (http2)": 1
[1 - Suricata-Main] 2025-05-20 06:08:15 Perf: detect: AppLayer MPM "toserver http_header_names (http2)": 2
[1 - Suricata-Main] 2025-05-20 06:08:15 Perf: detect: AppLayer MPM "toserver http_header_names (http2)": 4
[1 - Suricata-Main] 2025-05-20 06:08:15 Perf: detect: AppLayer MPM "toserver http_header_names (http2)": 8
[1 - Suricata-Main] 2025-05-20 06:08:15 Perf: detect: AppLayer MPM "toclient http_header_names (http2)": 11
[1 - Suricata-Main] 2025-05-20 06:08:15 Perf: detect: AppLayer MPM "toclient http_header_names (http2)": 1
[1 - Suricata-Main] 2025-05-20 06:08:15 Perf: detect: AppLayer MPM "toclient http_header_names (http2)": 2
[1 - Suricata-Main] 2025-05-20 06:08:15 Perf: detect: AppLayer MPM "toclient http_header_names (http2)": 4
[1 - Suricata-Main] 2025-05-20 06:08:15 Perf: detect: AppLayer MPM "toclient http_header_names (http2)": 8
[1 - Suricata-Main] 2025-05-20 06:08:15 Perf: detect: AppLayer MPM "toserver http_accept (http)": 8
[1 - Suricata-Main] 2025-05-20 06:08:15 Perf: detect: AppLayer MPM "toserver http_accept (http2)": 8
[1 - Suricata-Main] 2025-05-20 06:08:15 Perf: detect: AppLayer MPM "toserver http_accept_enc (http)": 2
[1 - Suricata-Main] 2025-05-20 06:08:15 Perf: detect: AppLayer MPM "toserver http_accept_enc (http2)": 2
[1 - Suricata-Main] 2025-05-20 06:08:15 Perf: detect: AppLayer MPM "toserver http_accept_lang (http)": 2
[1 - Suricata-Main] 2025-05-20 06:08:15 Perf: detect: AppLayer MPM "toserver http_accept_lang (http2)": 2
[1 - Suricata-Main] 2025-05-20 06:08:15 Perf: detect: AppLayer MPM "toserver http_referer (http)": 2
[1 - Suricata-Main] 2025-05-20 06:08:15 Perf: detect: AppLayer MPM "toserver http_referer (http2)": 2
[1 - Suricata-Main] 2025-05-20 06:08:15 Perf: detect: AppLayer MPM "toserver http_connection (http)": 2
[1 - Suricata-Main] 2025-05-20 06:08:15 Perf: detect: AppLayer MPM "toserver http_connection (http2)": 2
[1 - Suricata-Main] 2025-05-20 06:08:15 Perf: detect: AppLayer MPM "toclient http_connection (http)": 2
[1 - Suricata-Main] 2025-05-20 06:08:15 Perf: detect: AppLayer MPM "toclient http_connection (http2)": 2
[1 - Suricata-Main] 2025-05-20 06:08:15 Perf: detect: AppLayer MPM "toserver http_content_len (http)": 4
[1 - Suricata-Main] 2025-05-20 06:08:15 Perf: detect: AppLayer MPM "toserver http_content_len (http2)": 4
[1 - Suricata-Main] 2025-05-20 06:08:15 Perf: detect: AppLayer MPM "toclient http_content_len (http)": 4
[1 - Suricata-Main] 2025-05-20 06:08:15 Perf: detect: AppLayer MPM "toclient http_content_len (http2)": 4
[1 - Suricata-Main] 2025-05-20 06:08:15 Perf: detect: AppLayer MPM "toserver http_content_type (http)": 4
[1 - Suricata-Main] 2025-05-20 06:08:15 Perf: detect: AppLayer MPM "toserver http_content_type (http2)": 4
[1 - Suricata-Main] 2025-05-20 06:08:15 Perf: detect: AppLayer MPM "toclient http_content_type (http)": 4
[1 - Suricata-Main] 2025-05-20 06:08:15 Perf: detect: AppLayer MPM "toclient http_content_type (http2)": 4
[1 - Suricata-Main] 2025-05-20 06:08:15 Perf: detect: AppLayer MPM "toclient http.server (http)": 4
[1 - Suricata-Main] 2025-05-20 06:08:15 Perf: detect: AppLayer MPM "toclient http.server (http2)": 4
[1 - Suricata-Main] 2025-05-20 06:08:15 Perf: detect: AppLayer MPM "toclient http.location (http)": 2
[1 - Suricata-Main] 2025-05-20 06:08:15 Perf: detect: AppLayer MPM "toclient http.location (http2)": 2
[1 - Suricata-Main] 2025-05-20 06:08:15 Perf: detect: AppLayer MPM "toserver http_start (http)": 6
[1 - Suricata-Main] 2025-05-20 06:08:15 Perf: detect: AppLayer MPM "toclient http_start (http)": 6
[1 - Suricata-Main] 2025-05-20 06:08:15 Perf: detect: AppLayer MPM "toserver http_raw_header (http)": 4
[1 - Suricata-Main] 2025-05-20 06:08:15 Perf: detect: AppLayer MPM "toserver http_raw_header (http)": 2
[1 - Suricata-Main] 2025-05-20 06:08:15 Perf: detect: AppLayer MPM "toserver http_raw_header (http)": 4
[1 - Suricata-Main] 2025-05-20 06:08:15 Perf: detect: AppLayer MPM "toclient http_raw_header (http)": 4
[1 - Suricata-Main] 2025-05-20 06:08:15 Perf: detect: AppLayer MPM "toclient http_raw_header (http)": 2
[1 - Suricata-Main] 2025-05-20 06:08:15 Perf: detect: AppLayer MPM "toclient http_raw_header (http)": 4
[1 - Suricata-Main] 2025-05-20 06:08:15 Perf: detect: AppLayer MPM "toserver http_raw_header (http2)": 4
[1 - Suricata-Main] 2025-05-20 06:08:15 Perf: detect: AppLayer MPM "toserver http_raw_header (http2)": 2
[1 - Suricata-Main] 2025-05-20 06:08:15 Perf: detect: AppLayer MPM "toserver http_raw_header (http2)": 4
[1 - Suricata-Main] 2025-05-20 06:08:15 Perf: detect: AppLayer MPM "toclient http_raw_header (http2)": 4
[1 - Suricata-Main] 2025-05-20 06:08:15 Perf: detect: AppLayer MPM "toclient http_raw_header (http2)": 2
[1 - Suricata-Main] 2025-05-20 06:08:15 Perf: detect: AppLayer MPM "toclient http_raw_header (http2)": 4
[1 - Suricata-Main] 2025-05-20 06:08:15 Perf: detect: AppLayer MPM "toserver http_method (http)": 4
[1 - Suricata-Main] 2025-05-20 06:08:15 Perf: detect: AppLayer MPM "toserver http_method (http2)": 4
[1 - Suricata-Main] 2025-05-20 06:08:15 Perf: detect: AppLayer MPM "toserver http_cookie (http)": 8
[1 - Suricata-Main] 2025-05-20 06:08:15 Perf: detect: AppLayer MPM "toclient http_cookie (http)": 8
[1 - Suricata-Main] 2025-05-20 06:08:15 Perf: detect: AppLayer MPM "toserver http_cookie (http2)": 8
[1 - Suricata-Main] 2025-05-20 06:08:15 Perf: detect: AppLayer MPM "toclient http_cookie (http2)": 8
[1 - Suricata-Main] 2025-05-20 06:08:15 Perf: detect: AppLayer MPM "toserver http_user_agent (http)": 15
[1 - Suricata-Main] 2025-05-20 06:08:15 Perf: detect: AppLayer MPM "toserver http_user_agent (http2)": 15
[1 - Suricata-Main] 2025-05-20 06:08:15 Perf: detect: AppLayer MPM "toserver http_host (http)": 2
[1 - Suricata-Main] 2025-05-20 06:08:15 Perf: detect: AppLayer MPM "toserver http_host (http)": 4
[1 - Suricata-Main] 2025-05-20 06:08:15 Perf: detect: AppLayer MPM "toserver http_host (http2)": 2
[1 - Suricata-Main] 2025-05-20 06:08:15 Perf: detect: AppLayer MPM "toserver http_host (http2)": 4
[1 - Suricata-Main] 2025-05-20 06:08:15 Perf: detect: AppLayer MPM "toserver http_raw_host (http)": 2
[1 - Suricata-Main] 2025-05-20 06:08:15 Perf: detect: AppLayer MPM "toserver http_raw_host (http2)": 2
[1 - Suricata-Main] 2025-05-20 06:08:15 Perf: detect: AppLayer MPM "toclient http_stat_code (http)": 4
[1 - Suricata-Main] 2025-05-20 06:08:15 Perf: detect: AppLayer MPM "toclient http_stat_code (http2)": 4
[1 - Suricata-Main] 2025-05-20 06:08:15 Perf: detect: AppLayer MPM "toserver dns_query (dns)": 2
[1 - Suricata-Main] 2025-05-20 06:08:15 Perf: detect: AppLayer MPM "toserver dns_query (dns)": 1
[1 - Suricata-Main] 2025-05-20 06:08:15 Perf: detect: AppLayer MPM "toserver tls.sni (tls)": 3
[1 - Suricata-Main] 2025-05-20 06:08:15 Perf: detect: AppLayer MPM "toserver tls.sni (tls)": 1
[1 - Suricata-Main] 2025-05-20 06:08:15 Perf: detect: AppLayer MPM "toserver tls.cert_issuer (tls)": 6
[1 - Suricata-Main] 2025-05-20 06:08:15 Perf: detect: AppLayer MPM "toclient tls.cert_issuer (tls)": 6
[1 - Suricata-Main] 2025-05-20 06:08:15 Perf: detect: AppLayer MPM "toserver tls.cert_subject (tls)": 4
[1 - Suricata-Main] 2025-05-20 06:08:15 Perf: detect: AppLayer MPM "toclient tls.cert_subject (tls)": 4
[1 - Suricata-Main] 2025-05-20 06:08:15 Perf: detect: AppLayer MPM "toclient tls.cert_serial (tls)": 2
[1 - Suricata-Main] 2025-05-20 06:08:15 Perf: detect: AppLayer MPM "toserver tls.cert_serial (tls)": 2
[1 - Suricata-Main] 2025-05-20 06:08:15 Perf: detect: AppLayer MPM "toclient tls.cert_fingerprint (tls)": 1
[1 - Suricata-Main] 2025-05-20 06:08:15 Perf: detect: AppLayer MPM "toserver tls.cert_fingerprint (tls)": 1
[1 - Suricata-Main] 2025-05-20 06:08:15 Perf: detect: AppLayer MPM "toclient tls.certs (tls)": 2
[1 - Suricata-Main] 2025-05-20 06:08:15 Perf: detect: AppLayer MPM "toserver tls.certs (tls)": 2
[1 - Suricata-Main] 2025-05-20 06:08:15 Perf: detect: AppLayer MPM "toserver ja3.hash (tls)": 2
[1 - Suricata-Main] 2025-05-20 06:08:15 Perf: detect: AppLayer MPM "toserver ja3.hash (quic)": 2
[1 - Suricata-Main] 2025-05-20 06:08:15 Perf: detect: AppLayer MPM "toclient ja3s.hash (tls)": 1
[1 - Suricata-Main] 2025-05-20 06:08:15 Perf: detect: AppLayer MPM "toclient ja3s.hash (quic)": 1
[1 - Suricata-Main] 2025-05-20 06:08:15 Perf: detect: AppLayer MPM "toserver ssh.proto (ssh)": 1
[1 - Suricata-Main] 2025-05-20 06:08:15 Perf: detect: AppLayer MPM "toclient ssh.proto (ssh)": 1
[1 - Suricata-Main] 2025-05-20 06:08:15 Perf: detect: AppLayer MPM "toclient file_data (nfs)": 17
[1 - Suricata-Main] 2025-05-20 06:08:15 Perf: detect: AppLayer MPM "toclient file_data (nfs)": 2
[1 - Suricata-Main] 2025-05-20 06:08:15 Perf: detect: AppLayer MPM "toserver file_data (nfs)": 17
[1 - Suricata-Main] 2025-05-20 06:08:15 Perf: detect: AppLayer MPM "toserver file_data (nfs)": 2
[1 - Suricata-Main] 2025-05-20 06:08:15 Perf: detect: AppLayer MPM "toclient file_data (smb)": 17
[1 - Suricata-Main] 2025-05-20 06:08:15 Perf: detect: AppLayer MPM "toclient file_data (smb)": 2
[1 - Suricata-Main] 2025-05-20 06:08:15 Perf: detect: AppLayer MPM "toserver file_data (smb)": 17
[1 - Suricata-Main] 2025-05-20 06:08:15 Perf: detect: AppLayer MPM "toserver file_data (smb)": 2
[1 - Suricata-Main] 2025-05-20 06:08:15 Perf: detect: AppLayer MPM "toclient file_data (ftp)": 17
[1 - Suricata-Main] 2025-05-20 06:08:15 Perf: detect: AppLayer MPM "toclient file_data (ftp)": 2
[1 - Suricata-Main] 2025-05-20 06:08:15 Perf: detect: AppLayer MPM "toserver file_data (ftp)": 17
[1 - Suricata-Main] 2025-05-20 06:08:15 Perf: detect: AppLayer MPM "toserver file_data (ftp)": 2
[1 - Suricata-Main] 2025-05-20 06:08:15 Perf: detect: AppLayer MPM "toclient file_data (ftp-data)": 17
[1 - Suricata-Main] 2025-05-20 06:08:15 Perf: detect: AppLayer MPM "toclient file_data (ftp-data)": 2
[1 - Suricata-Main] 2025-05-20 06:08:15 Perf: detect: AppLayer MPM "toserver file_data (ftp-data)": 17
[1 - Suricata-Main] 2025-05-20 06:08:15 Perf: detect: AppLayer MPM "toserver file_data (ftp-data)": 2
[1 - Suricata-Main] 2025-05-20 06:08:15 Perf: detect: AppLayer MPM "toclient file_data (http)": 17
[1 - Suricata-Main] 2025-05-20 06:08:15 Perf: detect: AppLayer MPM "toclient file_data (http)": 2
[1 - Suricata-Main] 2025-05-20 06:08:15 Perf: detect: AppLayer MPM "toserver file_data (http)": 17
[1 - Suricata-Main] 2025-05-20 06:08:15 Perf: detect: AppLayer MPM "toserver file_data (http)": 2
[1 - Suricata-Main] 2025-05-20 06:08:15 Perf: detect: AppLayer MPM "toclient file_data (http2)": 17
[1 - Suricata-Main] 2025-05-20 06:08:15 Perf: detect: AppLayer MPM "toclient file_data (http2)": 2
[1 - Suricata-Main] 2025-05-20 06:08:15 Perf: detect: AppLayer MPM "toserver file_data (http2)": 17
[1 - Suricata-Main] 2025-05-20 06:08:15 Perf: detect: AppLayer MPM "toserver file_data (http2)": 2
[1 - Suricata-Main] 2025-05-20 06:08:15 Perf: detect: AppLayer MPM "toserver file_data (smtp)": 17
[1 - Suricata-Main] 2025-05-20 06:08:15 Perf: detect: AppLayer MPM "toserver file_data (smtp)": 2
[1 - Suricata-Main] 2025-05-20 06:08:15 Perf: detect: Pkt MPM "icmpv6.hdr": 1
[1 - Suricata-Main] 2025-05-20 06:08:15 Perf: detect: Pkt MPM "ipv6.hdr": 1
[1 - Suricata-Main] 2025-05-20 06:08:17 Config: af-packet: enp0s3: using flow cluster mode for AF_PACKET
[1 - Suricata-Main] 2025-05-20 06:08:17 Perf: af-packet: enp0s3: cluster_flow: 5 cores, using 5 threads
[1 - Suricata-Main] 2025-05-20 06:08:17 Perf: ioctl: enp0s3: disabling gro offloading
[1 - Suricata-Main] 2025-05-20 06:08:17 Perf: ioctl: enp0s3: disabling tso offloading
[1 - Suricata-Main] 2025-05-20 06:08:17 Perf: ioctl: enp0s3: disabling gso offloading
[1 - Suricata-Main] 2025-05-20 06:08:17 Perf: ioctl: enp0s3: disabling sg offloading
[1 - Suricata-Main] 2025-05-20 06:08:17 Warning: af-packet: enp0s3: AF_PACKET tpacket-v3 is recommended for non-inline operation
[1 - Suricata-Main] 2025-05-20 06:08:17 Info: runmodes: enp0s3: creating 5 threads
[1 - Suricata-Main] 2025-05-20 06:08:17 Config: flow-manager: using 1 flow manager threads
[1 - Suricata-Main] 2025-05-20 06:08:17 Config: flow-manager: using 1 flow recycler threads
[1 - Suricata-Main] 2025-05-20 06:08:17 Info: unix-manager: unix socket '/var/run/suricata/suricata-command.socket'
[12 - W#01-enp0s3] 2025-05-20 06:08:17 Config: af-packet: enp0s3: defrag enabled, setting snaplen to 9216
[12 - W#01-enp0s3] 2025-05-20 06:08:17 Perf: af-packet: enp0s3: rx ring: block_size=131072 block_nr=30 frame_size=9296 frame_nr=420
[13 - W#02-enp0s3] 2025-05-20 06:08:17 Config: af-packet: enp0s3: defrag enabled, setting snaplen to 9216
[13 - W#02-enp0s3] 2025-05-20 06:08:17 Perf: af-packet: enp0s3: rx ring: block_size=131072 block_nr=30 frame_size=9296 frame_nr=420
[14 - W#03-enp0s3] 2025-05-20 06:08:17 Config: af-packet: enp0s3: defrag enabled, setting snaplen to 9216
[14 - W#03-enp0s3] 2025-05-20 06:08:17 Perf: af-packet: enp0s3: rx ring: block_size=131072 block_nr=30 frame_size=9296 frame_nr=420
[15 - W#04-enp0s3] 2025-05-20 06:08:17 Config: af-packet: enp0s3: defrag enabled, setting snaplen to 9216
[15 - W#04-enp0s3] 2025-05-20 06:08:17 Perf: af-packet: enp0s3: rx ring: block_size=131072 block_nr=30 frame_size=9296 frame_nr=420
[16 - W#05-enp0s3] 2025-05-20 06:08:17 Config: af-packet: enp0s3: defrag enabled, setting snaplen to 9216
[16 - W#05-enp0s3] 2025-05-20 06:08:17 Perf: af-packet: enp0s3: rx ring: block_size=131072 block_nr=30 frame_size=9296 frame_nr=420
[1 - Suricata-Main] 2025-05-20 06:08:18 Notice: threads: Threads created -> W: 5 FM: 1 FR: 1   Engine started.
[1 - Suricata-Main] 2025-05-20 06:11:26 Notice: suricata: Signal Received.  Stopping engine.
[1 - Suricata-Main] 2025-05-20 06:11:27 Info: suricata: time elapsed 189.449s
[18 - FR#01] 2025-05-20 06:11:28 Perf: flow-manager: 251 flows processed
[12 - W#01-enp0s3] 2025-05-20 06:11:28 Perf: af-packet: enp0s3: (W#01-enp0s3) kernel: Packets 1143, dropped 0
[13 - W#02-enp0s3] 2025-05-20 06:11:28 Perf: af-packet: enp0s3: (W#02-enp0s3) kernel: Packets 773, dropped 0
[14 - W#03-enp0s3] 2025-05-20 06:11:28 Perf: af-packet: enp0s3: (W#03-enp0s3) kernel: Packets 682, dropped 0
[15 - W#04-enp0s3] 2025-05-20 06:11:28 Perf: af-packet: enp0s3: (W#04-enp0s3) kernel: Packets 1010, dropped 0
[16 - W#05-enp0s3] 2025-05-20 06:11:28 Perf: af-packet: enp0s3: (W#05-enp0s3) kernel: Packets 1797, dropped 0
[1 - Suricata-Main] 2025-05-20 06:11:28 Info: counters: Alerts: 0
[1 - Suricata-Main] 2025-05-20 06:11:28 Perf: ippair: ippair memory usage: 414144 bytes, maximum: 16777216
[1 - Suricata-Main] 2025-05-20 06:11:28 Perf: host: host memory usage: 398144 bytes, maximum: 33554432
[1 - Suricata-Main] 2025-05-20 06:11:29 Notice: device: enp0s3: packets: 5405, drops: 0 (0.00%), invalid chksum: 0
[1 - Suricata-Main] 2025-05-20 06:11:29 Perf: ioctl: enp0s3: restoring gro offloading
[1 - Suricata-Main] 2025-05-20 06:11:29 Perf: ioctl: enp0s3: restoring tso offloading
[1 - Suricata-Main] 2025-05-20 06:11:29 Perf: ioctl: enp0s3: restoring gso offloading
[1 - Suricata-Main] 2025-05-20 06:11:29 Perf: ioctl: enp0s3: restoring sg offloading
[1 - Suricata-Main] 2025-05-20 06:12:31 Notice: suricata: This is Suricata version 7.0.10 RELEASE running in SYSTEM mode
[1 - Suricata-Main] 2025-05-20 06:12:31 Info: cpu: CPUs/cores online: 5
[1 - Suricata-Main] 2025-05-20 06:12:31 Info: suricata: Setting engine mode to IDS mode by default
[1 - Suricata-Main] 2025-05-20 06:12:31 Info: exception-policy: master exception-policy set to: auto
[1 - Suricata-Main] 2025-05-20 06:12:31 Config: exception-policy: app-layer.error-policy: ignore (defined via 'exception-policy' master switch)
[1 - Suricata-Main] 2025-05-20 06:12:31 Config: app-layer-htp: 'default' server has 'request-body-minimal-inspect-size' set to 33638 and 'request-body-inspect-window' set to 3935 after randomization.
[1 - Suricata-Main] 2025-05-20 06:12:31 Config: app-layer-htp: 'default' server has 'response-body-minimal-inspect-size' set to 41399 and 'response-body-inspect-window' set to 16897 after randomization.
[1 - Suricata-Main] 2025-05-20 06:12:31 Config: smb: read: max record size: 16777216, max queued chunks 64, max queued size 67108864
[1 - Suricata-Main] 2025-05-20 06:12:31 Config: smb: write: max record size: 16777216, max queued chunks 64, max queued size 67108864
[1 - Suricata-Main] 2025-05-20 06:12:31 Config: app-layer-enip: Protocol detection and parser disabled for enip protocol.
[1 - Suricata-Main] 2025-05-20 06:12:31 Config: app-layer-dnp3: Protocol detection and parser disabled for DNP3.
[1 - Suricata-Main] 2025-05-20 06:12:31 Config: host: allocated 262144 bytes of memory for the host hash... 4096 buckets of size 64
[1 - Suricata-Main] 2025-05-20 06:12:31 Config: host: preallocated 1000 hosts of size 136
[1 - Suricata-Main] 2025-05-20 06:12:31 Config: host: host memory usage: 398144 bytes, maximum: 33554432
[1 - Suricata-Main] 2025-05-20 06:12:31 Config: coredump-config: Core dump size is unlimited.
[1 - Suricata-Main] 2025-05-20 06:12:31 Config: exception-policy: defrag.memcap-policy: ignore (defined via 'exception-policy' master switch)
[1 - Suricata-Main] 2025-05-20 06:12:31 Config: defrag-hash: allocated 3670016 bytes of memory for the defrag hash... 65536 buckets of size 56
[1 - Suricata-Main] 2025-05-20 06:12:31 Config: defrag-hash: preallocated 65535 defrag trackers of size 160
[1 - Suricata-Main] 2025-05-20 06:12:31 Config: defrag-hash: defrag memory usage: 14155616 bytes, maximum: 33554432
[1 - Suricata-Main] 2025-05-20 06:12:31 Config: exception-policy: flow.memcap-policy: ignore (defined via 'exception-policy' master switch)
[1 - Suricata-Main] 2025-05-20 06:12:31 Config: flow: flow size 304, memcap allows for 441505 flows. Per hash row in perfect conditions 6
[1 - Suricata-Main] 2025-05-20 06:12:31 Config: stream-tcp: stream "prealloc-sessions": 2048 (per thread)
[1 - Suricata-Main] 2025-05-20 06:12:31 Config: stream-tcp: stream "memcap": 67108864
[1 - Suricata-Main] 2025-05-20 06:12:31 Config: stream-tcp: stream "midstream" session pickups: disabled
[1 - Suricata-Main] 2025-05-20 06:12:31 Config: stream-tcp: stream "async-oneside": disabled
[1 - Suricata-Main] 2025-05-20 06:12:31 Config: stream-tcp: stream "checksum-validation": enabled
[1 - Suricata-Main] 2025-05-20 06:12:31 Config: exception-policy: stream.memcap-policy: ignore (defined via 'exception-policy' master switch)
[1 - Suricata-Main] 2025-05-20 06:12:31 Config: exception-policy: stream.reassembly.memcap-policy: ignore (defined via 'exception-policy' master switch)
[1 - Suricata-Main] 2025-05-20 06:12:31 Config: exception-policy: stream.midstream-policy: ignore (defined via 'exception-policy' master switch)
[1 - Suricata-Main] 2025-05-20 06:12:31 Config: stream-tcp: stream."inline": disabled
[1 - Suricata-Main] 2025-05-20 06:12:31 Config: stream-tcp: stream "bypass": disabled
[1 - Suricata-Main] 2025-05-20 06:12:31 Config: stream-tcp: stream.reassembly.urgent.policy": inline
[1 - Suricata-Main] 2025-05-20 06:12:31 Config: stream-tcp: stream "max-syn-queued": 10
[1 - Suricata-Main] 2025-05-20 06:12:31 Config: stream-tcp: stream "max-synack-queued": 5
[1 - Suricata-Main] 2025-05-20 06:12:31 Config: stream-tcp: stream.reassembly "memcap": 268435456
[1 - Suricata-Main] 2025-05-20 06:12:31 Config: stream-tcp: stream.reassembly "depth": 1048576
[1 - Suricata-Main] 2025-05-20 06:12:31 Config: stream-tcp: stream.reassembly "toserver-chunk-size": 2643
[1 - Suricata-Main] 2025-05-20 06:12:31 Config: stream-tcp: stream.reassembly "toclient-chunk-size": 2450
[1 - Suricata-Main] 2025-05-20 06:12:31 Config: stream-tcp: stream.reassembly.raw: enabled
[1 - Suricata-Main] 2025-05-20 06:12:31 Config: stream-tcp: stream.liberal-timestamps: disabled
[1 - Suricata-Main] 2025-05-20 06:12:31 Config: stream-tcp-reassemble: stream.reassembly "segment-prealloc": 2048
[1 - Suricata-Main] 2025-05-20 06:12:31 Config: stream-tcp-reassemble: stream.reassembly "max-regions": 8
[1 - Suricata-Main] 2025-05-20 06:12:31 Info: conf: Running in live mode, activating unix socket
[1 - Suricata-Main] 2025-05-20 06:12:31 Info: logopenfile: fast output device (regular) initialized: fast.log
[1 - Suricata-Main] 2025-05-20 06:12:31 Info: logopenfile: eve-log output device (regular) initialized: eve.json
[1 - Suricata-Main] 2025-05-20 06:12:31 Config: runmodes: enabling 'eve-log' module 'alert'
[1 - Suricata-Main] 2025-05-20 06:12:31 Config: runmodes: enabling 'eve-log' module 'frame'
[1 - Suricata-Main] 2025-05-20 06:12:31 Config: runmodes: enabling 'eve-log' module 'anomaly'
[1 - Suricata-Main] 2025-05-20 06:12:31 Config: runmodes: enabling 'eve-log' module 'http'
[1 - Suricata-Main] 2025-05-20 06:12:31 Config: runmodes: enabling 'eve-log' module 'dns'
[1 - Suricata-Main] 2025-05-20 06:12:31 Config: runmodes: enabling 'eve-log' module 'tls'
[1 - Suricata-Main] 2025-05-20 06:12:31 Config: runmodes: enabling 'eve-log' module 'files'
[1 - Suricata-Main] 2025-05-20 06:12:31 Config: runmodes: enabling 'eve-log' module 'smtp'
[1 - Suricata-Main] 2025-05-20 06:12:31 Config: runmodes: enabling 'eve-log' module 'ftp'
[1 - Suricata-Main] 2025-05-20 06:12:31 Config: runmodes: enabling 'eve-log' module 'rdp'
[1 - Suricata-Main] 2025-05-20 06:12:31 Config: runmodes: enabling 'eve-log' module 'nfs'
[1 - Suricata-Main] 2025-05-20 06:12:31 Config: runmodes: enabling 'eve-log' module 'smb'
[1 - Suricata-Main] 2025-05-20 06:12:31 Config: runmodes: enabling 'eve-log' module 'tftp'
[1 - Suricata-Main] 2025-05-20 06:12:31 Config: runmodes: enabling 'eve-log' module 'ike'
[1 - Suricata-Main] 2025-05-20 06:12:31 Config: runmodes: enabling 'eve-log' module 'dcerpc'
[1 - Suricata-Main] 2025-05-20 06:12:31 Config: runmodes: enabling 'eve-log' module 'krb5'
[1 - Suricata-Main] 2025-05-20 06:12:31 Config: runmodes: enabling 'eve-log' module 'bittorrent-dht'
[1 - Suricata-Main] 2025-05-20 06:12:31 Config: runmodes: enabling 'eve-log' module 'snmp'
[1 - Suricata-Main] 2025-05-20 06:12:31 Config: runmodes: enabling 'eve-log' module 'rfb'
[1 - Suricata-Main] 2025-05-20 06:12:31 Config: runmodes: enabling 'eve-log' module 'sip'
[1 - Suricata-Main] 2025-05-20 06:12:31 Config: runmodes: enabling 'eve-log' module 'quic'
[1 - Suricata-Main] 2025-05-20 06:12:31 Config: runmodes: enabling 'eve-log' module 'dhcp'
[1 - Suricata-Main] 2025-05-20 06:12:31 Config: runmodes: enabling 'eve-log' module 'ssh'
[1 - Suricata-Main] 2025-05-20 06:12:31 Config: runmodes: enabling 'eve-log' module 'mqtt'
[1 - Suricata-Main] 2025-05-20 06:12:31 Config: runmodes: enabling 'eve-log' module 'http2'
[1 - Suricata-Main] 2025-05-20 06:12:31 Config: runmodes: enabling 'eve-log' module 'pgsql'
[1 - Suricata-Main] 2025-05-20 06:12:31 Config: runmodes: enabling 'eve-log' module 'stats'
[1 - Suricata-Main] 2025-05-20 06:12:31 Config: runmodes: enabling 'eve-log' module 'flow'
[1 - Suricata-Main] 2025-05-20 06:12:31 Info: logopenfile: stats output device (regular) initialized: stats.log
[1 - Suricata-Main] 2025-05-20 06:12:31 Config: landlock: Landlock is not enabled in configuration
[1 - Suricata-Main] 2025-05-20 06:12:31 Config: suricata: Delayed detect disabled
[1 - Suricata-Main] 2025-05-20 06:12:31 Config: detect: pattern matchers: MPM: ac, SPM: bm
[1 - Suricata-Main] 2025-05-20 06:12:31 Config: detect: grouping: tcp-whitelist (default) 53, 80, 139, 443, 445, 1433, 3306, 3389, 6666, 6667, 8080
[1 - Suricata-Main] 2025-05-20 06:12:31 Config: detect: grouping: udp-whitelist (default) 53, 135, 5060
[1 - Suricata-Main] 2025-05-20 06:12:31 Config: detect: prefilter engines: MPM
[1 - Suricata-Main] 2025-05-20 06:12:31 Config: reputation: IP reputation disabled
[1 - Suricata-Main] 2025-05-20 06:12:31 Config: detect: Loading rule file: /var/lib/suricata/rules/suricata.rules
[1 - Suricata-Main] 2025-05-20 06:12:32 Info: detect-fast-pattern: fast_pattern is ineffective with base64_data
[1 - Suricata-Main] 2025-05-20 06:12:32 Info: detect-fast-pattern: fast_pattern is ineffective with base64_data
[1 - Suricata-Main] 2025-05-20 06:12:32 Info: detect: 1 rule files processed. 42614 rules successfully loaded, 0 rules failed, 0
[1 - Suricata-Main] 2025-05-20 06:12:32 Info: threshold-config: Threshold config parsed: 0 rule(s) found
[1 - Suricata-Main] 2025-05-20 06:12:32 Info: detect: 42617 signatures processed. 1270 are IP-only rules, 4333 are inspecting packet payload, 36797 inspect application layer, 109 are decoder event only
[1 - Suricata-Main] 2025-05-20 06:12:32 Config: detect: building signature grouping structure, stage 1: preprocessing rules... complete
[1 - Suricata-Main] 2025-05-20 06:12:32 Perf: detect: TCP toserver: 41 port groups, 40 unique SGH's, 1 copies
[1 - Suricata-Main] 2025-05-20 06:12:32 Perf: detect: TCP toclient: 21 port groups, 21 unique SGH's, 0 copies
[1 - Suricata-Main] 2025-05-20 06:12:32 Perf: detect: UDP toserver: 41 port groups, 40 unique SGH's, 1 copies
[1 - Suricata-Main] 2025-05-20 06:12:32 Perf: detect: UDP toclient: 21 port groups, 17 unique SGH's, 4 copies
[1 - Suricata-Main] 2025-05-20 06:12:32 Perf: detect: OTHER toserver: 254 proto groups, 4 unique SGH's, 250 copies
[1 - Suricata-Main] 2025-05-20 06:12:32 Perf: detect: OTHER toclient: 254 proto groups, 0 unique SGH's, 254 copies
[1 - Suricata-Main] 2025-05-20 06:12:33 Perf: detect: Unique rule groups: 122
[1 - Suricata-Main] 2025-05-20 06:12:33 Perf: detect: Builtin MPM "toserver TCP packet": 31
[1 - Suricata-Main] 2025-05-20 06:12:33 Perf: detect: Builtin MPM "toclient TCP packet": 20
[1 - Suricata-Main] 2025-05-20 06:12:33 Perf: detect: Builtin MPM "toserver TCP stream": 34
[1 - Suricata-Main] 2025-05-20 06:12:33 Perf: detect: Builtin MPM "toclient TCP stream": 19
[1 - Suricata-Main] 2025-05-20 06:12:33 Perf: detect: Builtin MPM "toserver UDP packet": 40
[1 - Suricata-Main] 2025-05-20 06:12:33 Perf: detect: Builtin MPM "toclient UDP packet": 17
[1 - Suricata-Main] 2025-05-20 06:12:33 Perf: detect: Builtin MPM "other IP packet": 3
[1 - Suricata-Main] 2025-05-20 06:12:33 Perf: detect: AppLayer MPM "toserver http_uri (http)": 16
[1 - Suricata-Main] 2025-05-20 06:12:33 Perf: detect: AppLayer MPM "toserver http_uri (http2)": 16
[1 - Suricata-Main] 2025-05-20 06:12:33 Perf: detect: AppLayer MPM "toserver http_raw_uri (http)": 2
[1 - Suricata-Main] 2025-05-20 06:12:33 Perf: detect: AppLayer MPM "toserver http_raw_uri (http)": 2
[1 - Suricata-Main] 2025-05-20 06:12:33 Perf: detect: AppLayer MPM "toserver http_raw_uri (http2)": 2
[1 - Suricata-Main] 2025-05-20 06:12:33 Perf: detect: AppLayer MPM "toserver http_raw_uri (http2)": 2
[1 - Suricata-Main] 2025-05-20 06:12:33 Perf: detect: AppLayer MPM "toserver http_request_line (http)": 8
[1 - Suricata-Main] 2025-05-20 06:12:33 Perf: detect: AppLayer MPM "toserver http_request_line (http2)": 8
[1 - Suricata-Main] 2025-05-20 06:12:33 Perf: detect: AppLayer MPM "toserver http_client_body (http)": 14
[1 - Suricata-Main] 2025-05-20 06:12:33 Perf: detect: AppLayer MPM "toserver http_client_body (http)": 2
[1 - Suricata-Main] 2025-05-20 06:12:33 Perf: detect: AppLayer MPM "toserver http_client_body (http2)": 14
[1 - Suricata-Main] 2025-05-20 06:12:33 Perf: detect: AppLayer MPM "toserver http_client_body (http2)": 2
[1 - Suricata-Main] 2025-05-20 06:12:33 Perf: detect: AppLayer MPM "toclient http_response_line (http)": 2
[1 - Suricata-Main] 2025-05-20 06:12:33 Perf: detect: AppLayer MPM "toclient http_response_line (http2)": 2
[1 - Suricata-Main] 2025-05-20 06:12:33 Perf: detect: AppLayer MPM "toserver http_header (http)": 10
[1 - Suricata-Main] 2025-05-20 06:12:33 Perf: detect: AppLayer MPM "toserver http_header (http)": 1
[1 - Suricata-Main] 2025-05-20 06:12:33 Perf: detect: AppLayer MPM "toserver http_header (http)": 4
[1 - Suricata-Main] 2025-05-20 06:12:33 Perf: detect: AppLayer MPM "toserver http_header (http)": 4
[1 - Suricata-Main] 2025-05-20 06:12:33 Perf: detect: AppLayer MPM "toserver http_header (http)": 10
[1 - Suricata-Main] 2025-05-20 06:12:33 Perf: detect: AppLayer MPM "toclient http_header (http)": 10
[1 - Suricata-Main] 2025-05-20 06:12:33 Perf: detect: AppLayer MPM "toclient http_header (http)": 1
[1 - Suricata-Main] 2025-05-20 06:12:33 Perf: detect: AppLayer MPM "toclient http_header (http)": 4
[1 - Suricata-Main] 2025-05-20 06:12:33 Perf: detect: AppLayer MPM "toclient http_header (http)": 4
[1 - Suricata-Main] 2025-05-20 06:12:33 Perf: detect: AppLayer MPM "toclient http_header (http)": 10
[1 - Suricata-Main] 2025-05-20 06:12:33 Perf: detect: AppLayer MPM "toserver http_header (http2)": 10
[1 - Suricata-Main] 2025-05-20 06:12:33 Perf: detect: AppLayer MPM "toserver http_header (http2)": 1
[1 - Suricata-Main] 2025-05-20 06:12:33 Perf: detect: AppLayer MPM "toserver http_header (http2)": 4
[1 - Suricata-Main] 2025-05-20 06:12:33 Perf: detect: AppLayer MPM "toserver http_header (http2)": 4
[1 - Suricata-Main] 2025-05-20 06:12:33 Perf: detect: AppLayer MPM "toserver http_header (http2)": 10
[1 - Suricata-Main] 2025-05-20 06:12:33 Perf: detect: AppLayer MPM "toclient http_header (http2)": 10
[1 - Suricata-Main] 2025-05-20 06:12:33 Perf: detect: AppLayer MPM "toclient http_header (http2)": 1
[1 - Suricata-Main] 2025-05-20 06:12:33 Perf: detect: AppLayer MPM "toclient http_header (http2)": 4
[1 - Suricata-Main] 2025-05-20 06:12:33 Perf: detect: AppLayer MPM "toclient http_header (http2)": 4
[1 - Suricata-Main] 2025-05-20 06:12:33 Perf: detect: AppLayer MPM "toclient http_header (http2)": 10
[1 - Suricata-Main] 2025-05-20 06:12:33 Perf: detect: AppLayer MPM "toserver http_request_header (http2)": 2
[1 - Suricata-Main] 2025-05-20 06:12:33 Perf: detect: AppLayer MPM "toserver http_request_header (http2)": 4
[1 - Suricata-Main] 2025-05-20 06:12:33 Perf: detect: AppLayer MPM "toserver http_request_header (http)": 2
[1 - Suricata-Main] 2025-05-20 06:12:33 Perf: detect: AppLayer MPM "toserver http_request_header (http)": 4
[1 - Suricata-Main] 2025-05-20 06:12:33 Perf: detect: AppLayer MPM "toclient http_response_header (http2)": 2
[1 - Suricata-Main] 2025-05-20 06:12:33 Perf: detect: AppLayer MPM "toclient http_response_header (http2)": 2
[1 - Suricata-Main] 2025-05-20 06:12:33 Perf: detect: AppLayer MPM "toclient http_response_header (http2)": 2
[1 - Suricata-Main] 2025-05-20 06:12:33 Perf: detect: AppLayer MPM "toclient http_response_header (http2)": 2
[1 - Suricata-Main] 2025-05-20 06:12:33 Perf: detect: AppLayer MPM "toclient http_response_header (http)": 2
[1 - Suricata-Main] 2025-05-20 06:12:33 Perf: detect: AppLayer MPM "toclient http_response_header (http)": 2
[1 - Suricata-Main] 2025-05-20 06:12:33 Perf: detect: AppLayer MPM "toclient http_response_header (http)": 2
[1 - Suricata-Main] 2025-05-20 06:12:33 Perf: detect: AppLayer MPM "toclient http_response_header (http)": 2
[1 - Suricata-Main] 2025-05-20 06:12:33 Perf: detect: AppLayer MPM "toserver http_header_names (http)": 11
[1 - Suricata-Main] 2025-05-20 06:12:33 Perf: detect: AppLayer MPM "toserver http_header_names (http)": 1
[1 - Suricata-Main] 2025-05-20 06:12:33 Perf: detect: AppLayer MPM "toserver http_header_names (http)": 2
[1 - Suricata-Main] 2025-05-20 06:12:33 Perf: detect: AppLayer MPM "toserver http_header_names (http)": 4
[1 - Suricata-Main] 2025-05-20 06:12:33 Perf: detect: AppLayer MPM "toserver http_header_names (http)": 8
[1 - Suricata-Main] 2025-05-20 06:12:33 Perf: detect: AppLayer MPM "toclient http_header_names (http)": 11
[1 - Suricata-Main] 2025-05-20 06:12:33 Perf: detect: AppLayer MPM "toclient http_header_names (http)": 1
[1 - Suricata-Main] 2025-05-20 06:12:33 Perf: detect: AppLayer MPM "toclient http_header_names (http)": 2
[1 - Suricata-Main] 2025-05-20 06:12:33 Perf: detect: AppLayer MPM "toclient http_header_names (http)": 4
[1 - Suricata-Main] 2025-05-20 06:12:33 Perf: detect: AppLayer MPM "toclient http_header_names (http)": 8
[1 - Suricata-Main] 2025-05-20 06:12:33 Perf: detect: AppLayer MPM "toserver http_header_names (http2)": 11
[1 - Suricata-Main] 2025-05-20 06:12:33 Perf: detect: AppLayer MPM "toserver http_header_names (http2)": 1
[1 - Suricata-Main] 2025-05-20 06:12:33 Perf: detect: AppLayer MPM "toserver http_header_names (http2)": 2
[1 - Suricata-Main] 2025-05-20 06:12:33 Perf: detect: AppLayer MPM "toserver http_header_names (http2)": 4
[1 - Suricata-Main] 2025-05-20 06:12:33 Perf: detect: AppLayer MPM "toserver http_header_names (http2)": 8
[1 - Suricata-Main] 2025-05-20 06:12:33 Perf: detect: AppLayer MPM "toclient http_header_names (http2)": 11
[1 - Suricata-Main] 2025-05-20 06:12:33 Perf: detect: AppLayer MPM "toclient http_header_names (http2)": 1
[1 - Suricata-Main] 2025-05-20 06:12:33 Perf: detect: AppLayer MPM "toclient http_header_names (http2)": 2
[1 - Suricata-Main] 2025-05-20 06:12:33 Perf: detect: AppLayer MPM "toclient http_header_names (http2)": 4
[1 - Suricata-Main] 2025-05-20 06:12:33 Perf: detect: AppLayer MPM "toclient http_header_names (http2)": 8
[1 - Suricata-Main] 2025-05-20 06:12:33 Perf: detect: AppLayer MPM "toserver http_accept (http)": 8
[1 - Suricata-Main] 2025-05-20 06:12:33 Perf: detect: AppLayer MPM "toserver http_accept (http2)": 8
[1 - Suricata-Main] 2025-05-20 06:12:33 Perf: detect: AppLayer MPM "toserver http_accept_enc (http)": 2
[1 - Suricata-Main] 2025-05-20 06:12:33 Perf: detect: AppLayer MPM "toserver http_accept_enc (http2)": 2
[1 - Suricata-Main] 2025-05-20 06:12:33 Perf: detect: AppLayer MPM "toserver http_accept_lang (http)": 2
[1 - Suricata-Main] 2025-05-20 06:12:33 Perf: detect: AppLayer MPM "toserver http_accept_lang (http2)": 2
[1 - Suricata-Main] 2025-05-20 06:12:33 Perf: detect: AppLayer MPM "toserver http_referer (http)": 2
[1 - Suricata-Main] 2025-05-20 06:12:33 Perf: detect: AppLayer MPM "toserver http_referer (http2)": 2
[1 - Suricata-Main] 2025-05-20 06:12:33 Perf: detect: AppLayer MPM "toserver http_connection (http)": 2
[1 - Suricata-Main] 2025-05-20 06:12:33 Perf: detect: AppLayer MPM "toserver http_connection (http2)": 2
[1 - Suricata-Main] 2025-05-20 06:12:33 Perf: detect: AppLayer MPM "toclient http_connection (http)": 2
[1 - Suricata-Main] 2025-05-20 06:12:33 Perf: detect: AppLayer MPM "toclient http_connection (http2)": 2
[1 - Suricata-Main] 2025-05-20 06:12:33 Perf: detect: AppLayer MPM "toserver http_content_len (http)": 4
[1 - Suricata-Main] 2025-05-20 06:12:33 Perf: detect: AppLayer MPM "toserver http_content_len (http2)": 4
[1 - Suricata-Main] 2025-05-20 06:12:33 Perf: detect: AppLayer MPM "toclient http_content_len (http)": 4
[1 - Suricata-Main] 2025-05-20 06:12:33 Perf: detect: AppLayer MPM "toclient http_content_len (http2)": 4
[1 - Suricata-Main] 2025-05-20 06:12:33 Perf: detect: AppLayer MPM "toserver http_content_type (http)": 4
[1 - Suricata-Main] 2025-05-20 06:12:33 Perf: detect: AppLayer MPM "toserver http_content_type (http2)": 4
[1 - Suricata-Main] 2025-05-20 06:12:33 Perf: detect: AppLayer MPM "toclient http_content_type (http)": 4
[1 - Suricata-Main] 2025-05-20 06:12:33 Perf: detect: AppLayer MPM "toclient http_content_type (http2)": 4
[1 - Suricata-Main] 2025-05-20 06:12:33 Perf: detect: AppLayer MPM "toclient http.server (http)": 4
[1 - Suricata-Main] 2025-05-20 06:12:33 Perf: detect: AppLayer MPM "toclient http.server (http2)": 4
[1 - Suricata-Main] 2025-05-20 06:12:33 Perf: detect: AppLayer MPM "toclient http.location (http)": 2
[1 - Suricata-Main] 2025-05-20 06:12:33 Perf: detect: AppLayer MPM "toclient http.location (http2)": 2
[1 - Suricata-Main] 2025-05-20 06:12:33 Perf: detect: AppLayer MPM "toserver http_start (http)": 6
[1 - Suricata-Main] 2025-05-20 06:12:33 Perf: detect: AppLayer MPM "toclient http_start (http)": 6
[1 - Suricata-Main] 2025-05-20 06:12:33 Perf: detect: AppLayer MPM "toserver http_raw_header (http)": 4
[1 - Suricata-Main] 2025-05-20 06:12:33 Perf: detect: AppLayer MPM "toserver http_raw_header (http)": 2
[1 - Suricata-Main] 2025-05-20 06:12:33 Perf: detect: AppLayer MPM "toserver http_raw_header (http)": 4
[1 - Suricata-Main] 2025-05-20 06:12:33 Perf: detect: AppLayer MPM "toclient http_raw_header (http)": 4
[1 - Suricata-Main] 2025-05-20 06:12:33 Perf: detect: AppLayer MPM "toclient http_raw_header (http)": 2
[1 - Suricata-Main] 2025-05-20 06:12:33 Perf: detect: AppLayer MPM "toclient http_raw_header (http)": 4
[1 - Suricata-Main] 2025-05-20 06:12:33 Perf: detect: AppLayer MPM "toserver http_raw_header (http2)": 4
[1 - Suricata-Main] 2025-05-20 06:12:33 Perf: detect: AppLayer MPM "toserver http_raw_header (http2)": 2
[1 - Suricata-Main] 2025-05-20 06:12:33 Perf: detect: AppLayer MPM "toserver http_raw_header (http2)": 4
[1 - Suricata-Main] 2025-05-20 06:12:33 Perf: detect: AppLayer MPM "toclient http_raw_header (http2)": 4
[1 - Suricata-Main] 2025-05-20 06:12:33 Perf: detect: AppLayer MPM "toclient http_raw_header (http2)": 2
[1 - Suricata-Main] 2025-05-20 06:12:33 Perf: detect: AppLayer MPM "toclient http_raw_header (http2)": 4
[1 - Suricata-Main] 2025-05-20 06:12:33 Perf: detect: AppLayer MPM "toserver http_method (http)": 4
[1 - Suricata-Main] 2025-05-20 06:12:33 Perf: detect: AppLayer MPM "toserver http_method (http2)": 4
[1 - Suricata-Main] 2025-05-20 06:12:33 Perf: detect: AppLayer MPM "toserver http_cookie (http)": 8
[1 - Suricata-Main] 2025-05-20 06:12:33 Perf: detect: AppLayer MPM "toclient http_cookie (http)": 8
[1 - Suricata-Main] 2025-05-20 06:12:33 Perf: detect: AppLayer MPM "toserver http_cookie (http2)": 8
[1 - Suricata-Main] 2025-05-20 06:12:33 Perf: detect: AppLayer MPM "toclient http_cookie (http2)": 8
[1 - Suricata-Main] 2025-05-20 06:12:33 Perf: detect: AppLayer MPM "toserver http_user_agent (http)": 15
[1 - Suricata-Main] 2025-05-20 06:12:33 Perf: detect: AppLayer MPM "toserver http_user_agent (http2)": 15
[1 - Suricata-Main] 2025-05-20 06:12:33 Perf: detect: AppLayer MPM "toserver http_host (http)": 2
[1 - Suricata-Main] 2025-05-20 06:12:33 Perf: detect: AppLayer MPM "toserver http_host (http)": 4
[1 - Suricata-Main] 2025-05-20 06:12:33 Perf: detect: AppLayer MPM "toserver http_host (http2)": 2
[1 - Suricata-Main] 2025-05-20 06:12:33 Perf: detect: AppLayer MPM "toserver http_host (http2)": 4
[1 - Suricata-Main] 2025-05-20 06:12:33 Perf: detect: AppLayer MPM "toserver http_raw_host (http)": 2
[1 - Suricata-Main] 2025-05-20 06:12:33 Perf: detect: AppLayer MPM "toserver http_raw_host (http2)": 2
[1 - Suricata-Main] 2025-05-20 06:12:33 Perf: detect: AppLayer MPM "toclient http_stat_code (http)": 4
[1 - Suricata-Main] 2025-05-20 06:12:33 Perf: detect: AppLayer MPM "toclient http_stat_code (http2)": 4
[1 - Suricata-Main] 2025-05-20 06:12:33 Perf: detect: AppLayer MPM "toserver dns_query (dns)": 2
[1 - Suricata-Main] 2025-05-20 06:12:33 Perf: detect: AppLayer MPM "toserver dns_query (dns)": 1
[1 - Suricata-Main] 2025-05-20 06:12:33 Perf: detect: AppLayer MPM "toserver tls.sni (tls)": 3
[1 - Suricata-Main] 2025-05-20 06:12:33 Perf: detect: AppLayer MPM "toserver tls.sni (tls)": 1
[1 - Suricata-Main] 2025-05-20 06:12:33 Perf: detect: AppLayer MPM "toserver tls.cert_issuer (tls)": 6
[1 - Suricata-Main] 2025-05-20 06:12:33 Perf: detect: AppLayer MPM "toclient tls.cert_issuer (tls)": 6
[1 - Suricata-Main] 2025-05-20 06:12:33 Perf: detect: AppLayer MPM "toserver tls.cert_subject (tls)": 4
[1 - Suricata-Main] 2025-05-20 06:12:33 Perf: detect: AppLayer MPM "toclient tls.cert_subject (tls)": 4
[1 - Suricata-Main] 2025-05-20 06:12:33 Perf: detect: AppLayer MPM "toclient tls.cert_serial (tls)": 2
[1 - Suricata-Main] 2025-05-20 06:12:33 Perf: detect: AppLayer MPM "toserver tls.cert_serial (tls)": 2
[1 - Suricata-Main] 2025-05-20 06:12:33 Perf: detect: AppLayer MPM "toclient tls.cert_fingerprint (tls)": 1
[1 - Suricata-Main] 2025-05-20 06:12:33 Perf: detect: AppLayer MPM "toserver tls.cert_fingerprint (tls)": 1
[1 - Suricata-Main] 2025-05-20 06:12:33 Perf: detect: AppLayer MPM "toclient tls.certs (tls)": 2
[1 - Suricata-Main] 2025-05-20 06:12:33 Perf: detect: AppLayer MPM "toserver tls.certs (tls)": 2
[1 - Suricata-Main] 2025-05-20 06:12:33 Perf: detect: AppLayer MPM "toserver ja3.hash (tls)": 2
[1 - Suricata-Main] 2025-05-20 06:12:33 Perf: detect: AppLayer MPM "toserver ja3.hash (quic)": 2
[1 - Suricata-Main] 2025-05-20 06:12:33 Perf: detect: AppLayer MPM "toclient ja3s.hash (tls)": 1
[1 - Suricata-Main] 2025-05-20 06:12:33 Perf: detect: AppLayer MPM "toclient ja3s.hash (quic)": 1
[1 - Suricata-Main] 2025-05-20 06:12:33 Perf: detect: AppLayer MPM "toserver ssh.proto (ssh)": 1
[1 - Suricata-Main] 2025-05-20 06:12:33 Perf: detect: AppLayer MPM "toclient ssh.proto (ssh)": 1
[1 - Suricata-Main] 2025-05-20 06:12:33 Perf: detect: AppLayer MPM "toclient file_data (nfs)": 17
[1 - Suricata-Main] 2025-05-20 06:12:33 Perf: detect: AppLayer MPM "toclient file_data (nfs)": 2
[1 - Suricata-Main] 2025-05-20 06:12:33 Perf: detect: AppLayer MPM "toserver file_data (nfs)": 17
[1 - Suricata-Main] 2025-05-20 06:12:33 Perf: detect: AppLayer MPM "toserver file_data (nfs)": 2
[1 - Suricata-Main] 2025-05-20 06:12:33 Perf: detect: AppLayer MPM "toclient file_data (smb)": 17
[1 - Suricata-Main] 2025-05-20 06:12:33 Perf: detect: AppLayer MPM "toclient file_data (smb)": 2
[1 - Suricata-Main] 2025-05-20 06:12:33 Perf: detect: AppLayer MPM "toserver file_data (smb)": 17
[1 - Suricata-Main] 2025-05-20 06:12:33 Perf: detect: AppLayer MPM "toserver file_data (smb)": 2
[1 - Suricata-Main] 2025-05-20 06:12:33 Perf: detect: AppLayer MPM "toclient file_data (ftp)": 17
[1 - Suricata-Main] 2025-05-20 06:12:33 Perf: detect: AppLayer MPM "toclient file_data (ftp)": 2
[1 - Suricata-Main] 2025-05-20 06:12:33 Perf: detect: AppLayer MPM "toserver file_data (ftp)": 17
[1 - Suricata-Main] 2025-05-20 06:12:33 Perf: detect: AppLayer MPM "toserver file_data (ftp)": 2
[1 - Suricata-Main] 2025-05-20 06:12:33 Perf: detect: AppLayer MPM "toclient file_data (ftp-data)": 17
[1 - Suricata-Main] 2025-05-20 06:12:33 Perf: detect: AppLayer MPM "toclient file_data (ftp-data)": 2
[1 - Suricata-Main] 2025-05-20 06:12:33 Perf: detect: AppLayer MPM "toserver file_data (ftp-data)": 17
[1 - Suricata-Main] 2025-05-20 06:12:33 Perf: detect: AppLayer MPM "toserver file_data (ftp-data)": 2
[1 - Suricata-Main] 2025-05-20 06:12:33 Perf: detect: AppLayer MPM "toclient file_data (http)": 17
[1 - Suricata-Main] 2025-05-20 06:12:33 Perf: detect: AppLayer MPM "toclient file_data (http)": 2
[1 - Suricata-Main] 2025-05-20 06:12:33 Perf: detect: AppLayer MPM "toserver file_data (http)": 17
[1 - Suricata-Main] 2025-05-20 06:12:33 Perf: detect: AppLayer MPM "toserver file_data (http)": 2
[1 - Suricata-Main] 2025-05-20 06:12:33 Perf: detect: AppLayer MPM "toclient file_data (http2)": 17
[1 - Suricata-Main] 2025-05-20 06:12:33 Perf: detect: AppLayer MPM "toclient file_data (http2)": 2
[1 - Suricata-Main] 2025-05-20 06:12:33 Perf: detect: AppLayer MPM "toserver file_data (http2)": 17
[1 - Suricata-Main] 2025-05-20 06:12:33 Perf: detect: AppLayer MPM "toserver file_data (http2)": 2
[1 - Suricata-Main] 2025-05-20 06:12:33 Perf: detect: AppLayer MPM "toserver file_data (smtp)": 17
[1 - Suricata-Main] 2025-05-20 06:12:33 Perf: detect: AppLayer MPM "toserver file_data (smtp)": 2
[1 - Suricata-Main] 2025-05-20 06:12:33 Perf: detect: Pkt MPM "icmpv6.hdr": 1
[1 - Suricata-Main] 2025-05-20 06:12:33 Perf: detect: Pkt MPM "ipv6.hdr": 1
[1 - Suricata-Main] 2025-05-20 06:12:35 Config: af-packet: enp0s3: using flow cluster mode for AF_PACKET
[1 - Suricata-Main] 2025-05-20 06:12:35 Perf: af-packet: enp0s3: cluster_flow: 5 cores, using 5 threads
[1 - Suricata-Main] 2025-05-20 06:12:35 Perf: ioctl: enp0s3: disabling gro offloading
[1 - Suricata-Main] 2025-05-20 06:12:35 Perf: ioctl: enp0s3: disabling tso offloading
[1 - Suricata-Main] 2025-05-20 06:12:35 Perf: ioctl: enp0s3: disabling gso offloading
[1 - Suricata-Main] 2025-05-20 06:12:35 Perf: ioctl: enp0s3: disabling sg offloading
[1 - Suricata-Main] 2025-05-20 06:12:35 Warning: af-packet: enp0s3: AF_PACKET tpacket-v3 is recommended for non-inline operation
[1 - Suricata-Main] 2025-05-20 06:12:35 Info: runmodes: enp0s3: creating 5 threads
[1 - Suricata-Main] 2025-05-20 06:12:36 Config: flow-manager: using 1 flow manager threads
[1 - Suricata-Main] 2025-05-20 06:12:36 Config: flow-manager: using 1 flow recycler threads
[1 - Suricata-Main] 2025-05-20 06:12:36 Info: unix-manager: unix socket '/var/run/suricata/suricata-command.socket'
[12 - W#01-enp0s3] 2025-05-20 06:12:36 Config: af-packet: enp0s3: defrag enabled, setting snaplen to 9216
[12 - W#01-enp0s3] 2025-05-20 06:12:36 Perf: af-packet: enp0s3: rx ring: block_size=131072 block_nr=30 frame_size=9296 frame_nr=420
[13 - W#02-enp0s3] 2025-05-20 06:12:36 Config: af-packet: enp0s3: defrag enabled, setting snaplen to 9216
[13 - W#02-enp0s3] 2025-05-20 06:12:36 Perf: af-packet: enp0s3: rx ring: block_size=131072 block_nr=30 frame_size=9296 frame_nr=420
[14 - W#03-enp0s3] 2025-05-20 06:12:36 Config: af-packet: enp0s3: defrag enabled, setting snaplen to 9216
[14 - W#03-enp0s3] 2025-05-20 06:12:36 Perf: af-packet: enp0s3: rx ring: block_size=131072 block_nr=30 frame_size=9296 frame_nr=420
[15 - W#04-enp0s3] 2025-05-20 06:12:36 Config: af-packet: enp0s3: defrag enabled, setting snaplen to 9216
[15 - W#04-enp0s3] 2025-05-20 06:12:36 Perf: af-packet: enp0s3: rx ring: block_size=131072 block_nr=30 frame_size=9296 frame_nr=420
[16 - W#05-enp0s3] 2025-05-20 06:12:36 Config: af-packet: enp0s3: defrag enabled, setting snaplen to 9216
[16 - W#05-enp0s3] 2025-05-20 06:12:36 Perf: af-packet: enp0s3: rx ring: block_size=131072 block_nr=30 frame_size=9296 frame_nr=420
[1 - Suricata-Main] 2025-05-20 06:12:36 Notice: threads: Threads created -> W: 5 FM: 1 FR: 1   Engine started.
[1 - Suricata-Main] 2025-05-20 06:17:49 Notice: suricata: Signal Received.  Stopping engine.
[1 - Suricata-Main] 2025-05-20 06:17:49 Info: suricata: time elapsed 313.274s
[18 - FR#01] 2025-05-20 06:17:50 Perf: flow-manager: 384 flows processed
[12 - W#01-enp0s3] 2025-05-20 06:17:50 Perf: af-packet: enp0s3: (W#01-enp0s3) kernel: Packets 1562, dropped 0
[13 - W#02-enp0s3] 2025-05-20 06:17:50 Perf: af-packet: enp0s3: (W#02-enp0s3) kernel: Packets 1294, dropped 0
[14 - W#03-enp0s3] 2025-05-20 06:17:50 Perf: af-packet: enp0s3: (W#03-enp0s3) kernel: Packets 1149, dropped 0
[15 - W#04-enp0s3] 2025-05-20 06:17:50 Perf: af-packet: enp0s3: (W#04-enp0s3) kernel: Packets 1838, dropped 0
[16 - W#05-enp0s3] 2025-05-20 06:17:50 Perf: af-packet: enp0s3: (W#05-enp0s3) kernel: Packets 1604, dropped 0
[1 - Suricata-Main] 2025-05-20 06:17:50 Info: counters: Alerts: 0
[1 - Suricata-Main] 2025-05-20 06:17:50 Perf: ippair: ippair memory usage: 414144 bytes, maximum: 16777216
[1 - Suricata-Main] 2025-05-20 06:17:50 Perf: host: host memory usage: 398144 bytes, maximum: 33554432
[1 - Suricata-Main] 2025-05-20 06:17:51 Notice: device: enp0s3: packets: 7447, drops: 0 (0.00%), invalid chksum: 0
[1 - Suricata-Main] 2025-05-20 06:17:51 Perf: ioctl: enp0s3: restoring gro offloading
[1 - Suricata-Main] 2025-05-20 06:17:51 Perf: ioctl: enp0s3: restoring tso offloading
[1 - Suricata-Main] 2025-05-20 06:17:51 Perf: ioctl: enp0s3: restoring gso offloading
[1 - Suricata-Main] 2025-05-20 06:17:51 Perf: ioctl: enp0s3: restoring sg offloading
[1 - Suricata-Main] 2025-05-20 06:18:09 Notice: suricata: This is Suricata version 7.0.10 RELEASE running in SYSTEM mode
[1 - Suricata-Main] 2025-05-20 06:18:09 Info: cpu: CPUs/cores online: 5
[1 - Suricata-Main] 2025-05-20 06:18:09 Info: suricata: Setting engine mode to IDS mode by default
[1 - Suricata-Main] 2025-05-20 06:18:09 Info: exception-policy: master exception-policy set to: auto
[1 - Suricata-Main] 2025-05-20 06:18:09 Config: exception-policy: app-layer.error-policy: ignore (defined via 'exception-policy' master switch)
[1 - Suricata-Main] 2025-05-20 06:18:09 Config: app-layer-htp: 'default' server has 'request-body-minimal-inspect-size' set to 32211 and 'request-body-inspect-window' set to 4036 after randomization.
[1 - Suricata-Main] 2025-05-20 06:18:09 Config: app-layer-htp: 'default' server has 'response-body-minimal-inspect-size' set to 38978 and 'response-body-inspect-window' set to 15616 after randomization.
[1 - Suricata-Main] 2025-05-20 06:18:09 Config: smb: read: max record size: 16777216, max queued chunks 64, max queued size 67108864
[1 - Suricata-Main] 2025-05-20 06:18:09 Config: smb: write: max record size: 16777216, max queued chunks 64, max queued size 67108864
[1 - Suricata-Main] 2025-05-20 06:18:09 Config: app-layer-enip: Protocol detection and parser disabled for enip protocol.
[1 - Suricata-Main] 2025-05-20 06:18:09 Config: app-layer-dnp3: Protocol detection and parser disabled for DNP3.
[1 - Suricata-Main] 2025-05-20 06:18:09 Config: host: allocated 262144 bytes of memory for the host hash... 4096 buckets of size 64
[1 - Suricata-Main] 2025-05-20 06:18:09 Config: host: preallocated 1000 hosts of size 136
[1 - Suricata-Main] 2025-05-20 06:18:09 Config: host: host memory usage: 398144 bytes, maximum: 33554432
[1 - Suricata-Main] 2025-05-20 06:18:09 Config: coredump-config: Core dump size is unlimited.
[1 - Suricata-Main] 2025-05-20 06:18:09 Config: exception-policy: defrag.memcap-policy: ignore (defined via 'exception-policy' master switch)
[1 - Suricata-Main] 2025-05-20 06:18:09 Config: defrag-hash: allocated 3670016 bytes of memory for the defrag hash... 65536 buckets of size 56
[1 - Suricata-Main] 2025-05-20 06:18:09 Config: defrag-hash: preallocated 65535 defrag trackers of size 160
[1 - Suricata-Main] 2025-05-20 06:18:09 Config: defrag-hash: defrag memory usage: 14155616 bytes, maximum: 33554432
[1 - Suricata-Main] 2025-05-20 06:18:09 Config: exception-policy: flow.memcap-policy: ignore (defined via 'exception-policy' master switch)
[1 - Suricata-Main] 2025-05-20 06:18:09 Config: flow: flow size 304, memcap allows for 441505 flows. Per hash row in perfect conditions 6
[1 - Suricata-Main] 2025-05-20 06:18:09 Config: stream-tcp: stream "prealloc-sessions": 2048 (per thread)
[1 - Suricata-Main] 2025-05-20 06:18:09 Config: stream-tcp: stream "memcap": 67108864
[1 - Suricata-Main] 2025-05-20 06:18:09 Config: stream-tcp: stream "midstream" session pickups: disabled
[1 - Suricata-Main] 2025-05-20 06:18:09 Config: stream-tcp: stream "async-oneside": disabled
[1 - Suricata-Main] 2025-05-20 06:18:09 Config: stream-tcp: stream "checksum-validation": enabled
[1 - Suricata-Main] 2025-05-20 06:18:09 Config: exception-policy: stream.memcap-policy: ignore (defined via 'exception-policy' master switch)
[1 - Suricata-Main] 2025-05-20 06:18:09 Config: exception-policy: stream.reassembly.memcap-policy: ignore (defined via 'exception-policy' master switch)
[1 - Suricata-Main] 2025-05-20 06:18:09 Config: exception-policy: stream.midstream-policy: ignore (defined via 'exception-policy' master switch)
[1 - Suricata-Main] 2025-05-20 06:18:09 Config: stream-tcp: stream."inline": disabled
[1 - Suricata-Main] 2025-05-20 06:18:09 Config: stream-tcp: stream "bypass": disabled
[1 - Suricata-Main] 2025-05-20 06:18:09 Config: stream-tcp: stream.reassembly.urgent.policy": inline
[1 - Suricata-Main] 2025-05-20 06:18:09 Config: stream-tcp: stream "max-syn-queued": 10
[1 - Suricata-Main] 2025-05-20 06:18:09 Config: stream-tcp: stream "max-synack-queued": 5
[1 - Suricata-Main] 2025-05-20 06:18:09 Config: stream-tcp: stream.reassembly "memcap": 268435456
[1 - Suricata-Main] 2025-05-20 06:18:09 Config: stream-tcp: stream.reassembly "depth": 1048576
[1 - Suricata-Main] 2025-05-20 06:18:09 Config: stream-tcp: stream.reassembly "toserver-chunk-size": 2609
[1 - Suricata-Main] 2025-05-20 06:18:09 Config: stream-tcp: stream.reassembly "toclient-chunk-size": 2502
[1 - Suricata-Main] 2025-05-20 06:18:09 Config: stream-tcp: stream.reassembly.raw: enabled
[1 - Suricata-Main] 2025-05-20 06:18:09 Config: stream-tcp: stream.liberal-timestamps: disabled
[1 - Suricata-Main] 2025-05-20 06:18:09 Config: stream-tcp-reassemble: stream.reassembly "segment-prealloc": 2048
[1 - Suricata-Main] 2025-05-20 06:18:09 Config: stream-tcp-reassemble: stream.reassembly "max-regions": 8
[1 - Suricata-Main] 2025-05-20 06:18:09 Info: conf: Running in live mode, activating unix socket
[1 - Suricata-Main] 2025-05-20 06:18:09 Info: logopenfile: fast output device (regular) initialized: fast.log
[1 - Suricata-Main] 2025-05-20 06:18:09 Info: logopenfile: eve-log output device (regular) initialized: eve.json
[1 - Suricata-Main] 2025-05-20 06:18:09 Config: runmodes: enabling 'eve-log' module 'alert'
[1 - Suricata-Main] 2025-05-20 06:18:09 Config: runmodes: enabling 'eve-log' module 'frame'
[1 - Suricata-Main] 2025-05-20 06:18:09 Config: runmodes: enabling 'eve-log' module 'anomaly'
[1 - Suricata-Main] 2025-05-20 06:18:09 Config: runmodes: enabling 'eve-log' module 'http'
[1 - Suricata-Main] 2025-05-20 06:18:09 Config: runmodes: enabling 'eve-log' module 'dns'
[1 - Suricata-Main] 2025-05-20 06:18:09 Config: runmodes: enabling 'eve-log' module 'tls'
[1 - Suricata-Main] 2025-05-20 06:18:09 Config: runmodes: enabling 'eve-log' module 'files'
[1 - Suricata-Main] 2025-05-20 06:18:09 Config: runmodes: enabling 'eve-log' module 'smtp'
[1 - Suricata-Main] 2025-05-20 06:18:09 Config: runmodes: enabling 'eve-log' module 'ftp'
[1 - Suricata-Main] 2025-05-20 06:18:09 Config: runmodes: enabling 'eve-log' module 'rdp'
[1 - Suricata-Main] 2025-05-20 06:18:09 Config: runmodes: enabling 'eve-log' module 'nfs'
[1 - Suricata-Main] 2025-05-20 06:18:09 Config: runmodes: enabling 'eve-log' module 'smb'
[1 - Suricata-Main] 2025-05-20 06:18:09 Config: runmodes: enabling 'eve-log' module 'tftp'
[1 - Suricata-Main] 2025-05-20 06:18:09 Config: runmodes: enabling 'eve-log' module 'ike'
[1 - Suricata-Main] 2025-05-20 06:18:09 Config: runmodes: enabling 'eve-log' module 'dcerpc'
[1 - Suricata-Main] 2025-05-20 06:18:09 Config: runmodes: enabling 'eve-log' module 'krb5'
[1 - Suricata-Main] 2025-05-20 06:18:09 Config: runmodes: enabling 'eve-log' module 'bittorrent-dht'
[1 - Suricata-Main] 2025-05-20 06:18:09 Config: runmodes: enabling 'eve-log' module 'snmp'
[1 - Suricata-Main] 2025-05-20 06:18:09 Config: runmodes: enabling 'eve-log' module 'rfb'
[1 - Suricata-Main] 2025-05-20 06:18:09 Config: runmodes: enabling 'eve-log' module 'sip'
[1 - Suricata-Main] 2025-05-20 06:18:09 Config: runmodes: enabling 'eve-log' module 'quic'
[1 - Suricata-Main] 2025-05-20 06:18:09 Config: runmodes: enabling 'eve-log' module 'dhcp'
[1 - Suricata-Main] 2025-05-20 06:18:09 Config: runmodes: enabling 'eve-log' module 'ssh'
[1 - Suricata-Main] 2025-05-20 06:18:09 Config: runmodes: enabling 'eve-log' module 'mqtt'
[1 - Suricata-Main] 2025-05-20 06:18:09 Config: runmodes: enabling 'eve-log' module 'http2'
[1 - Suricata-Main] 2025-05-20 06:18:09 Config: runmodes: enabling 'eve-log' module 'pgsql'
[1 - Suricata-Main] 2025-05-20 06:18:09 Config: runmodes: enabling 'eve-log' module 'stats'
[1 - Suricata-Main] 2025-05-20 06:18:09 Config: runmodes: enabling 'eve-log' module 'flow'
[1 - Suricata-Main] 2025-05-20 06:18:09 Info: logopenfile: stats output device (regular) initialized: stats.log
[1 - Suricata-Main] 2025-05-20 06:18:09 Config: landlock: Landlock is not enabled in configuration
[1 - Suricata-Main] 2025-05-20 06:18:09 Config: suricata: Delayed detect disabled
[1 - Suricata-Main] 2025-05-20 06:18:09 Config: detect: pattern matchers: MPM: ac, SPM: bm
[1 - Suricata-Main] 2025-05-20 06:18:09 Config: detect: grouping: tcp-whitelist (default) 53, 80, 139, 443, 445, 1433, 3306, 3389, 6666, 6667, 8080
[1 - Suricata-Main] 2025-05-20 06:18:09 Config: detect: grouping: udp-whitelist (default) 53, 135, 5060
[1 - Suricata-Main] 2025-05-20 06:18:09 Config: detect: prefilter engines: MPM
[1 - Suricata-Main] 2025-05-20 06:18:09 Config: reputation: IP reputation disabled
[1 - Suricata-Main] 2025-05-20 06:18:09 Config: detect: Loading rule file: /var/lib/suricata/rules/suricata.rules
[1 - Suricata-Main] 2025-05-20 06:18:11 Info: detect-fast-pattern: fast_pattern is ineffective with base64_data
[1 - Suricata-Main] 2025-05-20 06:18:11 Info: detect-fast-pattern: fast_pattern is ineffective with base64_data
[1 - Suricata-Main] 2025-05-20 06:18:11 Info: detect: 1 rule files processed. 42614 rules successfully loaded, 0 rules failed, 0
[1 - Suricata-Main] 2025-05-20 06:18:11 Info: threshold-config: Threshold config parsed: 0 rule(s) found
[1 - Suricata-Main] 2025-05-20 06:18:11 Info: detect: 42617 signatures processed. 1270 are IP-only rules, 4333 are inspecting packet payload, 36797 inspect application layer, 109 are decoder event only
[1 - Suricata-Main] 2025-05-20 06:18:11 Config: detect: building signature grouping structure, stage 1: preprocessing rules... complete
[1 - Suricata-Main] 2025-05-20 06:18:11 Perf: detect: TCP toserver: 41 port groups, 40 unique SGH's, 1 copies
[1 - Suricata-Main] 2025-05-20 06:18:11 Perf: detect: TCP toclient: 21 port groups, 21 unique SGH's, 0 copies
[1 - Suricata-Main] 2025-05-20 06:18:11 Perf: detect: UDP toserver: 41 port groups, 40 unique SGH's, 1 copies
[1 - Suricata-Main] 2025-05-20 06:18:11 Perf: detect: UDP toclient: 21 port groups, 17 unique SGH's, 4 copies
[1 - Suricata-Main] 2025-05-20 06:18:11 Perf: detect: OTHER toserver: 254 proto groups, 4 unique SGH's, 250 copies
[1 - Suricata-Main] 2025-05-20 06:18:11 Perf: detect: OTHER toclient: 254 proto groups, 0 unique SGH's, 254 copies
[1 - Suricata-Main] 2025-05-20 06:18:12 Perf: detect: Unique rule groups: 122
[1 - Suricata-Main] 2025-05-20 06:18:12 Perf: detect: Builtin MPM "toserver TCP packet": 31
[1 - Suricata-Main] 2025-05-20 06:18:12 Perf: detect: Builtin MPM "toclient TCP packet": 20
[1 - Suricata-Main] 2025-05-20 06:18:12 Perf: detect: Builtin MPM "toserver TCP stream": 34
[1 - Suricata-Main] 2025-05-20 06:18:12 Perf: detect: Builtin MPM "toclient TCP stream": 19
[1 - Suricata-Main] 2025-05-20 06:18:12 Perf: detect: Builtin MPM "toserver UDP packet": 40
[1 - Suricata-Main] 2025-05-20 06:18:12 Perf: detect: Builtin MPM "toclient UDP packet": 17
[1 - Suricata-Main] 2025-05-20 06:18:12 Perf: detect: Builtin MPM "other IP packet": 3
[1 - Suricata-Main] 2025-05-20 06:18:12 Perf: detect: AppLayer MPM "toserver http_uri (http)": 16
[1 - Suricata-Main] 2025-05-20 06:18:12 Perf: detect: AppLayer MPM "toserver http_uri (http2)": 16
[1 - Suricata-Main] 2025-05-20 06:18:12 Perf: detect: AppLayer MPM "toserver http_raw_uri (http)": 2
[1 - Suricata-Main] 2025-05-20 06:18:12 Perf: detect: AppLayer MPM "toserver http_raw_uri (http)": 2
[1 - Suricata-Main] 2025-05-20 06:18:12 Perf: detect: AppLayer MPM "toserver http_raw_uri (http2)": 2
[1 - Suricata-Main] 2025-05-20 06:18:12 Perf: detect: AppLayer MPM "toserver http_raw_uri (http2)": 2
[1 - Suricata-Main] 2025-05-20 06:18:12 Perf: detect: AppLayer MPM "toserver http_request_line (http)": 8
[1 - Suricata-Main] 2025-05-20 06:18:12 Perf: detect: AppLayer MPM "toserver http_request_line (http2)": 8
[1 - Suricata-Main] 2025-05-20 06:18:12 Perf: detect: AppLayer MPM "toserver http_client_body (http)": 14
[1 - Suricata-Main] 2025-05-20 06:18:12 Perf: detect: AppLayer MPM "toserver http_client_body (http)": 2
[1 - Suricata-Main] 2025-05-20 06:18:12 Perf: detect: AppLayer MPM "toserver http_client_body (http2)": 14
[1 - Suricata-Main] 2025-05-20 06:18:12 Perf: detect: AppLayer MPM "toserver http_client_body (http2)": 2
[1 - Suricata-Main] 2025-05-20 06:18:12 Perf: detect: AppLayer MPM "toclient http_response_line (http)": 2
[1 - Suricata-Main] 2025-05-20 06:18:12 Perf: detect: AppLayer MPM "toclient http_response_line (http2)": 2
[1 - Suricata-Main] 2025-05-20 06:18:12 Perf: detect: AppLayer MPM "toserver http_header (http)": 10
[1 - Suricata-Main] 2025-05-20 06:18:12 Perf: detect: AppLayer MPM "toserver http_header (http)": 1
[1 - Suricata-Main] 2025-05-20 06:18:12 Perf: detect: AppLayer MPM "toserver http_header (http)": 4
[1 - Suricata-Main] 2025-05-20 06:18:12 Perf: detect: AppLayer MPM "toserver http_header (http)": 4
[1 - Suricata-Main] 2025-05-20 06:18:12 Perf: detect: AppLayer MPM "toserver http_header (http)": 10
[1 - Suricata-Main] 2025-05-20 06:18:12 Perf: detect: AppLayer MPM "toclient http_header (http)": 10
[1 - Suricata-Main] 2025-05-20 06:18:12 Perf: detect: AppLayer MPM "toclient http_header (http)": 1
[1 - Suricata-Main] 2025-05-20 06:18:12 Perf: detect: AppLayer MPM "toclient http_header (http)": 4
[1 - Suricata-Main] 2025-05-20 06:18:12 Perf: detect: AppLayer MPM "toclient http_header (http)": 4
[1 - Suricata-Main] 2025-05-20 06:18:12 Perf: detect: AppLayer MPM "toclient http_header (http)": 10
[1 - Suricata-Main] 2025-05-20 06:18:12 Perf: detect: AppLayer MPM "toserver http_header (http2)": 10
[1 - Suricata-Main] 2025-05-20 06:18:12 Perf: detect: AppLayer MPM "toserver http_header (http2)": 1
[1 - Suricata-Main] 2025-05-20 06:18:12 Perf: detect: AppLayer MPM "toserver http_header (http2)": 4
[1 - Suricata-Main] 2025-05-20 06:18:12 Perf: detect: AppLayer MPM "toserver http_header (http2)": 4
[1 - Suricata-Main] 2025-05-20 06:18:12 Perf: detect: AppLayer MPM "toserver http_header (http2)": 10
[1 - Suricata-Main] 2025-05-20 06:18:12 Perf: detect: AppLayer MPM "toclient http_header (http2)": 10
[1 - Suricata-Main] 2025-05-20 06:18:12 Perf: detect: AppLayer MPM "toclient http_header (http2)": 1
[1 - Suricata-Main] 2025-05-20 06:18:12 Perf: detect: AppLayer MPM "toclient http_header (http2)": 4
[1 - Suricata-Main] 2025-05-20 06:18:12 Perf: detect: AppLayer MPM "toclient http_header (http2)": 4
[1 - Suricata-Main] 2025-05-20 06:18:12 Perf: detect: AppLayer MPM "toclient http_header (http2)": 10
[1 - Suricata-Main] 2025-05-20 06:18:12 Perf: detect: AppLayer MPM "toserver http_request_header (http2)": 2
[1 - Suricata-Main] 2025-05-20 06:18:12 Perf: detect: AppLayer MPM "toserver http_request_header (http2)": 4
[1 - Suricata-Main] 2025-05-20 06:18:12 Perf: detect: AppLayer MPM "toserver http_request_header (http)": 2
[1 - Suricata-Main] 2025-05-20 06:18:12 Perf: detect: AppLayer MPM "toserver http_request_header (http)": 4
[1 - Suricata-Main] 2025-05-20 06:18:12 Perf: detect: AppLayer MPM "toclient http_response_header (http2)": 2
[1 - Suricata-Main] 2025-05-20 06:18:12 Perf: detect: AppLayer MPM "toclient http_response_header (http2)": 2
[1 - Suricata-Main] 2025-05-20 06:18:12 Perf: detect: AppLayer MPM "toclient http_response_header (http2)": 2
[1 - Suricata-Main] 2025-05-20 06:18:12 Perf: detect: AppLayer MPM "toclient http_response_header (http2)": 2
[1 - Suricata-Main] 2025-05-20 06:18:12 Perf: detect: AppLayer MPM "toclient http_response_header (http)": 2
[1 - Suricata-Main] 2025-05-20 06:18:12 Perf: detect: AppLayer MPM "toclient http_response_header (http)": 2
[1 - Suricata-Main] 2025-05-20 06:18:12 Perf: detect: AppLayer MPM "toclient http_response_header (http)": 2
[1 - Suricata-Main] 2025-05-20 06:18:12 Perf: detect: AppLayer MPM "toclient http_response_header (http)": 2
[1 - Suricata-Main] 2025-05-20 06:18:12 Perf: detect: AppLayer MPM "toserver http_header_names (http)": 11
[1 - Suricata-Main] 2025-05-20 06:18:12 Perf: detect: AppLayer MPM "toserver http_header_names (http)": 1
[1 - Suricata-Main] 2025-05-20 06:18:12 Perf: detect: AppLayer MPM "toserver http_header_names (http)": 2
[1 - Suricata-Main] 2025-05-20 06:18:12 Perf: detect: AppLayer MPM "toserver http_header_names (http)": 4
[1 - Suricata-Main] 2025-05-20 06:18:12 Perf: detect: AppLayer MPM "toserver http_header_names (http)": 8
[1 - Suricata-Main] 2025-05-20 06:18:12 Perf: detect: AppLayer MPM "toclient http_header_names (http)": 11
[1 - Suricata-Main] 2025-05-20 06:18:12 Perf: detect: AppLayer MPM "toclient http_header_names (http)": 1
[1 - Suricata-Main] 2025-05-20 06:18:12 Perf: detect: AppLayer MPM "toclient http_header_names (http)": 2
[1 - Suricata-Main] 2025-05-20 06:18:12 Perf: detect: AppLayer MPM "toclient http_header_names (http)": 4
[1 - Suricata-Main] 2025-05-20 06:18:12 Perf: detect: AppLayer MPM "toclient http_header_names (http)": 8
[1 - Suricata-Main] 2025-05-20 06:18:12 Perf: detect: AppLayer MPM "toserver http_header_names (http2)": 11
[1 - Suricata-Main] 2025-05-20 06:18:12 Perf: detect: AppLayer MPM "toserver http_header_names (http2)": 1
[1 - Suricata-Main] 2025-05-20 06:18:12 Perf: detect: AppLayer MPM "toserver http_header_names (http2)": 2
[1 - Suricata-Main] 2025-05-20 06:18:12 Perf: detect: AppLayer MPM "toserver http_header_names (http2)": 4
[1 - Suricata-Main] 2025-05-20 06:18:12 Perf: detect: AppLayer MPM "toserver http_header_names (http2)": 8
[1 - Suricata-Main] 2025-05-20 06:18:12 Perf: detect: AppLayer MPM "toclient http_header_names (http2)": 11
[1 - Suricata-Main] 2025-05-20 06:18:12 Perf: detect: AppLayer MPM "toclient http_header_names (http2)": 1
[1 - Suricata-Main] 2025-05-20 06:18:12 Perf: detect: AppLayer MPM "toclient http_header_names (http2)": 2
[1 - Suricata-Main] 2025-05-20 06:18:12 Perf: detect: AppLayer MPM "toclient http_header_names (http2)": 4
[1 - Suricata-Main] 2025-05-20 06:18:12 Perf: detect: AppLayer MPM "toclient http_header_names (http2)": 8
[1 - Suricata-Main] 2025-05-20 06:18:12 Perf: detect: AppLayer MPM "toserver http_accept (http)": 8
[1 - Suricata-Main] 2025-05-20 06:18:12 Perf: detect: AppLayer MPM "toserver http_accept (http2)": 8
[1 - Suricata-Main] 2025-05-20 06:18:12 Perf: detect: AppLayer MPM "toserver http_accept_enc (http)": 2
[1 - Suricata-Main] 2025-05-20 06:18:12 Perf: detect: AppLayer MPM "toserver http_accept_enc (http2)": 2
[1 - Suricata-Main] 2025-05-20 06:18:12 Perf: detect: AppLayer MPM "toserver http_accept_lang (http)": 2
[1 - Suricata-Main] 2025-05-20 06:18:12 Perf: detect: AppLayer MPM "toserver http_accept_lang (http2)": 2
[1 - Suricata-Main] 2025-05-20 06:18:12 Perf: detect: AppLayer MPM "toserver http_referer (http)": 2
[1 - Suricata-Main] 2025-05-20 06:18:12 Perf: detect: AppLayer MPM "toserver http_referer (http2)": 2
[1 - Suricata-Main] 2025-05-20 06:18:12 Perf: detect: AppLayer MPM "toserver http_connection (http)": 2
[1 - Suricata-Main] 2025-05-20 06:18:12 Perf: detect: AppLayer MPM "toserver http_connection (http2)": 2
[1 - Suricata-Main] 2025-05-20 06:18:12 Perf: detect: AppLayer MPM "toclient http_connection (http)": 2
[1 - Suricata-Main] 2025-05-20 06:18:12 Perf: detect: AppLayer MPM "toclient http_connection (http2)": 2
[1 - Suricata-Main] 2025-05-20 06:18:12 Perf: detect: AppLayer MPM "toserver http_content_len (http)": 4
[1 - Suricata-Main] 2025-05-20 06:18:12 Perf: detect: AppLayer MPM "toserver http_content_len (http2)": 4
[1 - Suricata-Main] 2025-05-20 06:18:12 Perf: detect: AppLayer MPM "toclient http_content_len (http)": 4
[1 - Suricata-Main] 2025-05-20 06:18:12 Perf: detect: AppLayer MPM "toclient http_content_len (http2)": 4
[1 - Suricata-Main] 2025-05-20 06:18:12 Perf: detect: AppLayer MPM "toserver http_content_type (http)": 4
[1 - Suricata-Main] 2025-05-20 06:18:12 Perf: detect: AppLayer MPM "toserver http_content_type (http2)": 4
[1 - Suricata-Main] 2025-05-20 06:18:12 Perf: detect: AppLayer MPM "toclient http_content_type (http)": 4
[1 - Suricata-Main] 2025-05-20 06:18:12 Perf: detect: AppLayer MPM "toclient http_content_type (http2)": 4
[1 - Suricata-Main] 2025-05-20 06:18:12 Perf: detect: AppLayer MPM "toclient http.server (http)": 4
[1 - Suricata-Main] 2025-05-20 06:18:12 Perf: detect: AppLayer MPM "toclient http.server (http2)": 4
[1 - Suricata-Main] 2025-05-20 06:18:12 Perf: detect: AppLayer MPM "toclient http.location (http)": 2
[1 - Suricata-Main] 2025-05-20 06:18:12 Perf: detect: AppLayer MPM "toclient http.location (http2)": 2
[1 - Suricata-Main] 2025-05-20 06:18:12 Perf: detect: AppLayer MPM "toserver http_start (http)": 6
[1 - Suricata-Main] 2025-05-20 06:18:12 Perf: detect: AppLayer MPM "toclient http_start (http)": 6
[1 - Suricata-Main] 2025-05-20 06:18:12 Perf: detect: AppLayer MPM "toserver http_raw_header (http)": 4
[1 - Suricata-Main] 2025-05-20 06:18:12 Perf: detect: AppLayer MPM "toserver http_raw_header (http)": 2
[1 - Suricata-Main] 2025-05-20 06:18:12 Perf: detect: AppLayer MPM "toserver http_raw_header (http)": 4
[1 - Suricata-Main] 2025-05-20 06:18:12 Perf: detect: AppLayer MPM "toclient http_raw_header (http)": 4
[1 - Suricata-Main] 2025-05-20 06:18:12 Perf: detect: AppLayer MPM "toclient http_raw_header (http)": 2
[1 - Suricata-Main] 2025-05-20 06:18:12 Perf: detect: AppLayer MPM "toclient http_raw_header (http)": 4
[1 - Suricata-Main] 2025-05-20 06:18:12 Perf: detect: AppLayer MPM "toserver http_raw_header (http2)": 4
[1 - Suricata-Main] 2025-05-20 06:18:12 Perf: detect: AppLayer MPM "toserver http_raw_header (http2)": 2
[1 - Suricata-Main] 2025-05-20 06:18:12 Perf: detect: AppLayer MPM "toserver http_raw_header (http2)": 4
[1 - Suricata-Main] 2025-05-20 06:18:12 Perf: detect: AppLayer MPM "toclient http_raw_header (http2)": 4
[1 - Suricata-Main] 2025-05-20 06:18:12 Perf: detect: AppLayer MPM "toclient http_raw_header (http2)": 2
[1 - Suricata-Main] 2025-05-20 06:18:12 Perf: detect: AppLayer MPM "toclient http_raw_header (http2)": 4
[1 - Suricata-Main] 2025-05-20 06:18:12 Perf: detect: AppLayer MPM "toserver http_method (http)": 4
[1 - Suricata-Main] 2025-05-20 06:18:12 Perf: detect: AppLayer MPM "toserver http_method (http2)": 4
[1 - Suricata-Main] 2025-05-20 06:18:12 Perf: detect: AppLayer MPM "toserver http_cookie (http)": 8
[1 - Suricata-Main] 2025-05-20 06:18:12 Perf: detect: AppLayer MPM "toclient http_cookie (http)": 8
[1 - Suricata-Main] 2025-05-20 06:18:12 Perf: detect: AppLayer MPM "toserver http_cookie (http2)": 8
[1 - Suricata-Main] 2025-05-20 06:18:12 Perf: detect: AppLayer MPM "toclient http_cookie (http2)": 8
[1 - Suricata-Main] 2025-05-20 06:18:12 Perf: detect: AppLayer MPM "toserver http_user_agent (http)": 15
[1 - Suricata-Main] 2025-05-20 06:18:12 Perf: detect: AppLayer MPM "toserver http_user_agent (http2)": 15
[1 - Suricata-Main] 2025-05-20 06:18:12 Perf: detect: AppLayer MPM "toserver http_host (http)": 2
[1 - Suricata-Main] 2025-05-20 06:18:12 Perf: detect: AppLayer MPM "toserver http_host (http)": 4
[1 - Suricata-Main] 2025-05-20 06:18:12 Perf: detect: AppLayer MPM "toserver http_host (http2)": 2
[1 - Suricata-Main] 2025-05-20 06:18:12 Perf: detect: AppLayer MPM "toserver http_host (http2)": 4
[1 - Suricata-Main] 2025-05-20 06:18:12 Perf: detect: AppLayer MPM "toserver http_raw_host (http)": 2
[1 - Suricata-Main] 2025-05-20 06:18:12 Perf: detect: AppLayer MPM "toserver http_raw_host (http2)": 2
[1 - Suricata-Main] 2025-05-20 06:18:12 Perf: detect: AppLayer MPM "toclient http_stat_code (http)": 4
[1 - Suricata-Main] 2025-05-20 06:18:12 Perf: detect: AppLayer MPM "toclient http_stat_code (http2)": 4
[1 - Suricata-Main] 2025-05-20 06:18:12 Perf: detect: AppLayer MPM "toserver dns_query (dns)": 2
[1 - Suricata-Main] 2025-05-20 06:18:12 Perf: detect: AppLayer MPM "toserver dns_query (dns)": 1
[1 - Suricata-Main] 2025-05-20 06:18:12 Perf: detect: AppLayer MPM "toserver tls.sni (tls)": 3
[1 - Suricata-Main] 2025-05-20 06:18:12 Perf: detect: AppLayer MPM "toserver tls.sni (tls)": 1
[1 - Suricata-Main] 2025-05-20 06:18:12 Perf: detect: AppLayer MPM "toserver tls.cert_issuer (tls)": 6
[1 - Suricata-Main] 2025-05-20 06:18:12 Perf: detect: AppLayer MPM "toclient tls.cert_issuer (tls)": 6
[1 - Suricata-Main] 2025-05-20 06:18:12 Perf: detect: AppLayer MPM "toserver tls.cert_subject (tls)": 4
[1 - Suricata-Main] 2025-05-20 06:18:12 Perf: detect: AppLayer MPM "toclient tls.cert_subject (tls)": 4
[1 - Suricata-Main] 2025-05-20 06:18:12 Perf: detect: AppLayer MPM "toclient tls.cert_serial (tls)": 2
[1 - Suricata-Main] 2025-05-20 06:18:12 Perf: detect: AppLayer MPM "toserver tls.cert_serial (tls)": 2
[1 - Suricata-Main] 2025-05-20 06:18:12 Perf: detect: AppLayer MPM "toclient tls.cert_fingerprint (tls)": 1
[1 - Suricata-Main] 2025-05-20 06:18:12 Perf: detect: AppLayer MPM "toserver tls.cert_fingerprint (tls)": 1
[1 - Suricata-Main] 2025-05-20 06:18:12 Perf: detect: AppLayer MPM "toclient tls.certs (tls)": 2
[1 - Suricata-Main] 2025-05-20 06:18:12 Perf: detect: AppLayer MPM "toserver tls.certs (tls)": 2
[1 - Suricata-Main] 2025-05-20 06:18:12 Perf: detect: AppLayer MPM "toserver ja3.hash (tls)": 2
[1 - Suricata-Main] 2025-05-20 06:18:12 Perf: detect: AppLayer MPM "toserver ja3.hash (quic)": 2
[1 - Suricata-Main] 2025-05-20 06:18:12 Perf: detect: AppLayer MPM "toclient ja3s.hash (tls)": 1
[1 - Suricata-Main] 2025-05-20 06:18:12 Perf: detect: AppLayer MPM "toclient ja3s.hash (quic)": 1
[1 - Suricata-Main] 2025-05-20 06:18:12 Perf: detect: AppLayer MPM "toserver ssh.proto (ssh)": 1
[1 - Suricata-Main] 2025-05-20 06:18:12 Perf: detect: AppLayer MPM "toclient ssh.proto (ssh)": 1
[1 - Suricata-Main] 2025-05-20 06:18:12 Perf: detect: AppLayer MPM "toclient file_data (nfs)": 17
[1 - Suricata-Main] 2025-05-20 06:18:12 Perf: detect: AppLayer MPM "toclient file_data (nfs)": 2
[1 - Suricata-Main] 2025-05-20 06:18:12 Perf: detect: AppLayer MPM "toserver file_data (nfs)": 17
[1 - Suricata-Main] 2025-05-20 06:18:12 Perf: detect: AppLayer MPM "toserver file_data (nfs)": 2
[1 - Suricata-Main] 2025-05-20 06:18:12 Perf: detect: AppLayer MPM "toclient file_data (smb)": 17
[1 - Suricata-Main] 2025-05-20 06:18:12 Perf: detect: AppLayer MPM "toclient file_data (smb)": 2
[1 - Suricata-Main] 2025-05-20 06:18:12 Perf: detect: AppLayer MPM "toserver file_data (smb)": 17
[1 - Suricata-Main] 2025-05-20 06:18:12 Perf: detect: AppLayer MPM "toserver file_data (smb)": 2
[1 - Suricata-Main] 2025-05-20 06:18:12 Perf: detect: AppLayer MPM "toclient file_data (ftp)": 17
[1 - Suricata-Main] 2025-05-20 06:18:12 Perf: detect: AppLayer MPM "toclient file_data (ftp)": 2
[1 - Suricata-Main] 2025-05-20 06:18:12 Perf: detect: AppLayer MPM "toserver file_data (ftp)": 17
[1 - Suricata-Main] 2025-05-20 06:18:12 Perf: detect: AppLayer MPM "toserver file_data (ftp)": 2
[1 - Suricata-Main] 2025-05-20 06:18:12 Perf: detect: AppLayer MPM "toclient file_data (ftp-data)": 17
[1 - Suricata-Main] 2025-05-20 06:18:12 Perf: detect: AppLayer MPM "toclient file_data (ftp-data)": 2
[1 - Suricata-Main] 2025-05-20 06:18:12 Perf: detect: AppLayer MPM "toserver file_data (ftp-data)": 17
[1 - Suricata-Main] 2025-05-20 06:18:12 Perf: detect: AppLayer MPM "toserver file_data (ftp-data)": 2
[1 - Suricata-Main] 2025-05-20 06:18:12 Perf: detect: AppLayer MPM "toclient file_data (http)": 17
[1 - Suricata-Main] 2025-05-20 06:18:12 Perf: detect: AppLayer MPM "toclient file_data (http)": 2
[1 - Suricata-Main] 2025-05-20 06:18:12 Perf: detect: AppLayer MPM "toserver file_data (http)": 17
[1 - Suricata-Main] 2025-05-20 06:18:12 Perf: detect: AppLayer MPM "toserver file_data (http)": 2
[1 - Suricata-Main] 2025-05-20 06:18:12 Perf: detect: AppLayer MPM "toclient file_data (http2)": 17
[1 - Suricata-Main] 2025-05-20 06:18:12 Perf: detect: AppLayer MPM "toclient file_data (http2)": 2
[1 - Suricata-Main] 2025-05-20 06:18:12 Perf: detect: AppLayer MPM "toserver file_data (http2)": 17
[1 - Suricata-Main] 2025-05-20 06:18:12 Perf: detect: AppLayer MPM "toserver file_data (http2)": 2
[1 - Suricata-Main] 2025-05-20 06:18:12 Perf: detect: AppLayer MPM "toserver file_data (smtp)": 17
[1 - Suricata-Main] 2025-05-20 06:18:12 Perf: detect: AppLayer MPM "toserver file_data (smtp)": 2
[1 - Suricata-Main] 2025-05-20 06:18:12 Perf: detect: Pkt MPM "icmpv6.hdr": 1
[1 - Suricata-Main] 2025-05-20 06:18:12 Perf: detect: Pkt MPM "ipv6.hdr": 1
[1 - Suricata-Main] 2025-05-20 06:18:14 Config: af-packet: enp0s3: using flow cluster mode for AF_PACKET
[1 - Suricata-Main] 2025-05-20 06:18:14 Perf: af-packet: enp0s3: cluster_flow: 5 cores, using 5 threads
[1 - Suricata-Main] 2025-05-20 06:18:14 Perf: ioctl: enp0s3: disabling gro offloading
[1 - Suricata-Main] 2025-05-20 06:18:14 Perf: ioctl: enp0s3: disabling tso offloading
[1 - Suricata-Main] 2025-05-20 06:18:14 Perf: ioctl: enp0s3: disabling gso offloading
[1 - Suricata-Main] 2025-05-20 06:18:14 Perf: ioctl: enp0s3: disabling sg offloading
[1 - Suricata-Main] 2025-05-20 06:18:14 Warning: af-packet: enp0s3: AF_PACKET tpacket-v3 is recommended for non-inline operation
[1 - Suricata-Main] 2025-05-20 06:18:14 Info: runmodes: enp0s3: creating 5 threads
[1 - Suricata-Main] 2025-05-20 06:18:14 Config: flow-manager: using 1 flow manager threads
[1 - Suricata-Main] 2025-05-20 06:18:14 Config: flow-manager: using 1 flow recycler threads
[1 - Suricata-Main] 2025-05-20 06:18:14 Info: unix-manager: unix socket '/var/run/suricata/suricata-command.socket'
[12 - W#01-enp0s3] 2025-05-20 06:18:14 Config: af-packet: enp0s3: defrag enabled, setting snaplen to 9216
[12 - W#01-enp0s3] 2025-05-20 06:18:14 Perf: af-packet: enp0s3: rx ring: block_size=131072 block_nr=30 frame_size=9296 frame_nr=420
[13 - W#02-enp0s3] 2025-05-20 06:18:14 Config: af-packet: enp0s3: defrag enabled, setting snaplen to 9216
[13 - W#02-enp0s3] 2025-05-20 06:18:14 Perf: af-packet: enp0s3: rx ring: block_size=131072 block_nr=30 frame_size=9296 frame_nr=420
[14 - W#03-enp0s3] 2025-05-20 06:18:14 Config: af-packet: enp0s3: defrag enabled, setting snaplen to 9216
[14 - W#03-enp0s3] 2025-05-20 06:18:14 Perf: af-packet: enp0s3: rx ring: block_size=131072 block_nr=30 frame_size=9296 frame_nr=420
[15 - W#04-enp0s3] 2025-05-20 06:18:14 Config: af-packet: enp0s3: defrag enabled, setting snaplen to 9216
[15 - W#04-enp0s3] 2025-05-20 06:18:14 Perf: af-packet: enp0s3: rx ring: block_size=131072 block_nr=30 frame_size=9296 frame_nr=420
[16 - W#05-enp0s3] 2025-05-20 06:18:14 Config: af-packet: enp0s3: defrag enabled, setting snaplen to 9216
[16 - W#05-enp0s3] 2025-05-20 06:18:14 Perf: af-packet: enp0s3: rx ring: block_size=131072 block_nr=30 frame_size=9296 frame_nr=420
[1 - Suricata-Main] 2025-05-20 06:18:14 Notice: threads: Threads created -> W: 5 FM: 1 FR: 1   Engine started.
[1 - Suricata-Main] 2025-05-20 06:37:59 Notice: suricata: Signal Received.  Stopping engine.
[1 - Suricata-Main] 2025-05-20 06:38:00 Info: suricata: time elapsed 1186.217s
[18 - FR#01] 2025-05-20 06:38:01 Perf: flow-manager: 1282 flows processed
[12 - W#01-enp0s3] 2025-05-20 06:38:01 Perf: af-packet: enp0s3: (W#01-enp0s3) kernel: Packets 5893, dropped 0
[13 - W#02-enp0s3] 2025-05-20 06:38:04 Perf: af-packet: enp0s3: (W#02-enp0s3) kernel: Packets 6891, dropped 0
[14 - W#03-enp0s3] 2025-05-20 06:38:04 Perf: af-packet: enp0s3: (W#03-enp0s3) kernel: Packets 5732, dropped 0
[15 - W#04-enp0s3] 2025-05-20 06:38:04 Perf: af-packet: enp0s3: (W#04-enp0s3) kernel: Packets 4822, dropped 0
[16 - W#05-enp0s3] 2025-05-20 06:38:04 Perf: af-packet: enp0s3: (W#05-enp0s3) kernel: Packets 9980, dropped 0
[1 - Suricata-Main] 2025-05-20 06:38:04 Info: counters: Alerts: 11
[1 - Suricata-Main] 2025-05-20 06:38:04 Perf: ippair: ippair memory usage: 414144 bytes, maximum: 16777216
[1 - Suricata-Main] 2025-05-20 06:38:04 Perf: host: host memory usage: 398144 bytes, maximum: 33554432
[1 - Suricata-Main] 2025-05-20 06:38:08 Notice: device: enp0s3: packets: 33318, drops: 0 (0.00%), invalid chksum: 0
[1 - Suricata-Main] 2025-05-20 06:38:08 Perf: ioctl: enp0s3: restoring gro offloading
[1 - Suricata-Main] 2025-05-20 06:38:08 Perf: ioctl: enp0s3: restoring tso offloading
[1 - Suricata-Main] 2025-05-20 06:38:08 Perf: ioctl: enp0s3: restoring gso offloading
[1 - Suricata-Main] 2025-05-20 06:38:08 Perf: ioctl: enp0s3: restoring sg offloading
[1 - Suricata-Main] 2025-05-20 06:39:16 Notice: suricata: This is Suricata version 7.0.10 RELEASE running in SYSTEM mode
[1 - Suricata-Main] 2025-05-20 06:39:16 Info: cpu: CPUs/cores online: 5
[1 - Suricata-Main] 2025-05-20 06:39:16 Info: suricata: Setting engine mode to IDS mode by default
[1 - Suricata-Main] 2025-05-20 06:39:16 Info: exception-policy: master exception-policy set to: auto
[1 - Suricata-Main] 2025-05-20 06:39:16 Config: exception-policy: app-layer.error-policy: ignore (defined via 'exception-policy' master switch)
[1 - Suricata-Main] 2025-05-20 06:39:16 Config: app-layer-htp: 'default' server has 'request-body-minimal-inspect-size' set to 31456 and 'request-body-inspect-window' set to 4015 after randomization.
[1 - Suricata-Main] 2025-05-20 06:39:16 Config: app-layer-htp: 'default' server has 'response-body-minimal-inspect-size' set to 42984 and 'response-body-inspect-window' set to 17101 after randomization.
[1 - Suricata-Main] 2025-05-20 06:39:16 Config: smb: read: max record size: 16777216, max queued chunks 64, max queued size 67108864
[1 - Suricata-Main] 2025-05-20 06:39:16 Config: smb: write: max record size: 16777216, max queued chunks 64, max queued size 67108864
[1 - Suricata-Main] 2025-05-20 06:39:16 Config: app-layer-enip: Protocol detection and parser disabled for enip protocol.
[1 - Suricata-Main] 2025-05-20 06:39:16 Config: app-layer-dnp3: Protocol detection and parser disabled for DNP3.
[1 - Suricata-Main] 2025-05-20 06:39:16 Config: host: allocated 262144 bytes of memory for the host hash... 4096 buckets of size 64
[1 - Suricata-Main] 2025-05-20 06:39:16 Config: host: preallocated 1000 hosts of size 136
[1 - Suricata-Main] 2025-05-20 06:39:16 Config: host: host memory usage: 398144 bytes, maximum: 33554432
[1 - Suricata-Main] 2025-05-20 06:39:16 Config: coredump-config: Core dump size is unlimited.
[1 - Suricata-Main] 2025-05-20 06:39:16 Config: exception-policy: defrag.memcap-policy: ignore (defined via 'exception-policy' master switch)
[1 - Suricata-Main] 2025-05-20 06:39:16 Config: defrag-hash: allocated 3670016 bytes of memory for the defrag hash... 65536 buckets of size 56
[1 - Suricata-Main] 2025-05-20 06:39:16 Config: defrag-hash: preallocated 65535 defrag trackers of size 160
[1 - Suricata-Main] 2025-05-20 06:39:16 Config: defrag-hash: defrag memory usage: 14155616 bytes, maximum: 33554432
[1 - Suricata-Main] 2025-05-20 06:39:16 Config: exception-policy: flow.memcap-policy: ignore (defined via 'exception-policy' master switch)
[1 - Suricata-Main] 2025-05-20 06:39:16 Config: flow: flow size 304, memcap allows for 441505 flows. Per hash row in perfect conditions 6
[1 - Suricata-Main] 2025-05-20 06:39:16 Config: stream-tcp: stream "prealloc-sessions": 2048 (per thread)
[1 - Suricata-Main] 2025-05-20 06:39:16 Config: stream-tcp: stream "memcap": 67108864
[1 - Suricata-Main] 2025-05-20 06:39:16 Config: stream-tcp: stream "midstream" session pickups: disabled
[1 - Suricata-Main] 2025-05-20 06:39:16 Config: stream-tcp: stream "async-oneside": disabled
[1 - Suricata-Main] 2025-05-20 06:39:16 Config: stream-tcp: stream "checksum-validation": enabled
[1 - Suricata-Main] 2025-05-20 06:39:16 Config: exception-policy: stream.memcap-policy: ignore (defined via 'exception-policy' master switch)
[1 - Suricata-Main] 2025-05-20 06:39:16 Config: exception-policy: stream.reassembly.memcap-policy: ignore (defined via 'exception-policy' master switch)
[1 - Suricata-Main] 2025-05-20 06:39:16 Config: exception-policy: stream.midstream-policy: ignore (defined via 'exception-policy' master switch)
[1 - Suricata-Main] 2025-05-20 06:39:16 Config: stream-tcp: stream."inline": disabled
[1 - Suricata-Main] 2025-05-20 06:39:16 Config: stream-tcp: stream "bypass": disabled
[1 - Suricata-Main] 2025-05-20 06:39:16 Config: stream-tcp: stream.reassembly.urgent.policy": inline
[1 - Suricata-Main] 2025-05-20 06:39:16 Config: stream-tcp: stream "max-syn-queued": 10
[1 - Suricata-Main] 2025-05-20 06:39:16 Config: stream-tcp: stream "max-synack-queued": 5
[1 - Suricata-Main] 2025-05-20 06:39:16 Config: stream-tcp: stream.reassembly "memcap": 268435456
[1 - Suricata-Main] 2025-05-20 06:39:16 Config: stream-tcp: stream.reassembly "depth": 1048576
[1 - Suricata-Main] 2025-05-20 06:39:16 Config: stream-tcp: stream.reassembly "toserver-chunk-size": 2543
[1 - Suricata-Main] 2025-05-20 06:39:16 Config: stream-tcp: stream.reassembly "toclient-chunk-size": 2579
[1 - Suricata-Main] 2025-05-20 06:39:16 Config: stream-tcp: stream.reassembly.raw: enabled
[1 - Suricata-Main] 2025-05-20 06:39:16 Config: stream-tcp: stream.liberal-timestamps: disabled
[1 - Suricata-Main] 2025-05-20 06:39:16 Config: stream-tcp-reassemble: stream.reassembly "segment-prealloc": 2048
[1 - Suricata-Main] 2025-05-20 06:39:16 Config: stream-tcp-reassemble: stream.reassembly "max-regions": 8
[1 - Suricata-Main] 2025-05-20 06:39:16 Info: privs: dropped the caps for main thread
[1 - Suricata-Main] 2025-05-20 06:39:16 Info: conf: Running in live mode, activating unix socket
[1 - Suricata-Main] 2025-05-20 06:39:16 Info: logopenfile: fast output device (regular) initialized: fast.log
[1 - Suricata-Main] 2025-05-20 06:39:16 Info: logopenfile: eve-log output device (regular) initialized: eve.json
[1 - Suricata-Main] 2025-05-20 06:39:16 Config: runmodes: enabling 'eve-log' module 'alert'
[1 - Suricata-Main] 2025-05-20 06:39:16 Config: runmodes: enabling 'eve-log' module 'frame'
[1 - Suricata-Main] 2025-05-20 06:39:16 Config: runmodes: enabling 'eve-log' module 'anomaly'
[1 - Suricata-Main] 2025-05-20 06:39:16 Config: runmodes: enabling 'eve-log' module 'http'
[1 - Suricata-Main] 2025-05-20 06:39:16 Config: runmodes: enabling 'eve-log' module 'dns'
[1 - Suricata-Main] 2025-05-20 06:39:16 Config: runmodes: enabling 'eve-log' module 'tls'
[1 - Suricata-Main] 2025-05-20 06:39:16 Config: runmodes: enabling 'eve-log' module 'files'
[1 - Suricata-Main] 2025-05-20 06:39:16 Config: runmodes: enabling 'eve-log' module 'smtp'
[1 - Suricata-Main] 2025-05-20 06:39:16 Config: runmodes: enabling 'eve-log' module 'ftp'
[1 - Suricata-Main] 2025-05-20 06:39:16 Config: runmodes: enabling 'eve-log' module 'rdp'
[1 - Suricata-Main] 2025-05-20 06:39:16 Config: runmodes: enabling 'eve-log' module 'nfs'
[1 - Suricata-Main] 2025-05-20 06:39:16 Config: runmodes: enabling 'eve-log' module 'smb'
[1 - Suricata-Main] 2025-05-20 06:39:16 Config: runmodes: enabling 'eve-log' module 'tftp'
[1 - Suricata-Main] 2025-05-20 06:39:16 Config: runmodes: enabling 'eve-log' module 'ike'
[1 - Suricata-Main] 2025-05-20 06:39:16 Config: runmodes: enabling 'eve-log' module 'dcerpc'
[1 - Suricata-Main] 2025-05-20 06:39:16 Config: runmodes: enabling 'eve-log' module 'krb5'
[1 - Suricata-Main] 2025-05-20 06:39:16 Config: runmodes: enabling 'eve-log' module 'bittorrent-dht'
[1 - Suricata-Main] 2025-05-20 06:39:16 Config: runmodes: enabling 'eve-log' module 'snmp'
[1 - Suricata-Main] 2025-05-20 06:39:16 Config: runmodes: enabling 'eve-log' module 'rfb'
[1 - Suricata-Main] 2025-05-20 06:39:16 Config: runmodes: enabling 'eve-log' module 'sip'
[1 - Suricata-Main] 2025-05-20 06:39:16 Config: runmodes: enabling 'eve-log' module 'quic'
[1 - Suricata-Main] 2025-05-20 06:39:16 Config: runmodes: enabling 'eve-log' module 'dhcp'
[1 - Suricata-Main] 2025-05-20 06:39:16 Config: runmodes: enabling 'eve-log' module 'ssh'
[1 - Suricata-Main] 2025-05-20 06:39:16 Config: runmodes: enabling 'eve-log' module 'mqtt'
[1 - Suricata-Main] 2025-05-20 06:39:16 Config: runmodes: enabling 'eve-log' module 'http2'
[1 - Suricata-Main] 2025-05-20 06:39:16 Config: runmodes: enabling 'eve-log' module 'pgsql'
[1 - Suricata-Main] 2025-05-20 06:39:16 Config: runmodes: enabling 'eve-log' module 'stats'
[1 - Suricata-Main] 2025-05-20 06:39:16 Config: runmodes: enabling 'eve-log' module 'flow'
[1 - Suricata-Main] 2025-05-20 06:39:16 Info: logopenfile: stats output device (regular) initialized: stats.log
[1 - Suricata-Main] 2025-05-20 06:39:16 Config: landlock: Landlock is not enabled in configuration
[1 - Suricata-Main] 2025-05-20 06:39:16 Config: suricata: Delayed detect disabled
[1 - Suricata-Main] 2025-05-20 06:39:16 Config: detect: pattern matchers: MPM: ac, SPM: bm
[1 - Suricata-Main] 2025-05-20 06:39:16 Config: detect: grouping: tcp-whitelist (default) 53, 80, 139, 443, 445, 1433, 3306, 3389, 6666, 6667, 8080
[1 - Suricata-Main] 2025-05-20 06:39:16 Config: detect: grouping: udp-whitelist (default) 53, 135, 5060
[1 - Suricata-Main] 2025-05-20 06:39:16 Config: detect: prefilter engines: MPM
[1 - Suricata-Main] 2025-05-20 06:39:16 Config: reputation: IP reputation disabled
[1 - Suricata-Main] 2025-05-20 06:39:16 Config: detect: Loading rule file: /var/lib/suricata/rules/suricata.rules
[1 - Suricata-Main] 2025-05-20 06:39:17 Info: detect-fast-pattern: fast_pattern is ineffective with base64_data
[1 - Suricata-Main] 2025-05-20 06:39:17 Info: detect-fast-pattern: fast_pattern is ineffective with base64_data
[1 - Suricata-Main] 2025-05-20 06:39:17 Info: detect: 1 rule files processed. 42614 rules successfully loaded, 0 rules failed, 0
[1 - Suricata-Main] 2025-05-20 06:39:17 Info: threshold-config: Threshold config parsed: 0 rule(s) found
[1 - Suricata-Main] 2025-05-20 06:39:17 Info: detect: 42617 signatures processed. 1270 are IP-only rules, 4333 are inspecting packet payload, 36797 inspect application layer, 109 are decoder event only
[1 - Suricata-Main] 2025-05-20 06:39:17 Config: detect: building signature grouping structure, stage 1: preprocessing rules... complete
[1 - Suricata-Main] 2025-05-20 06:39:17 Perf: detect: TCP toserver: 41 port groups, 40 unique SGH's, 1 copies
[1 - Suricata-Main] 2025-05-20 06:39:17 Perf: detect: TCP toclient: 21 port groups, 21 unique SGH's, 0 copies
[1 - Suricata-Main] 2025-05-20 06:39:17 Perf: detect: UDP toserver: 41 port groups, 40 unique SGH's, 1 copies
[1 - Suricata-Main] 2025-05-20 06:39:17 Perf: detect: UDP toclient: 21 port groups, 17 unique SGH's, 4 copies
[1 - Suricata-Main] 2025-05-20 06:39:17 Perf: detect: OTHER toserver: 254 proto groups, 4 unique SGH's, 250 copies
[1 - Suricata-Main] 2025-05-20 06:39:17 Perf: detect: OTHER toclient: 254 proto groups, 0 unique SGH's, 254 copies
[1 - Suricata-Main] 2025-05-20 06:39:18 Perf: detect: Unique rule groups: 122
[1 - Suricata-Main] 2025-05-20 06:39:18 Perf: detect: Builtin MPM "toserver TCP packet": 31
[1 - Suricata-Main] 2025-05-20 06:39:18 Perf: detect: Builtin MPM "toclient TCP packet": 20
[1 - Suricata-Main] 2025-05-20 06:39:18 Perf: detect: Builtin MPM "toserver TCP stream": 34
[1 - Suricata-Main] 2025-05-20 06:39:18 Perf: detect: Builtin MPM "toclient TCP stream": 19
[1 - Suricata-Main] 2025-05-20 06:39:18 Perf: detect: Builtin MPM "toserver UDP packet": 40
[1 - Suricata-Main] 2025-05-20 06:39:18 Perf: detect: Builtin MPM "toclient UDP packet": 17
[1 - Suricata-Main] 2025-05-20 06:39:18 Perf: detect: Builtin MPM "other IP packet": 3
[1 - Suricata-Main] 2025-05-20 06:39:18 Perf: detect: AppLayer MPM "toserver http_uri (http)": 16
[1 - Suricata-Main] 2025-05-20 06:39:18 Perf: detect: AppLayer MPM "toserver http_uri (http2)": 16
[1 - Suricata-Main] 2025-05-20 06:39:18 Perf: detect: AppLayer MPM "toserver http_raw_uri (http)": 2
[1 - Suricata-Main] 2025-05-20 06:39:18 Perf: detect: AppLayer MPM "toserver http_raw_uri (http)": 2
[1 - Suricata-Main] 2025-05-20 06:39:18 Perf: detect: AppLayer MPM "toserver http_raw_uri (http2)": 2
[1 - Suricata-Main] 2025-05-20 06:39:18 Perf: detect: AppLayer MPM "toserver http_raw_uri (http2)": 2
[1 - Suricata-Main] 2025-05-20 06:39:18 Perf: detect: AppLayer MPM "toserver http_request_line (http)": 8
[1 - Suricata-Main] 2025-05-20 06:39:18 Perf: detect: AppLayer MPM "toserver http_request_line (http2)": 8
[1 - Suricata-Main] 2025-05-20 06:39:18 Perf: detect: AppLayer MPM "toserver http_client_body (http)": 14
[1 - Suricata-Main] 2025-05-20 06:39:18 Perf: detect: AppLayer MPM "toserver http_client_body (http)": 2
[1 - Suricata-Main] 2025-05-20 06:39:18 Perf: detect: AppLayer MPM "toserver http_client_body (http2)": 14
[1 - Suricata-Main] 2025-05-20 06:39:18 Perf: detect: AppLayer MPM "toserver http_client_body (http2)": 2
[1 - Suricata-Main] 2025-05-20 06:39:18 Perf: detect: AppLayer MPM "toclient http_response_line (http)": 2
[1 - Suricata-Main] 2025-05-20 06:39:18 Perf: detect: AppLayer MPM "toclient http_response_line (http2)": 2
[1 - Suricata-Main] 2025-05-20 06:39:18 Perf: detect: AppLayer MPM "toserver http_header (http)": 10
[1 - Suricata-Main] 2025-05-20 06:39:18 Perf: detect: AppLayer MPM "toserver http_header (http)": 1
[1 - Suricata-Main] 2025-05-20 06:39:18 Perf: detect: AppLayer MPM "toserver http_header (http)": 4
[1 - Suricata-Main] 2025-05-20 06:39:18 Perf: detect: AppLayer MPM "toserver http_header (http)": 4
[1 - Suricata-Main] 2025-05-20 06:39:18 Perf: detect: AppLayer MPM "toserver http_header (http)": 10
[1 - Suricata-Main] 2025-05-20 06:39:18 Perf: detect: AppLayer MPM "toclient http_header (http)": 10
[1 - Suricata-Main] 2025-05-20 06:39:18 Perf: detect: AppLayer MPM "toclient http_header (http)": 1
[1 - Suricata-Main] 2025-05-20 06:39:18 Perf: detect: AppLayer MPM "toclient http_header (http)": 4
[1 - Suricata-Main] 2025-05-20 06:39:18 Perf: detect: AppLayer MPM "toclient http_header (http)": 4
[1 - Suricata-Main] 2025-05-20 06:39:18 Perf: detect: AppLayer MPM "toclient http_header (http)": 10
[1 - Suricata-Main] 2025-05-20 06:39:18 Perf: detect: AppLayer MPM "toserver http_header (http2)": 10
[1 - Suricata-Main] 2025-05-20 06:39:18 Perf: detect: AppLayer MPM "toserver http_header (http2)": 1
[1 - Suricata-Main] 2025-05-20 06:39:18 Perf: detect: AppLayer MPM "toserver http_header (http2)": 4
[1 - Suricata-Main] 2025-05-20 06:39:18 Perf: detect: AppLayer MPM "toserver http_header (http2)": 4
[1 - Suricata-Main] 2025-05-20 06:39:18 Perf: detect: AppLayer MPM "toserver http_header (http2)": 10
[1 - Suricata-Main] 2025-05-20 06:39:18 Perf: detect: AppLayer MPM "toclient http_header (http2)": 10
[1 - Suricata-Main] 2025-05-20 06:39:18 Perf: detect: AppLayer MPM "toclient http_header (http2)": 1
[1 - Suricata-Main] 2025-05-20 06:39:18 Perf: detect: AppLayer MPM "toclient http_header (http2)": 4
[1 - Suricata-Main] 2025-05-20 06:39:18 Perf: detect: AppLayer MPM "toclient http_header (http2)": 4
[1 - Suricata-Main] 2025-05-20 06:39:18 Perf: detect: AppLayer MPM "toclient http_header (http2)": 10
[1 - Suricata-Main] 2025-05-20 06:39:18 Perf: detect: AppLayer MPM "toserver http_request_header (http2)": 2
[1 - Suricata-Main] 2025-05-20 06:39:18 Perf: detect: AppLayer MPM "toserver http_request_header (http2)": 4
[1 - Suricata-Main] 2025-05-20 06:39:18 Perf: detect: AppLayer MPM "toserver http_request_header (http)": 2
[1 - Suricata-Main] 2025-05-20 06:39:18 Perf: detect: AppLayer MPM "toserver http_request_header (http)": 4
[1 - Suricata-Main] 2025-05-20 06:39:18 Perf: detect: AppLayer MPM "toclient http_response_header (http2)": 2
[1 - Suricata-Main] 2025-05-20 06:39:18 Perf: detect: AppLayer MPM "toclient http_response_header (http2)": 2
[1 - Suricata-Main] 2025-05-20 06:39:18 Perf: detect: AppLayer MPM "toclient http_response_header (http2)": 2
[1 - Suricata-Main] 2025-05-20 06:39:18 Perf: detect: AppLayer MPM "toclient http_response_header (http2)": 2
[1 - Suricata-Main] 2025-05-20 06:39:18 Perf: detect: AppLayer MPM "toclient http_response_header (http)": 2
[1 - Suricata-Main] 2025-05-20 06:39:18 Perf: detect: AppLayer MPM "toclient http_response_header (http)": 2
[1 - Suricata-Main] 2025-05-20 06:39:18 Perf: detect: AppLayer MPM "toclient http_response_header (http)": 2
[1 - Suricata-Main] 2025-05-20 06:39:18 Perf: detect: AppLayer MPM "toclient http_response_header (http)": 2
[1 - Suricata-Main] 2025-05-20 06:39:18 Perf: detect: AppLayer MPM "toserver http_header_names (http)": 11
[1 - Suricata-Main] 2025-05-20 06:39:18 Perf: detect: AppLayer MPM "toserver http_header_names (http)": 1
[1 - Suricata-Main] 2025-05-20 06:39:18 Perf: detect: AppLayer MPM "toserver http_header_names (http)": 2
[1 - Suricata-Main] 2025-05-20 06:39:18 Perf: detect: AppLayer MPM "toserver http_header_names (http)": 4
[1 - Suricata-Main] 2025-05-20 06:39:18 Perf: detect: AppLayer MPM "toserver http_header_names (http)": 8
[1 - Suricata-Main] 2025-05-20 06:39:18 Perf: detect: AppLayer MPM "toclient http_header_names (http)": 11
[1 - Suricata-Main] 2025-05-20 06:39:18 Perf: detect: AppLayer MPM "toclient http_header_names (http)": 1
[1 - Suricata-Main] 2025-05-20 06:39:18 Perf: detect: AppLayer MPM "toclient http_header_names (http)": 2
[1 - Suricata-Main] 2025-05-20 06:39:18 Perf: detect: AppLayer MPM "toclient http_header_names (http)": 4
[1 - Suricata-Main] 2025-05-20 06:39:18 Perf: detect: AppLayer MPM "toclient http_header_names (http)": 8
[1 - Suricata-Main] 2025-05-20 06:39:18 Perf: detect: AppLayer MPM "toserver http_header_names (http2)": 11
[1 - Suricata-Main] 2025-05-20 06:39:18 Perf: detect: AppLayer MPM "toserver http_header_names (http2)": 1
[1 - Suricata-Main] 2025-05-20 06:39:18 Perf: detect: AppLayer MPM "toserver http_header_names (http2)": 2
[1 - Suricata-Main] 2025-05-20 06:39:18 Perf: detect: AppLayer MPM "toserver http_header_names (http2)": 4
[1 - Suricata-Main] 2025-05-20 06:39:18 Perf: detect: AppLayer MPM "toserver http_header_names (http2)": 8
[1 - Suricata-Main] 2025-05-20 06:39:18 Perf: detect: AppLayer MPM "toclient http_header_names (http2)": 11
[1 - Suricata-Main] 2025-05-20 06:39:18 Perf: detect: AppLayer MPM "toclient http_header_names (http2)": 1
[1 - Suricata-Main] 2025-05-20 06:39:18 Perf: detect: AppLayer MPM "toclient http_header_names (http2)": 2
[1 - Suricata-Main] 2025-05-20 06:39:18 Perf: detect: AppLayer MPM "toclient http_header_names (http2)": 4
[1 - Suricata-Main] 2025-05-20 06:39:18 Perf: detect: AppLayer MPM "toclient http_header_names (http2)": 8
[1 - Suricata-Main] 2025-05-20 06:39:18 Perf: detect: AppLayer MPM "toserver http_accept (http)": 8
[1 - Suricata-Main] 2025-05-20 06:39:18 Perf: detect: AppLayer MPM "toserver http_accept (http2)": 8
[1 - Suricata-Main] 2025-05-20 06:39:18 Perf: detect: AppLayer MPM "toserver http_accept_enc (http)": 2
[1 - Suricata-Main] 2025-05-20 06:39:18 Perf: detect: AppLayer MPM "toserver http_accept_enc (http2)": 2
[1 - Suricata-Main] 2025-05-20 06:39:18 Perf: detect: AppLayer MPM "toserver http_accept_lang (http)": 2
[1 - Suricata-Main] 2025-05-20 06:39:18 Perf: detect: AppLayer MPM "toserver http_accept_lang (http2)": 2
[1 - Suricata-Main] 2025-05-20 06:39:18 Perf: detect: AppLayer MPM "toserver http_referer (http)": 2
[1 - Suricata-Main] 2025-05-20 06:39:18 Perf: detect: AppLayer MPM "toserver http_referer (http2)": 2
[1 - Suricata-Main] 2025-05-20 06:39:18 Perf: detect: AppLayer MPM "toserver http_connection (http)": 2
[1 - Suricata-Main] 2025-05-20 06:39:18 Perf: detect: AppLayer MPM "toserver http_connection (http2)": 2
[1 - Suricata-Main] 2025-05-20 06:39:18 Perf: detect: AppLayer MPM "toclient http_connection (http)": 2
[1 - Suricata-Main] 2025-05-20 06:39:18 Perf: detect: AppLayer MPM "toclient http_connection (http2)": 2
[1 - Suricata-Main] 2025-05-20 06:39:18 Perf: detect: AppLayer MPM "toserver http_content_len (http)": 4
[1 - Suricata-Main] 2025-05-20 06:39:18 Perf: detect: AppLayer MPM "toserver http_content_len (http2)": 4
[1 - Suricata-Main] 2025-05-20 06:39:18 Perf: detect: AppLayer MPM "toclient http_content_len (http)": 4
[1 - Suricata-Main] 2025-05-20 06:39:18 Perf: detect: AppLayer MPM "toclient http_content_len (http2)": 4
[1 - Suricata-Main] 2025-05-20 06:39:18 Perf: detect: AppLayer MPM "toserver http_content_type (http)": 4
[1 - Suricata-Main] 2025-05-20 06:39:18 Perf: detect: AppLayer MPM "toserver http_content_type (http2)": 4
[1 - Suricata-Main] 2025-05-20 06:39:18 Perf: detect: AppLayer MPM "toclient http_content_type (http)": 4
[1 - Suricata-Main] 2025-05-20 06:39:18 Perf: detect: AppLayer MPM "toclient http_content_type (http2)": 4
[1 - Suricata-Main] 2025-05-20 06:39:18 Perf: detect: AppLayer MPM "toclient http.server (http)": 4
[1 - Suricata-Main] 2025-05-20 06:39:18 Perf: detect: AppLayer MPM "toclient http.server (http2)": 4
[1 - Suricata-Main] 2025-05-20 06:39:18 Perf: detect: AppLayer MPM "toclient http.location (http)": 2
[1 - Suricata-Main] 2025-05-20 06:39:18 Perf: detect: AppLayer MPM "toclient http.location (http2)": 2
[1 - Suricata-Main] 2025-05-20 06:39:18 Perf: detect: AppLayer MPM "toserver http_start (http)": 6
[1 - Suricata-Main] 2025-05-20 06:39:18 Perf: detect: AppLayer MPM "toclient http_start (http)": 6
[1 - Suricata-Main] 2025-05-20 06:39:18 Perf: detect: AppLayer MPM "toserver http_raw_header (http)": 4
[1 - Suricata-Main] 2025-05-20 06:39:18 Perf: detect: AppLayer MPM "toserver http_raw_header (http)": 2
[1 - Suricata-Main] 2025-05-20 06:39:18 Perf: detect: AppLayer MPM "toserver http_raw_header (http)": 4
[1 - Suricata-Main] 2025-05-20 06:39:18 Perf: detect: AppLayer MPM "toclient http_raw_header (http)": 4
[1 - Suricata-Main] 2025-05-20 06:39:18 Perf: detect: AppLayer MPM "toclient http_raw_header (http)": 2
[1 - Suricata-Main] 2025-05-20 06:39:18 Perf: detect: AppLayer MPM "toclient http_raw_header (http)": 4
[1 - Suricata-Main] 2025-05-20 06:39:18 Perf: detect: AppLayer MPM "toserver http_raw_header (http2)": 4
[1 - Suricata-Main] 2025-05-20 06:39:18 Perf: detect: AppLayer MPM "toserver http_raw_header (http2)": 2
[1 - Suricata-Main] 2025-05-20 06:39:18 Perf: detect: AppLayer MPM "toserver http_raw_header (http2)": 4
[1 - Suricata-Main] 2025-05-20 06:39:18 Perf: detect: AppLayer MPM "toclient http_raw_header (http2)": 4
[1 - Suricata-Main] 2025-05-20 06:39:18 Perf: detect: AppLayer MPM "toclient http_raw_header (http2)": 2
[1 - Suricata-Main] 2025-05-20 06:39:18 Perf: detect: AppLayer MPM "toclient http_raw_header (http2)": 4
[1 - Suricata-Main] 2025-05-20 06:39:18 Perf: detect: AppLayer MPM "toserver http_method (http)": 4
[1 - Suricata-Main] 2025-05-20 06:39:18 Perf: detect: AppLayer MPM "toserver http_method (http2)": 4
[1 - Suricata-Main] 2025-05-20 06:39:18 Perf: detect: AppLayer MPM "toserver http_cookie (http)": 8
[1 - Suricata-Main] 2025-05-20 06:39:18 Perf: detect: AppLayer MPM "toclient http_cookie (http)": 8
[1 - Suricata-Main] 2025-05-20 06:39:18 Perf: detect: AppLayer MPM "toserver http_cookie (http2)": 8
[1 - Suricata-Main] 2025-05-20 06:39:18 Perf: detect: AppLayer MPM "toclient http_cookie (http2)": 8
[1 - Suricata-Main] 2025-05-20 06:39:18 Perf: detect: AppLayer MPM "toserver http_user_agent (http)": 15
[1 - Suricata-Main] 2025-05-20 06:39:18 Perf: detect: AppLayer MPM "toserver http_user_agent (http2)": 15
[1 - Suricata-Main] 2025-05-20 06:39:18 Perf: detect: AppLayer MPM "toserver http_host (http)": 2
[1 - Suricata-Main] 2025-05-20 06:39:18 Perf: detect: AppLayer MPM "toserver http_host (http)": 4
[1 - Suricata-Main] 2025-05-20 06:39:18 Perf: detect: AppLayer MPM "toserver http_host (http2)": 2
[1 - Suricata-Main] 2025-05-20 06:39:18 Perf: detect: AppLayer MPM "toserver http_host (http2)": 4
[1 - Suricata-Main] 2025-05-20 06:39:18 Perf: detect: AppLayer MPM "toserver http_raw_host (http)": 2
[1 - Suricata-Main] 2025-05-20 06:39:18 Perf: detect: AppLayer MPM "toserver http_raw_host (http2)": 2
[1 - Suricata-Main] 2025-05-20 06:39:18 Perf: detect: AppLayer MPM "toclient http_stat_code (http)": 4
[1 - Suricata-Main] 2025-05-20 06:39:18 Perf: detect: AppLayer MPM "toclient http_stat_code (http2)": 4
[1 - Suricata-Main] 2025-05-20 06:39:18 Perf: detect: AppLayer MPM "toserver dns_query (dns)": 2
[1 - Suricata-Main] 2025-05-20 06:39:18 Perf: detect: AppLayer MPM "toserver dns_query (dns)": 1
[1 - Suricata-Main] 2025-05-20 06:39:18 Perf: detect: AppLayer MPM "toserver tls.sni (tls)": 3
[1 - Suricata-Main] 2025-05-20 06:39:18 Perf: detect: AppLayer MPM "toserver tls.sni (tls)": 1
[1 - Suricata-Main] 2025-05-20 06:39:18 Perf: detect: AppLayer MPM "toserver tls.cert_issuer (tls)": 6
[1 - Suricata-Main] 2025-05-20 06:39:18 Perf: detect: AppLayer MPM "toclient tls.cert_issuer (tls)": 6
[1 - Suricata-Main] 2025-05-20 06:39:18 Perf: detect: AppLayer MPM "toserver tls.cert_subject (tls)": 4
[1 - Suricata-Main] 2025-05-20 06:39:18 Perf: detect: AppLayer MPM "toclient tls.cert_subject (tls)": 4
[1 - Suricata-Main] 2025-05-20 06:39:18 Perf: detect: AppLayer MPM "toclient tls.cert_serial (tls)": 2
[1 - Suricata-Main] 2025-05-20 06:39:18 Perf: detect: AppLayer MPM "toserver tls.cert_serial (tls)": 2
[1 - Suricata-Main] 2025-05-20 06:39:18 Perf: detect: AppLayer MPM "toclient tls.cert_fingerprint (tls)": 1
[1 - Suricata-Main] 2025-05-20 06:39:18 Perf: detect: AppLayer MPM "toserver tls.cert_fingerprint (tls)": 1
[1 - Suricata-Main] 2025-05-20 06:39:18 Perf: detect: AppLayer MPM "toclient tls.certs (tls)": 2
[1 - Suricata-Main] 2025-05-20 06:39:18 Perf: detect: AppLayer MPM "toserver tls.certs (tls)": 2
[1 - Suricata-Main] 2025-05-20 06:39:18 Perf: detect: AppLayer MPM "toserver ja3.hash (tls)": 2
[1 - Suricata-Main] 2025-05-20 06:39:18 Perf: detect: AppLayer MPM "toserver ja3.hash (quic)": 2
[1 - Suricata-Main] 2025-05-20 06:39:18 Perf: detect: AppLayer MPM "toclient ja3s.hash (tls)": 1
[1 - Suricata-Main] 2025-05-20 06:39:18 Perf: detect: AppLayer MPM "toclient ja3s.hash (quic)": 1
[1 - Suricata-Main] 2025-05-20 06:39:18 Perf: detect: AppLayer MPM "toserver ssh.proto (ssh)": 1
[1 - Suricata-Main] 2025-05-20 06:39:18 Perf: detect: AppLayer MPM "toclient ssh.proto (ssh)": 1
[1 - Suricata-Main] 2025-05-20 06:39:18 Perf: detect: AppLayer MPM "toclient file_data (nfs)": 17
[1 - Suricata-Main] 2025-05-20 06:39:18 Perf: detect: AppLayer MPM "toclient file_data (nfs)": 2
[1 - Suricata-Main] 2025-05-20 06:39:18 Perf: detect: AppLayer MPM "toserver file_data (nfs)": 17
[1 - Suricata-Main] 2025-05-20 06:39:18 Perf: detect: AppLayer MPM "toserver file_data (nfs)": 2
[1 - Suricata-Main] 2025-05-20 06:39:18 Perf: detect: AppLayer MPM "toclient file_data (smb)": 17
[1 - Suricata-Main] 2025-05-20 06:39:18 Perf: detect: AppLayer MPM "toclient file_data (smb)": 2
[1 - Suricata-Main] 2025-05-20 06:39:18 Perf: detect: AppLayer MPM "toserver file_data (smb)": 17
[1 - Suricata-Main] 2025-05-20 06:39:18 Perf: detect: AppLayer MPM "toserver file_data (smb)": 2
[1 - Suricata-Main] 2025-05-20 06:39:18 Perf: detect: AppLayer MPM "toclient file_data (ftp)": 17
[1 - Suricata-Main] 2025-05-20 06:39:18 Perf: detect: AppLayer MPM "toclient file_data (ftp)": 2
[1 - Suricata-Main] 2025-05-20 06:39:18 Perf: detect: AppLayer MPM "toserver file_data (ftp)": 17
[1 - Suricata-Main] 2025-05-20 06:39:18 Perf: detect: AppLayer MPM "toserver file_data (ftp)": 2
[1 - Suricata-Main] 2025-05-20 06:39:18 Perf: detect: AppLayer MPM "toclient file_data (ftp-data)": 17
[1 - Suricata-Main] 2025-05-20 06:39:18 Perf: detect: AppLayer MPM "toclient file_data (ftp-data)": 2
[1 - Suricata-Main] 2025-05-20 06:39:18 Perf: detect: AppLayer MPM "toserver file_data (ftp-data)": 17
[1 - Suricata-Main] 2025-05-20 06:39:18 Perf: detect: AppLayer MPM "toserver file_data (ftp-data)": 2
[1 - Suricata-Main] 2025-05-20 06:39:18 Perf: detect: AppLayer MPM "toclient file_data (http)": 17
[1 - Suricata-Main] 2025-05-20 06:39:18 Perf: detect: AppLayer MPM "toclient file_data (http)": 2
[1 - Suricata-Main] 2025-05-20 06:39:18 Perf: detect: AppLayer MPM "toserver file_data (http)": 17
[1 - Suricata-Main] 2025-05-20 06:39:18 Perf: detect: AppLayer MPM "toserver file_data (http)": 2
[1 - Suricata-Main] 2025-05-20 06:39:18 Perf: detect: AppLayer MPM "toclient file_data (http2)": 17
[1 - Suricata-Main] 2025-05-20 06:39:18 Perf: detect: AppLayer MPM "toclient file_data (http2)": 2
[1 - Suricata-Main] 2025-05-20 06:39:18 Perf: detect: AppLayer MPM "toserver file_data (http2)": 17
[1 - Suricata-Main] 2025-05-20 06:39:18 Perf: detect: AppLayer MPM "toserver file_data (http2)": 2
[1 - Suricata-Main] 2025-05-20 06:39:18 Perf: detect: AppLayer MPM "toserver file_data (smtp)": 17
[1 - Suricata-Main] 2025-05-20 06:39:18 Perf: detect: AppLayer MPM "toserver file_data (smtp)": 2
[1 - Suricata-Main] 2025-05-20 06:39:18 Perf: detect: Pkt MPM "icmpv6.hdr": 1
[1 - Suricata-Main] 2025-05-20 06:39:18 Perf: detect: Pkt MPM "ipv6.hdr": 1
[1 - Suricata-Main] 2025-05-20 06:39:20 Config: af-packet: enp0s3: using flow cluster mode for AF_PACKET
[1 - Suricata-Main] 2025-05-20 06:39:20 Perf: af-packet: enp0s3: cluster_flow: 5 cores, using 5 threads
[1 - Suricata-Main] 2025-05-20 06:39:20 Perf: ioctl: enp0s3: disabling gro offloading
[1 - Suricata-Main] 2025-05-20 06:39:20 Perf: ioctl: enp0s3: disabling tso offloading
[1 - Suricata-Main] 2025-05-20 06:39:20 Perf: ioctl: enp0s3: disabling gso offloading
[1 - Suricata-Main] 2025-05-20 06:39:20 Perf: ioctl: enp0s3: disabling sg offloading
[1 - Suricata-Main] 2025-05-20 06:39:20 Warning: af-packet: enp0s3: AF_PACKET tpacket-v3 is recommended for non-inline operation
[1 - Suricata-Main] 2025-05-20 06:39:20 Info: runmodes: enp0s3: creating 5 threads
[1 - Suricata-Main] 2025-05-20 06:39:20 Config: flow-manager: using 1 flow manager threads
[1 - Suricata-Main] 2025-05-20 06:39:20 Config: flow-manager: using 1 flow recycler threads
[1 - Suricata-Main] 2025-05-20 06:39:20 Info: unix-manager: unix socket '/var/run/suricata/suricata-command.socket'
[20 - W#01-enp0s3] 2025-05-20 06:39:20 Config: af-packet: enp0s3: defrag enabled, setting snaplen to 9216
[20 - W#01-enp0s3] 2025-05-20 06:39:20 Perf: af-packet: enp0s3: rx ring: block_size=131072 block_nr=30 frame_size=9296 frame_nr=420
[21 - W#02-enp0s3] 2025-05-20 06:39:20 Config: af-packet: enp0s3: defrag enabled, setting snaplen to 9216
[21 - W#02-enp0s3] 2025-05-20 06:39:20 Perf: af-packet: enp0s3: rx ring: block_size=131072 block_nr=30 frame_size=9296 frame_nr=420
[22 - W#03-enp0s3] 2025-05-20 06:39:21 Config: af-packet: enp0s3: defrag enabled, setting snaplen to 9216
[22 - W#03-enp0s3] 2025-05-20 06:39:21 Perf: af-packet: enp0s3: rx ring: block_size=131072 block_nr=30 frame_size=9296 frame_nr=420
[23 - W#04-enp0s3] 2025-05-20 06:39:21 Config: af-packet: enp0s3: defrag enabled, setting snaplen to 9216
[23 - W#04-enp0s3] 2025-05-20 06:39:21 Perf: af-packet: enp0s3: rx ring: block_size=131072 block_nr=30 frame_size=9296 frame_nr=420
[24 - W#05-enp0s3] 2025-05-20 06:39:21 Config: af-packet: enp0s3: defrag enabled, setting snaplen to 9216
[24 - W#05-enp0s3] 2025-05-20 06:39:21 Perf: af-packet: enp0s3: rx ring: block_size=131072 block_nr=30 frame_size=9296 frame_nr=420
[1 - Suricata-Main] 2025-05-20 06:39:21 Notice: threads: Threads created -> W: 5 FM: 1 FR: 1   Engine started.
